isSolved,promptMode,What aspects (if any) of this puzzle were easy?,numClears,levelMode,numIncorrect,userId,This was an activity that I couldn't do very well,How confident are you in solving similar types of puzzles/problems?,Did solving this puzzle make you feel smart? Why or why not?,"After working at this activity for awhile, I felt pretty competent",_id,The mental challenges in this puzzle had an impact on how I played.,The puzzle stimulated my brain.,"I think I did pretty well at this activity, compared to other people",The puzzle made me draw on all of my mental resources.,I was pretty skilled at this activity,The puzzle required a lot of mental gymnastics.,The puzzle was cognitively demanding.,numAttempts,pid,I had to think very hard when playing the puzzle.,logicExp,I think I am pretty good at this activity,totalTime,I am satisfied with my performance at this task,What aspects (if any) of this puzzle were hard?,gridExp,clearMistakes,This puzzle doesn’t require a lot of mental effort.,numCorrect
True,none,Understanding the grid and it's layout,0,not_scaffolded,0,689b59c9a86babb31d8ead7f,2,Semi-confident,"No, because it was challenging. ",5,689b5a0a6bc6c32c3cb589a9,6,6,4,5,4,6,6,1,help1.3,6,2,4,184681,3,Breaking down the hints,2,False,1,14
False,none,The hint's were difficult to understand ,0,not_scaffolded,4,689b59c9a86babb31d8ead7f,5,semi-confident,"No, I am not confident I was right. ",2,689b5b0de277e93fe1ec8cbd,6,6,4,3,3,6,6,1,help2.1,6,2,3,163912,4,The hints,2,False,1,12
False,none,Lots of wording,1,not_scaffolded,14,689b59c9a86babb31d8ead7f,6,Not confiednt,"No, I didn't solve it",2,689b5bf2bf57147ba865e0f6,6,6,2,6,2,6,6,1,hub2.2,6,2,2,287694,2,The hints were hard to understand,2,False,1,34
True,none,It was simple and I only had to match couple of items. ,0,not_scaffolded,0,689b59cca86babb31d8ead80,2,Quite confident because I love doing puzzles. ,A little bit because I felt accomplished and good after solving the puzzle. ,5,689b59f5a0fabb1a65c09953,3,5,4,2,4,1,1,1,help1.2,2,2,4,137628,5,I had to convert my thinking from other things and get used to the task,2,False,5,5
True,none,It was simple,0,not_scaffolded,0,689b59cca86babb31d8ead80,2,Quite confident because I love doing it. ,Yes because I felt accomplished and competent after successfully finish the puzzle. ,5,689b5b21019f5c8e27d85246,3,5,4,2,5,2,2,1,help2.2,2,2,4,132783,5,Nothing. It was quite easy,2,False,5,4
True,none,It was simple and not a lot of ingredients to match.,0,not_scaffolded,0,689b59cca86babb31d8ead80,2,Quite confident because I love doing it and did it a couple of times before. ,Yes because this one was harder and I did it. ,5,689b5c249edb233177c6e9d2,4,5,4,4,5,4,5,1,hub2.3,5,2,4,217586,5,More items and requirements to deal with.,2,False,3,12
True,none,n/a,0,hub,0,689b59cca0fabb1a65c09952,2,Fairly confident. ,"Yes, it was a tricky puzzle and not everyone can solve it. ",6,689b59f1e277e93fe1ec8cb9,6,6,6,6,6,6,6,1,hub2.3,6,2,6,307158,6,Connecting numerous attributes with little hints and making inferences. ,1,False,2,48
True,none,There were few choices and the clues were very easy to follow.,0,scaffolded,0,689b59d0bf57147ba865e0f2,2,Somewhat confident.,"No, because it was a really easy logic puzzle so I suspect everyone could have figured it out.",6,689b59eba71d0d49580fc5ba,5,6,5,3,5,2,3,1,spoke1.1,2,2,5,23036,7,None.,2,False,5,4
True,none,Few choices and easy to follow clues.,0,scaffolded,0,689b59d0bf57147ba865e0f2,1,Somewhat confident.,No because it was super easy.,6,689b5a44019f5c8e27d85244,5,5,5,2,5,2,3,1,spoke1.3,2,2,5,16086,5,None.,2,False,5,4
True,none,Having the grey circle made it easy to make a guess.,0,scaffolded,0,689b59d0bf57147ba865e0f2,2,Confident.,Yes because it was hard and my first guess was correct.,6,689b5a7ea86babb31d8ead84,6,7,6,5,6,6,7,1,hub2.1,6,2,5,144258,6,"There were no certainties, at one point I had to make a guess.",2,False,2,12
False,generic,Understanding the puzzle and completing it.,0,not_scaffolded,4,689b59d06bc6c32c3cb589a5,1,I am confident in doing so.,Yes because I compherended the task.,7,689b59de9edb233177c6e9ca,2,6,6,2,7,2,6,1,help1.2,2,2,6,118487,6,Nothing was hard about the puzzle.,2,False,6,12
False,generic,Understanding the statements ,0,not_scaffolded,3,689b59d06bc6c32c3cb589a5,1,I am confident in doing so.,Yes because I compherended the puzzle.,7,689b5a9b6b15704ebfa4ae71,1,7,7,1,7,1,1,1,help2.3,1,2,7,56037,7,None were hard,2,False,7,13
False,generic,Compherending the statements,0,not_scaffolded,3,689b59d06bc6c32c3cb589a5,6,I am fairly confident in doing so,Yes because I understood the puzzle.,5,689b5b0f6b15704ebfa4ae75,6,3,6,6,7,5,5,1,hub2.2,5,2,5,68165,6,Placing the markers,2,False,7,17
False,generic,nothing,0,not_scaffolded,0,689b59d06bc6c32c3cb589a6,5,no very confident,no because I failed,2,689b5a0ee277e93fe1ec8cba,3,5,2,4,3,4,6,1,help1.2,5,2,3,52115,3,the clues were hard,1,False,5,2
False,generic,none,0,not_scaffolded,1,689b59d06bc6c32c3cb589a6,2,not very,no because i failed,2,689b5ab22b3db56c9ca8f96d,2,5,2,4,2,6,6,1,help2.3,6,2,2,16381,2,teh clues,1,False,2,1
False,generic,,0,not_scaffolded,3,689b59d06bc6c32c3cb589a6,,,,,689b5b0d7163696805b56fa7,,,,,,,,1,hub2.2,,2,,7404,,,1,False,,4
False,generic,,0,scaffolded,0,689b59d06bc6c32c3cb589a7,7,I generally think these seem pretty simple. (I have seen ads for games similar to this),"No, but it also did not make me feel less smart either. It's a silly little puzzle, I think I needed to see someone do one before making my own attempt.",2,689b5a0c7163696805b56fa3,6,7,1,5,1,7,6,1,spoke1.3,7,1,1,27335,1,"I felt a little unaware of where to begin. I think the instructions were a bit confusing, or I have just never done this type of puzzle before and had no idea what I was doing.",2,False,2,0
False,generic,,0,scaffolded,0,689b59d06bc6c32c3cb589a7,,,,,689b5ab09edb233177c6e9d0,,,,,,,,1,spoke2.2,,1,,12541,,,2,False,,1
True,relevant,There were only a few choices so it was easy to elliminate.,0,not_scaffolded,0,689b59d16bc6c32c3cb589a8,1,Usually not very confident.,It made me feel smart because I could solve it.,7,689b59f9019f5c8e27d85243,1,3,6,1,6,1,1,1,help1.1,1,2,6,62322,7,Not really any,2,False,6,16
True,relevant,All of it,0,not_scaffolded,0,689b59d16bc6c32c3cb589a8,1,Feeling more confident now than in the past.  ,A little- I am usually not good at these puzzles.,7,689b5a9b6b15704ebfa4ae72,1,1,7,1,7,1,1,1,help2.3,1,2,7,920202,7,Nothing,2,False,7,15
False,relevant,It was harder with three charts to fill out instead of just one.  ,0,not_scaffolded,3,689b59d16bc6c32c3cb589a8,7,Not very- I can never get these right.,Pretty ignorant!,2,689b5e65bf57147ba865e0f9,7,7,2,7,2,7,7,1,hub2.1,7,2,2,209661,2,There were many different variables.,2,False,1,21
False,generic,"very brain stimulating, not easy.",0,scaffolded,4,689b59d25b369118e14b6023,7,not confident at all.,"no, it made me feel like I couldn't do it when other people could.",2,689b59e19edb233177c6e9cc,6,7,1,6,1,7,6,1,spoke1.3,7,1,1,26485,2,picking a spot ,1,False,7,0
False,generic,"very brain stimulating, not easy.",0,scaffolded,0,689b59d25b369118e14b6023,7,not confident at all.,"no, it made me feel like I couldn't do it when other people could.",2,689b5a596bc6c32c3cb589aa,6,7,1,6,1,7,6,1,spoke1.3,7,1,1,0,2,picking a spot ,1,False,7,0
True,none,reading the clues and understanding them ,0,scaffolded,0,689b59e09edb233177c6e9cb,1,im not very confident about trying more puzzels ,cause i always underestimate myself.,7,689b5a2d9edb233177c6e9cd,4,7,4,6,5,4,1,1,spoke1.1,3,1,4,117604,7,nothing that i can think of ,1,False,2,4
True,none,reading and figuring out the anwsers,0,scaffolded,0,689b59e09edb233177c6e9cb,2,not very confident,still doubting my skills ,6,689b5b217163696805b56fa8,4,6,4,4,4,5,4,1,spoke1.3,5,1,6,61253,6,none i can think of ,1,False,4,4
True,none,the reading of clues,1,scaffolded,0,689b59e09edb233177c6e9cb,3,not very ,kinda ,4,689b5bc2019f5c8e27d85249,4,7,2,7,3,7,7,1,hub2.2,7,1,2,304842,7,figuring out all the chart marks ,1,False,1,12
False,none,It was just too hard.,0,hub,4,689b59eba71d0d49580fc5bb,7,No confident at all. ,No.  I couldn't. ,1,689b5a24e43f28b7845d3cbb,7,7,1,7,1,7,7,1,hub2.3,7,1,1,424671,1,All of it. Trying to figure out what came when and what it was.,1,False,1,41
False,generic,It was hard because both options seemed reasonable.,1,not_scaffolded,0,689b59ebe43f28b7845d3cba,2,"I’m not very confident, because I found this one challenging and would probably struggle with similar puzzles.","No, it didn’t really make me feel smart because I found it tricky and wasn’t confident in my answers.",3,689b5a29a0fabb1a65c09954,5,5,2,5,2,5,5,1,help1.1,5,2,2,32988,2, The hard part was figuring out where to place the X’s and O’s.,1,False,2,0
False,generic,,0,not_scaffolded,0,689b59ebe43f28b7845d3cba,,,,,689b5b4b6bc6c32c3cb589ab,,,,,,,,1,help2.1,,2,,6868,,,1,False,,0
True,generic,the hints made it easy,1,not_scaffolded,0,689b59ef7163696805b56fa2,2,pretty confidant,a little because it makes me reach conclusions,6,689b5a12e277e93fe1ec8cbb,3,5,5,3,4,3,3,1,help1.2,2,1,6,147637,4,none,1,False,3,5
True,generic,the hints made it easier ,0,not_scaffolded,0,689b59ef7163696805b56fa2,5,confident,a little ,5,689b5aef6b15704ebfa4ae74,4,6,4,3,5,2,5,1,help2.3,2,1,4,96294,5,figuring out the shade for each plant,1,False,3,4
False,generic,was not easy ,0,not_scaffolded,8,689b59ef7163696805b56fa2,3,not very confident,no i could not solve it ,4,689b5b8ec87adf49dde11941,5,5,4,5,3,5,5,1,hub2.1,5,1,3,129164,3,it was too many options ,1,False,5,2
False,relevant,Some of the initial clues were really simple to figure out,0,hub,4,689b59fcbf57147ba865e0f3,4,I enjoy them but don't know whether I'm any good at it.,"No, I failed to finish it.",3,689b5a3818c78be5400846eb,5,7,3,5,4,6,6,1,hub2.1,6,2,5,434919,4,It didn't feel like there were enough clues to make solid guesses,2,False,4,28
False,relevant,,0,scaffolded,0,689b5a04a86babb31d8ead81,,,,,689b5a30bf57147ba865e0f4,,,,,,,,1,spoke1.1,,2,,0,,,1,False,,0
False,none,"The hints were clearly stated and logically connected. For example, there were direct rules like ""Alfredo goes on Bowtie."" 

It was easy to eliminate impossible pairings; for instance, Shells cannot go with Tomato.",0,not_scaffolded,2,689b5a19a71d0d49580fc5bc,7,Very confident. This type of systematic elimination works well with structured problem solving.,"Yes, figuring out the right pairings from a few clues needed logical thinking and careful attention to detail.",6,689b5b6018c78be5400846ed,1,7,4,7,2,7,7,1,help1.1,7,2,3,743979,5,"               Resolving the ""either/or"" hint (Hint 1) required checking both possibilities. This took some time. 

Ensuring there were no conflicts between hints, such as Shells avoiding Tomato and Alfredo, needed careful verification.",1,False,1,0
False,none,,0,not_scaffolded,8,689b5a19a71d0d49580fc5bc,,,,,689b5f9c5b369118e14b602a,,,,,,,,1,help2.2,,2,,32449,,,1,False,,7
False,none,None,0,not_scaffolded,0,689b5a616b15704ebfa4ae6e,7,Very unconfident. ,"No, I was not able to solve it and wasnt even close which was frustrating.",1,689b5a98c87adf49dde11940,7,7,1,7,1,7,6,1,help1.1,7,2,1,42865,1,"All of it, I felt like I was reading another language.",1,False,1,0
False,none,none,0,not_scaffolded,0,689b5a616b15704ebfa4ae6e,7,not confident at all,I didnt solve it so felt dumb,1,689b5b3fe43f28b7845d3cbc,7,7,1,7,1,7,7,1,help2.1,7,2,1,36900,1,all of them,1,False,1,4
False,none,none,0,not_scaffolded,0,689b5a616b15704ebfa4ae6e,7,not confident at all,i didnt solve it and felt dumb,1,689b5baf828dd5d2422e70d2,7,7,1,7,1,7,7,1,hub2.1,7,2,1,161935,1,all of them,1,False,1,0
False,none,,0,scaffolded,0,689b5a6aa86babb31d8ead82,,,,,689b5a86a86babb31d8ead85,,,,,,,,1,spoke1.2,,2,,0,,,1,False,,0
True,relevant,"Some of the initial answers, in particular regarding the carrot, were pretty clearly spelled out.",0,hub,0,689b5ae4e277e93fe1ec8cbc,1,I am pretty confident.,"Yes, I felt that I solved it relatively quickly.",6,689b5b0e2b3db56c9ca8f96e,6,7,6,5,6,5,6,1,hub2.2,6,2,6,142285,7,Determining the initial order of the ingredients.,2,False,6,24
True,generic,The interface was easy to use.,3,scaffolded,0,689b5b316b15704ebfa4ae76,4,I think that going forward I can do these puzzles faster.,"No, I felt like I should have done this faster. ",6,689b5b7c9edb233177c6e9d1,5,7,3,5,3,5,5,1,spoke1.3,7,2,3,936049,4,The hints were hard to follow.,1,False,1,16
True,generic,The interface was very easy.,0,scaffolded,0,689b5b316b15704ebfa4ae76,4,I am feeling more confident the more I do.,"No, I feel like I should be faster.",4,689b5fe06bc6c32c3cb589ae,5,6,4,5,4,6,6,1,spoke2.2,6,2,4,175718,5,It was hard working out the hints.,1,False,2,10
True,generic,There wasn't much about this puzzle that was easy.,0,scaffolded,0,689b5b316b15704ebfa4ae76,5,My confidence is going down as these are getting harder.,"No, it made me feel slow. I should have figured it out faster.",3,689b61555b369118e14b602c,7,7,3,7,3,6,7,1,hub2.2,7,2,3,616347,3,The layout was hard to understand.,1,False,7,45
True,none,Few options and info to go off of,0,not_scaffolded,0,689b5b875b369118e14b6025,1,Very,It felt too easy,3,689b5ba6019f5c8e27d85248,2,3,3,3,3,1,1,1,help1.3,1,2,3,52627,5,None,2,False,7,16
True,none,Same as before,0,not_scaffolded,0,689b5b875b369118e14b6025,1,Very,"No, too easy",4,689b5c0da86babb31d8ead87,1,1,4,1,4,1,1,1,help2.2,1,2,4,40872,4,None,2,False,7,16
True,none,Still relatively few options,1,not_scaffolded,0,689b5b875b369118e14b6025,1,Very,Slightly more smart,4,689b5c4ea86babb31d8ead88,4,4,4,3,4,3,4,1,hub2.1,3,2,4,213956,4,Less straightforward info,2,False,2,48
False,none,,0,not_scaffolded,0,689b5baf828dd5d2422e70d1,,,,,689b5bb6828dd5d2422e70d3,,,,,,,,1,help1.2,,1,,0,,,2,False,,0
False,generic,The relationships that I was instructed they were connected without much thinking.,0,not_scaffolded,0,689b5c0318c78be5400846ee,1,I am confident given enough instructions.,Yes. I felt I could easily make connections given substantial information.,6,689b5dbc7163696805b56fa9,5,6,5,5,4,5,6,1,help1.1,5,2,4,219303,6,Having to make connections given limited information.,1,False,2,3
False,generic,It had no easy parts,0,not_scaffolded,3,689b5c0318c78be5400846ee,3,Slightly confident.,Slightly yes. I did not feel very confident about my solution.,5,689b6074828dd5d2422e70d4,6,6,4,6,4,7,7,1,help2.1,7,2,4,675081,5,Making connections was difficult as there were no obvious connections.,1,False,1,4
False,generic,All were aspects were challenging.,0,not_scaffolded,8,689b5c0318c78be5400846ee,2,Somewhat confident.,"Yes, getting a connection out of nowhere felt smart.",4,689b6427e277e93fe1ec8cc0,6,7,5,7,5,7,7,1,hub2.2,7,2,4,543983,5,Making connections was challenging.,1,False,1,4
False,none,,0,not_scaffolded,11,689b606ebf57147ba865e0fb,4,,,4,689b60b0e277e93fe1ec8cbf,4,4,4,4,4,4,4,1,help1.1,4,2,4,130059,4,,1,False,4,5
True,none,all of it,0,not_scaffolded,0,689b606ebf57147ba865e0fb,3,pretty good,not particurarly,2,689b6153bf57147ba865e0fd,2,2,2,2,3,1,2,1,help2.2,1,2,4,104143,3,none,1,False,2,13
False,none,none,0,not_scaffolded,6,689b606ebf57147ba865e0fb,7,not really,not ,7,689b61ff2b3db56c9ca8f971,7,7,7,7,2,7,7,1,hub2.3,7,2,7,413305,7,yes,1,False,7,4
False,relevant,,0,hub,2,689b636b7163696805b56fab,,,,,689b677ca86babb31d8ead89,,,,,,,,1,hub2.2,,1,,78288,,,1,False,,0
True,none,"It's very similar to nonograms, just more with words and descriptions rather than numbers.",0,not_scaffolded,0,689b69b62b3db56c9ca8f972,1,"Somewhat, it takes me a while to figure some of them out.","I already played several nonogram video games (known as Picross for Nintendo DS, 3DS, Switch, and PC) so I already had an understanding of it, but doing this with words is new and that I like the challenge a bit.",5,689b6a39828dd5d2422e70d8,3,4,5,1,5,1,1,1,help1.1,7,2,5,39642,5,"From this particular one, nothhing really.",1,False,4,4
True,none,,0,not_scaffolded,0,689b69b62b3db56c9ca8f972,,,,,689b6ad7a86babb31d8ead8c,,,,,,,,1,help2.3,,2,,31507,,,1,False,,4
True,generic,"I think the fact that there were only 4 selections made it a bit easier. If it had been a huge grid, it probably would have taken me a long time.",0,not_scaffolded,0,689b69bec87adf49dde11944,4,I'm only average confident because it depends on how complex the next puzzle(s)/problem(s) are/would be.,"Not necessarily. I don't feel stupid, but I din't think it was that challenging. ",3,689b69ed2b3db56c9ca8f973,2,5,3,1,3,3,4,1,help1.2,3,2,3,59652,4,"I don't think it was hard, just had to read carefully to understand. ",1,False,4,5
True,generic,Similar to the first one. It was fairly straight forward with not a lot of options.,0,not_scaffolded,0,689b69bec87adf49dde11944,4,I'll give it my best shot.,"No, not specifically. ",4,689b6a99c87adf49dde11946,3,4,4,3,3,3,3,1,help2.2,3,2,4,54881,5,"None, really. ",1,False,5,7
True,generic,"This was much more challenging, actually. It was only easy when the sentences were spelled out pretty openly. ",0,not_scaffolded,0,689b69bec87adf49dde11944,4,Not very.,"Not smart, but not dumb. ",3,689b6b0fa71d0d49580fc5c2,4,5,3,5,4,5,5,1,hub2.3,5,2,3,413935,5,It was a tricky one with lots of narrowing down the options,1,False,3,46
False,none,I really did not understand the x and o portion. ,2,not_scaffolded,0,689b69c29edb233177c6e9d6,7,Not at all. ,Absolutely not; felt lost ,1,689b69f5828dd5d2422e70d6,3,4,1,3,1,6,4,1,help1.1,3,1,1,50851,1,I did not understand how to arrange the format. ,1,False,3,0
False,none,"Honestly, figuring it out would not be hard if I understood how to do the x and o part on the bottom. ",0,not_scaffolded,1,689b69c29edb233177c6e9d6,7,I am not ,"no, becuase I am clueless. ",1,689b6a70a0fabb1a65c09957,2,3,1,2,1,3,3,1,help2.1,3,1,1,57105,1,I dont understand the point or what Im supposed to do. ,1,False,2,3
False,none,None ,0,not_scaffolded,3,689b69c29edb233177c6e9d6,7,Im not. ,No I didnt solve anything. ,1,689b6afb2b3db56c9ca8f977,2,2,1,2,1,2,2,1,hub2.1,2,1,1,74362,1,Why am I marking x and o again?,1,False,4,1
True,none,"I think the puzzle was mostly based upon process of elimination. Once it is understood that each column and row combination can only have one true and the rest of the combinations were false, it was easy enough to simply figure out what we knew from the hints and then discern the only possible combinations left.",0,not_scaffolded,0,689b69c29edb233177c6e9d7,4,I am confident I could solve puzzles of similar difficulty but probably not more difficult puzzles.,Solving this puzzle did not make me feel smart because I am not good at puzzles and I have a suspicion this puzzle was chosen for it's ease.,3,689b69f6828dd5d2422e70d7,2,3,4,2,4,1,2,1,help1.2,2,1,4,147655,7,There was nothing really hard about this particular puzzle.,1,False,5,15
True,none,The puzzle again comes down to simple process of elimination. This made it quite easy.,0,not_scaffolded,0,689b69c29edb233177c6e9d7,1,I could solve puzzles of such difficulty quite easily I think.,Solving this puzzle did not make me feel smart because it was simple.,4,689b6b84a0fabb1a65c09959,1,1,4,1,4,1,1,1,help2.2,1,1,7,56079,7,There was nothing really hard about this puzzle.,1,False,7,13
False,none,The rules of this puzzle weren't as clear as the previous two.,0,not_scaffolded,4,689b69c29edb233177c6e9d7,7,I am not,It did not,1,689b6c0e5b369118e14b6032,2,2,1,3,1,4,4,1,hub2.1,3,1,1,460040,1,Having to figure out what combination of true and false boxes were necessary to complete the puzzle,1,False,3,35
False,generic,"The easiest parts of the puzzle were when the answers were given. For example, it was stated that the carrots are mashed.",1,hub,8,689b69c7a0fabb1a65c09956,5,I am not confident in solving similar types of puzzles/problems. My mind does not work that way.,"I did not feel smart because I did not solve the puzzle. This is not my type of thing, but it was fun to try.",5,689b69f8e277e93fe1ec8cc1,6,6,5,4,2,6,6,1,hub2.2,6,2,3,298896,2,"The hard part of the puzzle were the facts that built upon each other. For example, the mushrooms come before the carrot, but we do not know when the carrot comes.",1,False,2,40
True,relevant,One of the hints gave the answer straight up which allowed me to piece together the rest from there,1,scaffolded,0,689b69cb7163696805b56fac,3,Moderately confident,I felt a little smar and accomplished after completing it,6,689b69fda86babb31d8ead8a,3,5,5,3,5,3,5,1,spoke1.3,3,2,6,132293,5,Making sure I wasn’t being redundant ,1,False,4,4
True,relevant,One of the hints gave the answer straight up which allowed me to piece together the rest from there,0,scaffolded,0,689b69cb7163696805b56fac,3,Moderately confident,I felt a little smar and accomplished after completing it,6,689b6afaa71d0d49580fc5c1,3,5,5,3,5,3,5,1,spoke1.3,3,2,6,20814,5,Making sure I wasn’t being redundant ,1,False,4,4
False,relevant,,0,scaffolded,0,689b69cb7163696805b56fac,5,,,3,689b6b2da86babb31d8ead8d,6,4,4,5,3,6,6,1,hub2.2,6,2,4,164287,3,,1,False,2,8
False,generic,None,0,not_scaffolded,3,689b69d37163696805b56fad,1,Not at all,"No, I feel dumb.",2,689b69ec18c78be5400846ef,6,7,1,5,1,6,6,1,help1.1,7,2,2,122054,1,The entire thing was hard.,1,False,6,1
False,generic,None,0,not_scaffolded,0,689b69d37163696805b56fad,2,not at all,"No, i felt dumb. It was hard",1,689b6a877163696805b56fb0,5,6,1,4,2,6,4,1,help2.3,5,2,6,87014,2,The entire thing,1,False,5,8
False,generic,None of it,0,not_scaffolded,1,689b69d37163696805b56fad,2,I'm not at all,"No, I felt dumb",1,689b6af79edb233177c6e9d9,5,4,1,4,1,6,5,1,hub2.1,6,2,1,91015,1,The entire thing was hard.,1,False,5,1
False,none,figuring out what goes where,0,scaffolded,6,689b69f2a71d0d49580fc5be,4,somewhat,yes to some extent,5,689b6a47a71d0d49580fc5c0,6,7,5,5,4,5,5,1,spoke1.2,6,1,3,50763,4,knowing where to place which mark,1,False,6,2
False,none,placing the one true mark,0,scaffolded,5,689b69f2a71d0d49580fc5be,3,somewhat,to some extent,5,689b6b1d6bc6c32c3cb589b0,5,5,4,6,5,6,6,1,spoke1.3,5,1,5,54569,4,it was hard figuring out what mark to place where,1,False,6,5
False,none,figuring out what ingredients in the hint section,0,scaffolded,10,689b69f2a71d0d49580fc5be,4,somewhat,to some extent,5,689b6be5bf57147ba865e102,6,5,5,5,3,7,7,1,hub2.1,6,1,5,127046,6,knowing where to place what mark where,1,False,1,9
False,relevant,,4,scaffolded,10,689b69f7bf57147ba865e0fe,,,,,689b6a962b3db56c9ca8f976,,,,,,,,1,spoke1.1,,2,,222263,,,1,False,,6
False,generic,The hints were pretty straightforward and easy to implement. ,0,hub,1,689b6a0ac87adf49dde11945,5,Not confident in this one. Moderately confident in general with puzzles,"No, i only solved the hints. They were basic logic. ",3,689b6a2e5b369118e14b602d,6,6,2,2,1,5,5,1,hub2.2,5,2,3,145772,1,"I needed the instructions next to me. I feel like at some point i got confused with what was left, and didn't remember how to continue. ",1,False,2,6
False,none,,0,scaffolded,1,689b6a0f7163696805b56fae,,,,,689b6a3a9edb233177c6e9d8,,,,,,,,1,spoke1.3,,1,,11886,,,1,False,,0
True,none,Everything was pretty easy because I followed the instructions.,2,hub,0,689b6a167163696805b56faf,1,I am very confident.,No it didn't. It was all about following instructions that were easy.,7,689b6a9f6bc6c32c3cb589af,1,7,7,1,7,1,3,1,hub2.1,2,2,7,206653,7,Nothing felt difficult.,2,False,7,12
True,relevant,Once I figured it out it was like aha moment,0,scaffolded,0,689b6a25a86babb31d8ead8b,1,pretty confident,"No, it was pretty easy",6,689b6a7d2b3db56c9ca8f974,3,4,4,2,5,3,3,1,spoke1.3,3,2,6,144152,6,none,2,False,4,4
True,relevant,once you can get at least 2 in the right order the other ones are easy,0,scaffolded,0,689b6a25a86babb31d8ead8b,2,good,a little bit,6,689b6b74c87adf49dde11949,2,2,6,2,6,2,2,1,spoke2.2,2,2,6,91554,6,none,2,False,6,4
False,relevant,none,0,scaffolded,2,689b6a25a86babb31d8ead8b,7,no,no,1,689b6c29828dd5d2422e70de,6,5,1,7,1,6,6,1,hub2.1,6,2,1,464986,1,all of it,2,False,1,4
False,none,none,1,hub,12,689b6a3da71d0d49580fc5bf,7,not confident at all,"not at all, it was very difficult which made me feel very far from smart",1,689b6c29828dd5d2422e70dd,7,7,1,7,1,7,7,1,hub2.3,7,1,1,733290,1,all aspects,1,False,1,36
False,generic,only the ones that were clearly indicated.,1,hub,0,689b6a61828dd5d2422e70d9,7,I suck at them apparently.  ,"No, I felt like a dummy",1,689b6aab6b15704ebfa4ae79,7,7,1,7,1,7,7,1,hub2.3,7,1,1,210385,1,Too many unknowns.,1,False,1,0
False,none,Nothing was easy,0,not_scaffolded,0,689b6a6dbf57147ba865e0ff,7,Not confident.,"No, because I'm not used to these kinds of puzzles.",1,689b6a7e18c78be5400846f0,4,5,1,7,1,4,7,1,help1.1,7,2,1,127764,1,Trying to figure out what goes where based on limited clues.,1,False,1,1
False,none,There were a few straight fowrard,0,not_scaffolded,2,689b6a6dbf57147ba865e0ff,7,Not confident.,"No, because I'm not used to this puzzle.",1,689b6b2e5b369118e14b602f,1,4,1,7,1,7,7,1,help2.3,7,2,1,44290,4,Many of the clues were had to understand.,1,False,1,2
False,none,Nothing was easy,0,not_scaffolded,0,689b6a6dbf57147ba865e0ff,7,Not confident,No because I'm not good at these.,1,689b6bcb9edb233177c6e9de,5,3,1,4,1,7,7,1,hub2.2,7,2,1,4156,1,I just found the added box difficult and I didn't want to have to deal with it.,1,False,1,0
False,relevant,,0,scaffolded,1,689b6aa8a0fabb1a65c09958,,,,,689b6ac918c78be5400846f1,,,,,,,,1,spoke1.2,,1,,3814,,,2,False,,0
False,relevant,,1,not_scaffolded,0,689b6acf18c78be5400846f2,,,,,689b6c28828dd5d2422e70dc,,,,,,,,1,help1.3,,2,,20617,,,1,False,,0
False,none,,1,not_scaffolded,0,689b6ad55b369118e14b602e,,,,,689b6c5ca0fabb1a65c0995a,,,,,,,,1,help1.2,,1,,29653,,,1,False,,0
True,relevant,Since there were only 4 options for each it was not hard to break down.,0,not_scaffolded,0,689b6ba018c78be5400846f4,1,Fairly,"Not really, it was pretty easy. ",5,689b6be7bf57147ba865e104,2,4,6,2,6,3,2,1,help1.1,1,2,7,143564,7,"Not hard, just had to read over clues a couple times. ",2,False,5,13
True,relevant,Only 4 options made it easy. ,0,not_scaffolded,0,689b6ba018c78be5400846f4,1,Very,"No, it was easy. ",4,689b6d0418c78be5400846f6,1,3,6,1,7,2,1,1,help2.2,1,2,7,82220,7,Nothing was hard. ,2,False,6,14
True,relevant,The clues were good.,1,not_scaffolded,0,689b6ba018c78be5400846f4,1,Fairly,"Sort of, since I had to start over at one point and read everything carefully. ",6,689b6dabe43f28b7845d3cc2,6,6,5,6,6,6,6,1,hub2.3,6,2,6,821632,7,Going over 3 graphs and looking for clues in the clues. ,2,False,2,46
False,relevant,no aspect was easy,2,not_scaffolded,2,689b6c2ce43f28b7845d3cc1,6,average,yes ,2,689b6dab2b3db56c9ca8f978,6,6,2,6,2,7,7,1,help1.2,7,1,3,214732,1,every aspect was hard,2,False,1,1
False,relevant,none,0,not_scaffolded,3,689b6c2ce43f28b7845d3cc1,5,averagely,sure,3,689b6f245b369118e14b6034,4,7,3,6,2,7,7,1,help2.1,7,1,3,54560,2,most aspect,2,False,1,6
False,relevant,none,0,not_scaffolded,9,689b6c2ce43f28b7845d3cc1,4,average,definitely,4,689b70272b3db56c9ca8f97c,5,6,4,4,3,6,6,1,hub2.2,6,1,4,76113,4,none,2,False,1,4
False,generic,,0,hub,2,689b6c74c87adf49dde1194a,,,,,689b6d156bc6c32c3cb589b2,,,,,,,,1,hub2.1,,2,,153880,,,2,False,,2
False,none,,0,not_scaffolded,2,689b6c8c18c78be5400846f5,,,,,689b6ccda86babb31d8ead8e,,,,,,,,1,help1.1,,1,,31917,,,1,False,,0
False,generic,The easy part was using the direct clues like Alfredo goes on the Bowtie pasta and Shells are not with Tomato sauce to narrow down the choices.,1,not_scaffolded,3,689b6e102b3db56c9ca8f979,2,I’m confident in solving similar puzzles because the process of elimination and using clues systematically is something I’ve become comfortable with.,"Yes, solving this puzzle made me feel smart because it required logical thinking and deduction to work through the constraints and arrive at the correct solution.",3,689b6e219edb233177c6e9e1,5,4,4,4,4,4,4,1,help1.1,3,2,3,177260,5,"The hard part was figuring out the indirect relationships, especially with the first hint about the Elbow pasta and Shells, as it required some trial and error to match the sauces.",2,False,3,1
False,generic,"The easy part was the direct clues, like Hint 1 (Green Onions needing Full Sun or Partial Shade), which quickly narrowed down the choices for Green Onions.",0,not_scaffolded,1,689b6e102b3db56c9ca8f979,4,"I’m confident in solving similar puzzles because I’ve learned to use the clues step-by-step and eliminate impossible combinations, making the process more manageable with practice.","Yes, solving this puzzle made me feel smart because I had to carefully analyze the clues and apply logical reasoning to get to the correct solution.",4,689b6f13019f5c8e27d8524f,3,4,3,4,2,4,4,1,help2.1,3,2,4,56422,3,"The challenging part was Hint 2, which involved the relationship between Potatoes and Eggplants. It required some careful thought to determine which plant needs Full Sun or Full Shade, and avoid both needing Full Sun or Full Shade at the same time.",2,False,3,3
False,generic,"The easy part was identifying the whole ingredient as mushrooms right away, which provided a strong starting point. Additionally, the clue about the potatoes being before the onions helped guide the placement of ingredients.",0,not_scaffolded,3,689b6e102b3db56c9ca8f979,5,"I’m confident I can solve similar puzzles because I’ve developed a strategy of eliminating impossible combinations and using the given clues step-by-step to gradually figure out the solution.

","Yes, solving this puzzle made me feel smart because it required applying logical reasoning and deduction to organize the ingredients correctly, which felt satisfying once all the clues clicked into place.",4,689b6f865b369118e14b6035,3,4,3,4,4,4,3,1,hub2.1,2,2,4,93122,2,"The harder part was interpreting Hint 2, as it provided two possible options (either the first ingredient is mashed or the halved ingredient is the carrots). This required some thinking to figure out how to fit both conditions.",2,False,3,1
False,relevant,Matching the third hint,0,not_scaffolded,3,689b6f212b3db56c9ca8f97a,7,A little confident,"I did not solve the puzzle, so I feel dump. ",1,689b6f7da71d0d49580fc5c5,7,7,1,7,1,7,7,1,help1.2,7,2,1,412020,1,Trying to understand the other hints,1,False,1,0
True,relevant,Matching the third hint,0,not_scaffolded,0,689b6f212b3db56c9ca8f97a,1,Somehow confident,Yes I felt smart though I did not trust my answers,7,689b7174bf57147ba865e105,6,7,7,5,7,5,7,1,help2.3,5,2,6,79978,7,Matching the first hint,1,False,3,6
False,relevant,None,0,not_scaffolded,0,689b6f212b3db56c9ca8f97a,7,A little confident,No I felt dump,1,689b72185b369118e14b6036,7,7,1,7,1,7,7,1,hub2.2,7,2,1,126542,1,All the hints,1,False,1,2
True,none,"When it told me the order of operations, that made the task a bit easier to understand.",0,hub,0,689b8577a86babb31d8ead90,3,"I think if I figure out the pattern and order of operations, I could do this again. I am not super confident but I think if I take my time and really focus, I could repeat this with different data.","This was a fun and challenging puzzle. I enjoyed the process and although it didn't necessarily make me feel smart, I did feel a sense of accomplishment that I was able to successfully figure it out. I think problem solving is important and I felt good about that.",6,689b85a5c87adf49dde1194b,6,7,5,6,6,7,7,1,hub2.2,7,2,6,211341,6,Trying to match everything up and put it in the right order. I really had to think about what I was doing.,1,False,2,12
False,none,It was basically a game of elimination and trying to figure out which aspect matched with the other. It you paid attention and kept in mind all of the aspects you could realistically by method of elimination figure out the right solution.,2,not_scaffolded,6,689b8582e43f28b7845d3cc4,3,"Moderately confident, but I usually don't enjoy the sorts of games like this. ","I'm still not sure if I completed the puzzle correctly, but I think I did. It didn't make me feel smart because I felt the game was pretty simple.",5,689b85e27163696805b56fb2,2,2,5,1,3,1,2,1,help1.3,2,2,4,253679,4,I didn't find it too difficult at all. You basically just had to pay attention.,1,False,5,10
False,none,It's a gmae of elimination and figuring out info based on other info. Not too hard at all.,0,not_scaffolded,4,689b8582e43f28b7845d3cc4,2,Moderately confident ,"No, not particularly ",4,689b87bfa0fabb1a65c09961,1,1,5,1,3,1,1,1,help2.3,1,2,4,105143,2,I didn't think any were hard at all ,1,False,7,12
False,none,I conceded since I didn't want to complete this one ,0,not_scaffolded,0,689b8582e43f28b7845d3cc4,1,,,1,689b888b6b15704ebfa4ae82,1,1,1,1,1,1,1,1,hub2.1,1,2,3,19718,1,,1,False,6,0
False,generic,some of the answers were straighforward,1,hub,0,689b8589e43f28b7845d3cc5,3,not very since it was kind of double talk with the words,it made me think harder to get the solution,4,689b85af6b15704ebfa4ae7c,6,6,4,5,3,6,6,1,hub2.1,6,2,4,170289,4,how the words were together made it hard to decide which was first,2,False,2,0
True,relevant,It was easy to figure out the proper order for everything.,1,scaffolded,0,689b858ee43f28b7845d3cc6,1,Very confident.,"Yes, it made me feel smart because I know there was some deduction that had to be made throughout.",7,689b85eb9edb233177c6e9e5,5,7,6,3,7,5,5,1,spoke1.2,5,2,7,117523,7,I had to read the clues a couple of times before deciding the answer.,1,False,5,4
True,relevant,"It was easy to decide where to place the ""O""s because the clues were easy to understand.",0,scaffolded,0,689b858ee43f28b7845d3cc6,1,Very confident.,"Yes, because I felt I was able to solve this quite quickly.",7,689b86cda0fabb1a65c0995f,4,6,7,2,7,5,5,1,spoke1.3,5,2,7,45650,7,Nothing.,1,False,5,4
False,relevant,Working with the top two grids (horizontal) was easy.,2,scaffolded,4,689b858ee43f28b7845d3cc6,7,Confident.,This didn't make me feel smart or not smart. It was just very challenging,2,689b8755e43f28b7845d3cce,7,7,2,7,1,7,7,1,hub2.1,7,2,3,607078,1,Trying to figure out the 3rd grid (the bottom one) was challenging. I couldn't do it.,1,False,1,8
False,generic,I think the only easy thing about this puzzle had to do with the carrots. I still wasn't totally sure on the rest of the puzzle. I hope we get to know the results.,0,hub,8,689b858ee43f28b7845d3cc7,5,I thought I was confident but I don't feel that way anymore.,I thought I was going to be able to do it but that quickly fell apart and I did not feel competent doing the puzzle in the end.,2,689b85b3e277e93fe1ec8cc4,7,7,3,7,3,7,7,1,hub2.2,7,1,3,254004,4,Trying to go back and forth in between information and the steps were difficult. It was hard only getting a little bit of the information then having to fill in the blanks on the rest.,1,False,1,40
True,generic,There was only 1 possible answer for each after the clues were given.,0,scaffolded,0,689b8590a71d0d49580fc5c8,2,I feel somewhat confident but only if the puzzles are a similar skill level.,"No, I didn't feel smart because it was easy.",5,689b85a3a0fabb1a65c0995d,4,4,4,3,5,2,2,1,spoke1.3,2,1,4,25938,7,Some clues were conditional upon knowing other answers.,1,False,6,4
True,generic,There was only 1 possible answer for each after the clues were given.,0,scaffolded,0,689b8590a71d0d49580fc5c8,2,I feel somewhat confident but only if the puzzles are a similar skill level.,"No, I didn't feel smart because it was easy.",5,689b8625bf57147ba865e107,4,4,4,3,5,2,2,1,spoke1.3,2,1,4,20685,7,Some clues were conditional upon knowing other answers.,1,False,6,4
False,relevant,,1,hub,0,689b8597a71d0d49580fc5c9,,,,,689b85d2c87adf49dde1194c,,,,,,,,1,hub2.2,,1,,200900,,,1,False,,8
False,none,"Following the directions seemed easy enough, but I am not sure I completed the puzzle correctly",1,not_scaffolded,1,689b8599a71d0d49580fc5ca,2,I am not confident at all.,"It made me feel dumb, because I don't really do puzzles and I didn't have a clue how to complete it.",2,689b85d8e43f28b7845d3cc8,4,5,2,4,2,5,5,1,help1.3,5,1,2,171730,2,"I think I could solve, but the directions weren't clear on how to complete the puzzle.",1,False,3,3
False,none,,0,not_scaffolded,7,689b8599a71d0d49580fc5ca,,,,,689b8727c87adf49dde1194d,,,,,,,,1,help2.3,,1,,58915,,,1,False,,5
False,relevant,Elbows were never mentioned so it was easy to cross off the list. ,0,scaffolded,1,689b859aa71d0d49580fc5cb,4,Fairly confident,No. I was not sure if I was doing this correctly. ,4,689b85e46bc6c32c3cb589b4,4,4,3,4,3,4,4,1,spoke1.1,4,2,3,146776,4,Figuring out which order was correct. ,1,False,4,5
False,relevant,It was easy to eliminate an item.,0,scaffolded,1,689b859aa71d0d49580fc5cb,4,Mildly confident. ,No. I was unsure if I was doing this correctly,4,689b86ed6b15704ebfa4ae7e,4,4,4,4,4,4,4,1,spoke1.3,4,2,4,82015,4,It was a challenge to figure out the order. ,1,False,4,5
False,relevant,Nothing. This was hard to do and I couldn't figure it out.,0,scaffolded,0,689b859aa71d0d49580fc5cb,1,Not at all,No. I could not figure it out. ,1,689b8782c87adf49dde1194f,6,4,1,5,1,7,6,1,hub2.2,6,2,1,101479,1,I feel like there was not enough information to complete the puzzle. ,1,False,1,0
True,relevant,making the markings,0,not_scaffolded,0,689b859b828dd5d2422e70e0,3,fairly confident ,"not really, it stimulated me though",5,689b860a019f5c8e27d85251,6,6,5,5,5,6,7,1,help1.1,6,2,5,202050,5,figuring the clues,2,False,2,6
False,relevant,making the markngs,0,not_scaffolded,6,689b859b828dd5d2422e70e0,5,a little bit,no,4,689b877718c78be5400846fb,6,6,4,6,4,6,6,1,help2.2,6,2,4,78666,4,figuring the clues,2,False,2,5
False,relevant,making the markings ,0,not_scaffolded,3,689b859b828dd5d2422e70e0,6,a little,no,4,689b8805e277e93fe1ec8cc7,6,6,4,5,4,6,6,1,hub2.1,6,2,4,79463,4,figuring the clues,2,False,2,4
False,none,understanding the instuctions,0,not_scaffolded,3,689b85a2a0fabb1a65c0995c,6,not at all,no because I didnt ubderstand,3,689b85ca828dd5d2422e70e1,6,7,3,7,2,7,5,1,help1.2,7,1,5,52026,2,,1,False,6,0
False,none,I thought I understood what was needed but I must have been wrong. ,0,hub,2,689b85a79edb233177c6e9e2,2,Not at all confident. ,Wasn't able to solve. ,1,689b86106b15704ebfa4ae7d,1,4,2,2,1,4,5,1,hub2.2,5,1,2,387687,1,Harder than I thought. ,1,False,1,10
False,none,,2,scaffolded,0,689b85af9edb233177c6e9e3,4,,,4,689b860bbf57147ba865e106,4,4,4,4,4,4,4,1,spoke1.2,4,2,4,147661,4,,2,False,4,2
False,none,,0,scaffolded,4,689b85af9edb233177c6e9e3,4,,,6,689b86c2e43f28b7845d3ccb,4,7,6,4,4,7,1,1,spoke2.1,1,2,4,86283,4,,2,False,7,0
False,none,,0,scaffolded,4,689b85af9edb233177c6e9e3,1,,,4,689b8740bf57147ba865e109,4,4,4,4,4,4,4,1,hub2.1,4,2,4,197006,4,,2,False,4,8
False,generic,I barely understood the task. ,1,scaffolded,2,689b85d6828dd5d2422e70e2,7,Not at all confident. ,I feel pretty incompetent because I was unable to solve the puzzle. ,2,689b86a02b3db56c9ca8f980,2,7,1,5,1,6,7,1,spoke1.1,7,1,1,171695,1,I was unable to solve the puzzle. ,2,False,1,8
False,generic,,2,scaffolded,0,689b85d6828dd5d2422e70e2,,,,,689b889ae43f28b7845d3ccf,,,,,,,,1,spoke1.3,,1,,55379,,,2,False,,0
True,none,filling the first few O and X marks was straightforward ,3,scaffolded,0,689b85e02b3db56c9ca8f97e,1, very confident ,yes because I had to apply logical reasoning step by step,7,689b8692a71d0d49580fc5cd,7,7,7,7,7,7,7,1,spoke1.2,7,1,7,282726,7,piercing together the less direct clue ,1,False,1,7
True,none,identifying the obvious matches,0,scaffolded,0,689b85e02b3db56c9ca8f97e,2,very confident ,yes because it requires logical thinking and patience ,6,689b88d3a86babb31d8ead92,6,7,6,6,6,6,6,1,spoke1.3,6,1,6,79265,7,none,1,False,2,4
True,none,spotting obvious matches and eliminating clearly ,0,scaffolded,0,689b85e02b3db56c9ca8f97e,1,very confident ,"yes it required logical thinking, patience and step by step",7,689b89c2a71d0d49580fc5d2,6,7,7,6,7,6,6,1,hub2.2,6,1,7,245240,7,keeping track of multiple clues at once,1,False,2,13
True,generic,The 4x4 grid ones are generally pretty simple.,0,not_scaffolded,0,689b85e59edb233177c6e9e4,1,Fairly confident but might be tougher doing larger ones.,Sort of.  it wasn't a very tough one.,6,689b8612a71d0d49580fc5cc,2,6,6,5,6,4,5,1,help1.1,4,2,6,109318,5,The either/or hint was mildly difficult at first.,2,False,2,16
True,generic,"Again, a simple 4x4 grid logic puzzle is quite easy.",0,not_scaffolded,0,689b85e59edb233177c6e9e4,1,Very much so,Not particularly.  Easy puzzle.,7,689b86ca9edb233177c6e9e6,4,5,7,3,6,3,3,1,help2.1,3,2,6,58212,7,Nothing.,2,False,5,14
False,generic,Nothing!,0,not_scaffolded,0,689b85e59edb233177c6e9e4,4,Not confident on the larger ones,"Not really, I didn't solve it!",4,689b87312b3db56c9ca8f983,6,6,4,6,4,7,7,1,hub2.3,7,2,5,124985,2,The larger triple grid problems are always very difficult,2,False,1,22
True,generic,No aspect was easy,2,scaffolded,0,689b85fba0fabb1a65c0995e,1,Very confident,Yes it made me feel smart because of how hard i stimulated my brain ,7,689b874118c78be5400846f9,7,7,7,7,7,7,7,1,spoke1.3,7,2,7,532151,7,Getting the correct placement based on the clues,2,False,1,4
True,generic,No aspect was easy,0,scaffolded,0,689b85fba0fabb1a65c0995e,1,Very confident,Yes it made me feel smart because of how hard i stimulated my brain ,7,689b8a29828dd5d2422e70e5,7,7,7,7,7,7,7,1,spoke1.3,7,2,7,56074,7,Getting the correct placement based on the clues,2,False,1,4
True,generic,The puzzle was not easy,0,scaffolded,0,689b85fba0fabb1a65c0995e,1,Very confident,It made me feel smart because of how hard i had to think,7,689b8ac718c78be5400846fe,7,7,7,7,7,7,7,1,hub2.2,7,2,7,306535,7,Getting the correct placement based on the clues,2,False,1,12
False,none,It was easy to see that the mushrooms needed to be whole and the mashed potatoes needed to be first. Sequencing was made simpler by the clue that connected their location. Given the alternative and limitation it also made sense to recognize carrots as halved and rank onions second.,3,hub,4,689b860118c78be5400846f8,3,I have a great deal of confidence in my ability to solve similar challenges and problem  ,Yes because it called for logical thinking meticulous attention to detail and the capacity to make meaningful connections between clue solving this problem made me feel intelligent.,4,689b87296b15704ebfa4ae7f,5,4,5,5,5,5,6,1,hub2.1,5,2,5,966364,5,Beyond the first hint it was challenging to ascertain the exact arrangement of the vegetable Particularly in regards to the placing of the onion and the preparation of the carrot some of the hint were unclear or overlapped. It took great thought and close attention to detail to balance all the requirements without creating contradictions.,2,False,4,9
False,relevant,,0,hub,1,689b8616e277e93fe1ec8cc5,6,,,2,689b86fbe277e93fe1ec8cc6,6,6,2,6,2,6,6,1,hub2.2,5,1,1,256805,1,,1,False,2,2
False,relevant,I fucking despise these kinds of puzzles,0,scaffolded,7,689b89125b369118e14b6039,1,,,1,689b8924a86babb31d8ead93,7,4,1,7,1,7,7,1,spoke1.2,7,2,1,11048,1,,1,False,1,6
False,relevant,The clues that directly state a time or direct matching,0,scaffolded,4,689b894a5b369118e14b603a,2,"Fairly confident.
",Yes — it was satisfyng to deduce the full solution by combinng clues logically.,6,689b89b5a71d0d49580fc5d0,5,6,7,6,5,5,5,1,spoke1.2,4,2,6,59599,7,The clues that are conditional or involve “either/or” or relative order,1,False,2,4
False,relevant,Very good and understandable,0,scaffolded,4,689b894a5b369118e14b603a,4,fairly confident,yes feel more enlightened,6,689b8a70bf57147ba865e10c,4,5,4,5,6,3,3,1,spoke2.2,2,2,6,29020,4,not at all,1,False,3,4
False,relevant,The direct clues that gave explicit matches,0,scaffolded,12,689b894a5b369118e14b603a,2,airly confident,Yes — it felt rewardig. Working through the constraints and seeing how small deductions cascaded into a full solution was satisfying and reinforcd that the logical steps were correct.,6,689b8aeaa86babb31d8ead95,5,4,5,4,5,4,3,1,hub2.2,5,2,5,78342,6,The conditional and relative clue,1,False,6,12
False,none,none,0,scaffolded,7,689b89a4e277e93fe1ec8cc8,5,not very confident after this,i feel dumb because i couldn't figure out where I was wrong,3,689b89f99edb233177c6e9e8,5,6,3,4,3,5,6,1,spoke1.2,5,2,3,311372,3,all of it,2,False,1,9
True,relevant,Everything. I feel like I must be missing something because this felt too easy. The board size (4x4) meant that I had a 1/4! chance of guessing correctly.,0,not_scaffolded,0,689b8f7dc87adf49dde11951,2,Very confident if it remains this simple. Less confident if the design changes. ,No because I was not challenged. It felt like I was cheating due to the low complexity. ,3,689b9148a71d0d49580fc5d3,3,2,5,2,3,1,1,1,help1.3,2,2,5,101230,2,The most difficult part was learning the layout and getting a feel for how the instructions worked. ,1,False,6,16
True,relevant,"The number of hints was lower than the number of decisions, so this kept it simple. The eliminations were straight forward. ",0,not_scaffolded,0,689b8f7dc87adf49dde11951,1,Fairly confident with a 4x4. I am not too confident because I don't know how much more complex it can get. ,No because the hints were too straight forward. It felt like following a set of instructions to assemble something rather than solving something.,4,689b93676bc6c32c3cb589b6,3,1,5,2,5,1,2,1,help2.2,2,2,5,97000,3,"The word similarity caused me a moment of confusion. I mixed up the Full Shade and Full Sun, and also partial sun and partial shade. ",1,False,6,14
True,relevant,Sticking to a 4x4 grid was convenient to limit the number of options. Food items were easy to connect with.,2,not_scaffolded,0,689b8f7dc87adf49dde11951,5,Fairly confident that I can solve most of these with enough time and effort. It seems like a challenge of exhaustion rather than strategy. ,No because it took me far too long. I am confident that I could have solved it faster and I am disappointed that I did not. ,3,689b94c8bf57147ba865e10e,6,7,5,3,2,5,6,1,hub2.1,5,2,5,2055582,2,It was difficult to overcome the natural association between potatoes and a mashed delivery. I was unfamiliar with a mashed onion before today. ,1,False,2,46
False,none,,0,hub,4,689b9e9c6bc6c32c3cb589b7,,,,,689b9eba828dd5d2422e70ec,,,,,,,,1,hub2.1,,2,,323355,,,1,False,,18
True,relevant,"All of it, it was a very easy logic puzzle",0,scaffolded,0,689b9e9f7163696805b56fb3,1,"Fairly confident, some just might take longer or need a piece of paper for notes.",not really. It seemed like an introductory logic puzzle that I would hope most people could easily solve.,4,689b9ec76b15704ebfa4ae86,2,3,4,1,5,1,1,1,spoke1.3,1,2,5,43743,7,"Nothing really, the only difficulty was the markings, they are just different from how I mark a puzzle like this.",2,False,6,4
True,relevant,"Most of it, it still seemed like an entry level puzzle",0,scaffolded,0,689b9e9f7163696805b56fb3,1,fairly confident. ,"no, it was a simple puzzle.",3,689b9f7c18c78be540084700,1,3,5,1,4,1,1,1,spoke2.1,1,2,6,40017,6,"This one took a little math, none of the clues were this is x.",2,False,6,4
True,relevant,"Most of it, there were some difficulties but it was still a pretty straight forward logic puzzle.",0,scaffolded,0,689b9e9f7163696805b56fb3,1,Fairly confident.,no. It was a straight forward puzzle.,3,689b9ff918c78be540084705,2,2,4,2,4,3,2,1,hub2.1,2,2,4,196931,4,Mainly ignoring outside information. Mashed onions is a weird combo and I let that bias stop me from considering an answer at first.,2,False,2,12
False,relevant,,0,hub,0,689b9e9fa0fabb1a65c09966,,,,,689b9eb4828dd5d2422e70eb,,,,,,,,1,hub2.3,,2,,39279,,,1,False,,0
True,none,Process of elimination.,0,not_scaffolded,0,689b9ea0bf57147ba865e10f,3,Fairly confident. ,Kind of I guess. I used to love these as a kid.,4,689b9eb3828dd5d2422e70ea,4,5,4,3,4,4,4,1,help1.2,4,1,5,115170,5,None really.,2,False,3,15
True,none,Eliminating.,0,not_scaffolded,0,689b9ea0bf57147ba865e10f,3,Fairly.,Kind of.  It's not that challenging. ,4,689b9f6d828dd5d2422e70f1,3,4,4,4,4,3,4,1,help2.3,4,1,4,102604,4,None.,2,False,4,16
True,none,Elimination.,0,not_scaffolded,0,689b9ea0bf57147ba865e10f,3,Fairly. ,Kind of. ,4,689ba00918c78be540084707,4,5,4,4,4,5,5,1,hub2.3,5,1,4,354110,5,Three grids.,2,False,4,48
True,none,Spotting the direct matches from the given clues.,0,not_scaffolded,0,689b9ea8bf57147ba865e110,2,"Very confident, I can handle similar puzzles well.","Yes, because it required careful reasoning and I solved it without guessing.",6,689b9feabf57147ba865e112,6,7,6,6,6,6,6,1,help1.2,6,1,6,113955,6,Keeping track of multiple possibilities and eliminating them without making mistakes.,1,False,2,4
True,none,Using the direct clues to place exact matches.,0,not_scaffolded,0,689b9ea8bf57147ba865e110,2, I can solve similar puzzles quickly and accurately.,"Yes, because it required step-by-step deduction and I got the correct answer without guessing.",6,689ba0ff18c78be54008470b,6,7,6,6,6,6,6,1,help2.3,6,1,6,58585,6,Making sure the elimination process did not accidentally rule out the wrong option.,1,False,2,4
False,none,None really felt easy.,0,not_scaffolded,0,689b9ea8bf57147ba865e110,7,"Not very confident in solving similar puzzles without more practice.

","No, because I could not solve it even after trying for a while.",3,689ba1cb6bc6c32c3cb589bd,7,6,3,7,2,7,7,1,hub2.2,7,1,3,288755,2,Keeping track of all the clues and how they connected without getting lost.,1,False,1,11
True,generic,There was an answer that was not dependent on any other answers,0,scaffolded,0,689b9eab828dd5d2422e70e6,7,Very,"No, It was an easy puzzle.",6,689b9ef36b15704ebfa4ae8b,1,2,6,1,6,1,2,1,spoke1.2,1,2,6,53627,7,none,2,False,4,4
True,generic,Same as first puzzle,0,scaffolded,0,689b9eab828dd5d2422e70e6,1,Very,No. Easy puzzle.,6,689b9fb2a0fabb1a65c0996a,1,2,6,1,6,1,2,1,spoke1.3,1,2,7,26451,7,None,2,False,5,4
False,generic,The independent answers,0,scaffolded,0,689b9eab828dd5d2422e70e6,4,Very,no. I believe there were several possible answers.,4,689ba021bf57147ba865e113,4,4,5,4,4,4,4,1,hub2.2,4,2,6,315593,5,One of the clues was not helpful.,2,False,1,4
True,generic,The puzzle was very tiny and the clues were mostly straightforward,0,scaffolded,0,689b9eae828dd5d2422e70e7,1,"I feel confident solving puzzles, especially if they are going to be this easy.","No, it was rather easy.",5,689b9eea6b15704ebfa4ae89,2,4,4,1,5,1,1,1,spoke1.3,3,2,5,23576,7,There was very little difficult about this puzzle,2,False,5,4
True,generic,It was still very small with few variables,0,scaffolded,0,689b9eae828dd5d2422e70e7,4,"If all the puzzles are this small, I doubt there will be too many difficulties","No, it was difficult enough to not be considered an entirely straightforward puzzle, but it didn't make me feel smart.",6,689b9f60a0fabb1a65c09968,1,5,6,1,5,1,3,1,spoke2.1,2,2,6,27153,7,"The way that 2 and 3 were linked together was kinda tricky , but not too difficult",2,False,4,4
True,generic,"It wasn't too easy, but there was enough information available as too not make it too difficult",0,scaffolded,0,689b9eae828dd5d2422e70e7,1,I feel that I can solve puzzles like this easily enough as long as I apply myself.,"No, but it wasn't easy that's for certain.",7,689b9fddc87adf49dde11952,2,6,7,2,6,3,5,1,hub2.3,5,2,7,118742,7,The addition of the extra squares did add a level of difficulty,2,False,1,12
False,relevant,,0,not_scaffolded,2,689b9eaf828dd5d2422e70e8,,,,,689b9f349edb233177c6e9ea,,,,,,,,1,help1.2,,1,,121638,,,1,False,,9
True,relevant,"Once I became comfortable with the rules, I thought it was pretty intuitive.",0,scaffolded,0,689b9eb0828dd5d2422e70e9,3,"I am semi confident. I think other people would do better, but I think I could probably solve it eventually.",I didn't feel particularly smart while solving it.,5,689b9ee16b15704ebfa4ae88,3,5,3,4,3,3,4,1,spoke1.2,4,1,4,129715,4,It took me a minute to get comfortable with the rules.,1,False,3,16
True,relevant,"Now that I understand the rules, I think I can complete these.",0,scaffolded,0,689b9eb0828dd5d2422e70e9,4,I think I am fairly confident now.,"I felt a little bit smarter on this one because I did it fairly quickly, but still not too much.",6,689b9ffa18c78be540084706,3,5,5,4,5,3,4,1,spoke2.1,5,1,5,92015,6,It took a minute to figure out the right order.,1,False,3,5
False,relevant,Nothing in particular,0,scaffolded,0,689b9eb0828dd5d2422e70e9,6,Not very confident. ,It made me feel a bit stupid,2,689ba0c518c78be54008470a,4,6,2,6,2,5,6,1,hub2.2,6,1,2,275299,1,I found the third box to be really challenging,1,False,2,12
True,none,eliminating the wrong answer,0,not_scaffolded,0,689b9ebe828dd5d2422e70ed,1,very,Maybe a little,7,689b9eee6b15704ebfa4ae8a,2,4,7,2,6,1,2,1,help1.1,2,2,7,124608,7,nothing,2,False,6,15
True,none,Eliminating items,1,not_scaffolded,0,689b9ebe828dd5d2422e70ed,6,very,a little because I figured it out,6,689b9fbce277e93fe1ec8ccb,2,5,6,2,6,3,2,1,help2.2,2,2,7,118768,7,none,2,False,6,16
True,none,After I eliminated things it got easier.,2,not_scaffolded,0,689b9ebe828dd5d2422e70ed,2,very,"Well I thought I was smart, but this one made me doubt the degree of my smartness",5,689ba0702b3db56c9ca8f988,5,6,6,5,5,5,5,1,hub2.3,4,2,6,971811,5,This one was harder because of the increased variables.,2,False,2,48
True,none,It wasn't at all easy or hard. Just required some thinking.,0,scaffolded,0,689b9ec1828dd5d2422e70ee,1,Pretty confident.,"I don't think it was the difficult of a puzzle to solve to ""feel smart.""",7,689b9f116bc6c32c3cb589b8,4,7,5,4,7,4,4,1,spoke1.1,4,2,7,100539,7,It wasn't at all easy or hard. Just required some thinking.,1,False,4,4
True,none,,0,scaffolded,0,689b9ec1828dd5d2422e70ee,,,,,689b9fd918c78be540084702,,,,,,,,1,spoke2.1,,2,,94226,,,1,False,,5
True,relevant,"The parts that told you exactly where the vegetables went ""carrots are chopped.""",5,hub,0,689b9ec4828dd5d2422e70ef,6,"Fairly confident. I didn't give up, and I am great at Sodoku.","Not really, because I took forever to solve it.",5,689b9f24a86babb31d8ead97,6,2,5,6,5,7,7,1,hub2.3,7,2,5,1707567,6,The whole thing was pretty challenging. ,2,False,2,12
False,generic,na,0,hub,6,689b9ec5a86babb31d8ead96,4,"Very confident — I can usually analyze the clues, rule out impossibilities, and work step-by-step to reach the correct solution.","Yes, because it required carefully connecting multiple clues and eliminating impossible options step-by-step until only one valid arrangement remained.",4,689b9f165b369118e14b603b,3,7,2,1,1,5,4,1,hub2.2,5,2,2,244647,2,na,2,False,1,2
False,relevant,the hints,0,hub,2,689b9ec76b15704ebfa4ae85,6,I was sort of confident,a little I was confused.,5,689b9f3118c78be5400846ff,4,5,4,5,6,4,3,1,hub2.1,5,1,3,103449,5,the method just undersanding it.,2,False,4,2
False,relevant,,0,scaffolded,0,689b9ecd6b15704ebfa4ae87,,,,,689b9efd6b15704ebfa4ae8d,,,,,,,,1,spoke1.2,,2,,21801,,,2,False,,0
False,relevant,,0,hub,1,689b9efd6b15704ebfa4ae8c,,,,,689b9f14e277e93fe1ec8cc9,,,,,,,,1,hub2.3,,2,,192424,,,2,False,,0
True,relevant,,0,not_scaffolded,0,689b9f10a0fabb1a65c09967,2,pretty confident,a tad,6,689b9f8c6b15704ebfa4ae8e,4,5,6,4,6,5,5,1,help1.1,5,2,6,69047,6,,1,False,3,4
True,relevant,,0,not_scaffolded,0,689b9f10a0fabb1a65c09967,1,,,6,689ba012a0fabb1a65c0996c,3,3,6,3,6,3,3,1,help2.3,3,2,6,39569,6,,1,False,3,4
False,relevant,,0,not_scaffolded,0,689b9f10a0fabb1a65c09967,4,,,4,689ba057bf57147ba865e114,4,6,4,6,4,6,6,1,hub2.1,6,2,4,11047,4,,1,False,6,0
True,relevant,"The grid was very small, so very easy relatively",0,not_scaffolded,0,689b9f26bf57147ba865e111,1,"Uhh not very yet, I don;t know how hard they get.","No, the grid was sooo tiny.",6,689b9f43e277e93fe1ec8cca,2,3,4,2,4,2,4,1,help1.1,2,2,4,81904,7,I've never played one before so I just wasn't exactly sure how until I got started,1,False,5,16
True,relevant,"All of it, it was very simple",0,not_scaffolded,0,689b9f26bf57147ba865e111,1,"getting more so, but not by muchm that was also very simple","nope, it was very easy",6,689ba002019f5c8e27d85254,1,2,4,1,6,1,1,1,help2.3,1,2,5,26168,7,"nothing, it was easier than the first",1,False,6,6
False,relevant,"nothing really, so confusing, my brian hurts",0,not_scaffolded,6,689b9f26bf57147ba865e111,7,"very low, I can only do super easy ones","nope, did not solve it.",2,689ba06be43f28b7845d3cd0,7,7,2,7,1,7,7,1,hub2.3,7,2,2,198853,1,all of it,1,False,1,10
True,none,Drawing connections ,0,not_scaffolded,0,689b9f70828dd5d2422e70f2,2,Fairly confident,"Not really, but I think it felt easy because this puzzle feels like it was probably a beginner puzzle",4,689b9f989edb233177c6e9eb,1,4,4,1,4,2,2,1,help1.2,3,2,5,67924,7,Nothing in particular,1,False,6,14
True,none,Picking positives by eliminating the negatives,0,not_scaffolded,0,689b9f70828dd5d2422e70f2,2,Fairly confident,Not really. It still felt like a beginner puzzle geared more towards teaching how to do these.,4,689ba04d5b369118e14b603d,4,5,4,3,4,2,2,1,help2.1,3,2,6,92858,6,Nothing in particular,1,False,3,16
True,none,Eliminating factors to hone in on the right answers,1,not_scaffolded,0,689b9f70828dd5d2422e70f2,2,Fairly confident,"Not particularly, It seems like something I could have done a lot better at",6,689ba1039edb233177c6e9ef,4,7,4,2,4,5,5,1,hub2.1,5,2,6,482883,7,So many rules with two factors to them,1,False,3,48
True,none,It was a little confusing at first but I figured out how to do it.,0,not_scaffolded,0,689ba0197163696805b56fb4,2,Fairly confident.,Yes because it was satisfying to finish it.,7,689ba038019f5c8e27d85255,4,6,6,3,6,5,5,1,help1.2,4,2,6,93870,7,It was hard to get started,1,False,3,5
True,none,Same as last just more guessing.,0,not_scaffolded,0,689ba0197163696805b56fb4,5,Pretty confident.,Yes it was rewarding.,5,689ba0fde43f28b7845d3cd2,4,6,5,3,5,5,4,1,help2.1,5,2,6,83537,6,They didn't give any for sure so it was harder.,1,False,3,4
False,none,It was too hard.,0,not_scaffolded,0,689ba0197163696805b56fb4,7,Not confident,No very stupid because it was hard af.,1,689ba1af5b369118e14b603f,6,7,2,7,1,7,7,1,hub2.3,7,2,2,70445,1,It had too much going on that I couldn't wrap my head around it.,1,False,1,0
True,none,,1,scaffolded,0,689ba03aa0fabb1a65c0996d,4,Not very confident.,"I misread one of the clues, which was actually pretty straightforward, so it didn't make me feel smart. ",2,689ba07ca71d0d49580fc5d6,6,6,2,6,2,6,4,1,spoke1.2,6,2,2,294880,2,,2,False,1,4
True,none,,0,scaffolded,0,689ba03aa0fabb1a65c0996d,3,"This one was pretty simple and easy, so I'm still not very confident.","No, it was pretty straightforward and something I should be able to do without much effort.",4,689ba1f39edb233177c6e9f1,4,5,4,4,3,2,2,1,spoke1.3,2,2,2,22972,4,,2,False,3,4
False,none,,0,scaffolded,0,689ba03aa0fabb1a65c0996d,7,Zero confidence.,"No. I feel like it would take a long time for me to solve, if I could even get it right. ",1,689ba25e6b15704ebfa4ae90,7,7,1,7,1,7,7,1,hub2.1,7,2,1,199295,1,All of it,2,False,1,6
True,none,Everything.  This was a fairly easy logic puzzle.,0,not_scaffolded,0,689ba99818c78be54008470d,1,I am fairly confident with this type of puzzle.,Not really. It didn't really challenge me.,6,689ba9e418c78be54008470e,1,6,4,3,5,1,1,1,help1.3,1,2,6,128364,7,Nothing. The most difficult piece was switching between the different symbols.,2,False,5,16
True,none,Everything.  The puzzle was quite easy.,0,not_scaffolded,0,689ba99818c78be54008470d,1,I am confident in my ability to solve most of these types of problems.,It did not.  The puzzle was too easy to make me feel smart.,6,689bab93828dd5d2422e70f4,1,4,4,1,6,1,1,1,help2.2,1,2,6,83001,7,The only thing mildly difficult is switching between the symbols.,2,False,7,16
True,none,"The puzzle itself, although a bit more challenging than the previous two, was still quite easy all around.",0,not_scaffolded,0,689ba99818c78be54008470d,1,I am fairly confident in my ability to solve this type of problem.,It did not.  The puzzle was not particularly challenging.,6,689bac3e9edb233177c6e9f4,1,5,4,2,6,1,2,1,hub2.1,2,2,6,246955,7,Only the symbols are difficult.,2,False,5,46
False,none,,0,not_scaffolded,3,689bb10b6bc6c32c3cb589bf,,,,,689bb115e277e93fe1ec8ccf,,,,,,,,1,help1.1,,2,,3173,,,2,False,,1
True,relevant,It was relatively simple. I only had to put four items in order.,0,scaffolded,0,689bb118a71d0d49580fc5d9,3,I can solve a similar type of problem as long as it is not dramatically more complex.,"No, it seemed simple enough that solving it was not much of a challenge and therefore not much of a reward.",4,689bb14d7163696805b56fb9,2,4,5,3,5,3,3,1,spoke1.2,3,1,5,61477,5,N/A,1,False,5,4
True,relevant,"Again, I only had to assign four options to four other options, in this cases vegetables to amounts of water. The hints were not very numerous but neither were the options, so it was not very difficult.",0,scaffolded,0,689bb118a71d0d49580fc5d9,2,I think I could solve similar puzzles as long as they were not much more complicated.,"Again this was relatively simple so although I was happy to solve it, it did not feel like a major breakthrough.",4,689bb1e82b3db56c9ca8f98d,2,4,5,3,5,3,3,1,spoke2.1,3,1,5,82385,5,N/A,1,False,5,4
True,relevant,Deciding which item was whole was easy because it was explicitly stated in the first hint.,0,scaffolded,0,689bb118a71d0d49580fc5d9,2,I am only slightly confident since I was confused by this one for quite some time.,"Yes, I was very proud to solve it because it was more challenging than the previous two.",5,689bb2dce277e93fe1ec8cd3,3,7,6,7,6,6,7,1,hub2.1,7,1,6,1160332,6,"I misunderstood the nature of the puzzle at first. I did not realize that unlike the puzzles with only a single grid, this puzzle was supposed to have two green circles in each column and row, not one.",1,False,1,12
True,generic,"One I nailed down one step, the rest came together easier",1,scaffolded,0,689bb119a71d0d49580fc5da,2,Fairly confident.  I'm persistent until I figure it out.,"yes, I believe I did fairer than the average person.  Solving it alone made me feel accomplished.  I was determined to solve it.",7,689bb152e43f28b7845d3cd3,6,7,6,3,6,6,6,1,spoke1.2,6,2,5,264941,6,the beginning of just figuring out the logic,2,False,3,4
True,generic,Nailing down the first answer made the rest easy since it's all based on logic,0,scaffolded,0,689bb119a71d0d49580fc5da,1,Very confident,"Yes, I solved it a lot faster than the first one now that I have the hang of it.",7,689bb2dbe277e93fe1ec8cd2,5,5,7,3,7,4,4,1,spoke2.1,4,2,7,53160,7,Figuring out the first certain tile,2,False,3,4
True,generic,Nothing was easy.  Had to make notes to the side for yes and no logic to each scenario,0,scaffolded,0,689bb119a71d0d49580fc5da,1,Very confident!,"Yes!  At the onset I didn't think I was going to figure it out, but I kept chipping away and felt myself getting closer.",7,689bb36ba71d0d49580fc5dd,7,7,7,7,7,7,7,1,hub2.3,7,2,5,1829839,7,Multi-layered tables that intersect each other made it extremely difficult.,2,False,1,12
False,generic,"Some of the hints were clear and unambiguous, as to what should be entered in the puzzle.",0,hub,0,689bb11aa71d0d49580fc5db,3,"I am somewhat confident, I know I can usually do well, if I spend enough time.","Yes, because I able to think analytically and use logic and reasoning.",5,689bb458828dd5d2422e70fc,7,7,4,7,5,6,7,1,hub2.2,7,2,5,429263,4,Trying to figure out the hints that did not have an obvious answer in the puzzle.,2,False,1,13
False,none,,0,scaffolded,3,689bb11ba71d0d49580fc5dc,,,,,689bb21218c78be540084711,,,,,,,,1,spoke1.2,,2,,67041,,,1,False,,1
True,generic,none,0,scaffolded,0,689bb1219edb233177c6e9f5,1,fairly confident,"yes it did, this was my first time trying a puzzle like this so I was pleasantly surprised I got it correct.",6,689bb162019f5c8e27d85257,5,6,6,5,6,6,5,1,spoke1.3,5,2,6,60124,7,organizing the order,1,False,2,4
True,generic,none,0,scaffolded,0,689bb1219edb233177c6e9f5,1,fairly confident,"yes it did, this was my first time trying a puzzle like this so I was pleasantly surprised I got it correct.",6,689bb233c87adf49dde11959,5,6,6,5,6,6,5,1,spoke1.3,5,2,6,57972,7,organizing the order,1,False,2,5
False,generic,none,0,scaffolded,5,689bb1219edb233177c6e9f5,7,not at all confident,made me feel very dumb to be honest. it was so much hard than puzzle one and two.,1,689bb2b1e43f28b7845d3cd5,7,7,1,7,1,7,7,1,hub2.1,7,2,1,266729,1,adding in the other parts compared to puzzles one and two made this so very hard.,1,False,1,7
False,none,I had no experience and feel like the directions weren't that well stated.  I was definitely challenged and didn't find that any parts of the puzzle were particularly easy,0,hub,10,689bb129c87adf49dde11956,6,Not very confident.,I didn't solve the puzzle.  I definitely didn't feel smart,1,689bb16fbf57147ba865e116,6,7,2,6,1,6,7,1,hub2.2,7,2,2,339472,1,pretty much the whole thing.  Ha ha. ,1,False,2,38
True,generic,I've played a lot of these types of puzzles. This was a very simple and short puzzle with just a few clues.,0,not_scaffolded,0,689bb12a5b369118e14b6042,1,I'm very confident.,"No, this puzzle doesn't make me feel smart. First of all, I know I'm smart. But also, I've done a lot of these types of puzzles and one that are much more complicated than this one.",7,689bb168a86babb31d8ead9c,4,2,7,2,7,2,2,1,help1.1,2,2,7,81038,7,"Marking the puzzle was the hardest part, because I occasionally forgot to change the type of mark.",2,False,7,16
True,generic,I explained what was easy in the last set of questions. This was the same.,0,not_scaffolded,0,689bb12a5b369118e14b6042,1,Very.,"No, I'm smart already.",7,689bb288828dd5d2422e70f8,4,2,7,2,7,2,2,1,help2.2,2,2,7,68841,7,"I explained in the last puzzle that marking it was the most complicated thing about it, because I wasn't always changing the marking properly. This time, I was more competent at that.",2,False,7,16
False,generic,I needed more time. It wasn't hard.,0,not_scaffolded,5,689bb12a5b369118e14b6042,7,See previous response.,See previous response.,4,689bb337bf57147ba865e119,4,2,7,2,4,2,2,1,hub2.3,2,2,7,406935,4,The pop-up box was making it frustrating.,2,False,2,35
False,relevant,None,4,scaffolded,1,689bb1375b369118e14b6043,7,not at all,I conceded,1,689bb1c8a86babb31d8ead9d,7,7,1,7,1,7,7,1,spoke1.3,7,1,1,376689,1,Everything.  It was very confusing and didn't understand how to use the buttons at first.,1,False,1,0
False,relevant,The brocoli and eggplant,0,scaffolded,5,689bb1375b369118e14b6043,7,Not at all.  ,No it made me feel stupid.  It requires more instruction in how to operate the buttons and marking your answers and how to know if your right.,1,689bb3b19edb233177c6e9f9,7,7,1,7,1,7,7,1,spoke2.2,7,1,1,326281,1,all of it.,1,False,1,9
False,relevant,reading,0,scaffolded,5,689bb1375b369118e14b6043,7,With a little instruction I am confident I could solve them in time.,"No, I couldn't figure it out",1,689bb56fa86babb31d8eada5,7,7,1,7,1,7,7,1,hub2.2,7,1,1,259302,1,"Everything else, there were no instructions.",1,False,1,7
False,none,None,0,hub,0,689bb13e828dd5d2422e70f5,7,Not very confident,"No,  because I could not solve the pzzle",1,689bb18d6b15704ebfa4ae91,7,5,1,5,2,5,6,1,hub2.1,7,1,2,88173,2,All aspects of the puzzle were hard for me,1,False,1,1
False,relevant,Understanding it as a whole way way easy than the technicalities,1,not_scaffolded,0,689bb13fbf57147ba865e115,7,"I am not, I am still so poor in this","Kind of, because it made me think a lot, because it was very challenging",1,689bb1ce828dd5d2422e70f6,6,6,1,6,2,6,6,1,help1.2,7,1,2,473559,1,Being able to figure out how the entities are connected,1,False,2,4
False,relevant,The questions were a bit easier to figure out,0,not_scaffolded,3,689bb13fbf57147ba865e115,6,Not at all,"No, I was still unable to find solutions despite trying very hard",3,689bb46da86babb31d8eada1,5,6,1,5,3,5,5,1,help2.1,5,1,3,121297,3,Figuring out the connections between the entities,1,False,6,3
False,relevant,Figuring them out was a bit easier,0,not_scaffolded,5,689bb13fbf57147ba865e115,6,Not at all,"No, because despite two trials it is still not becoming easier",2,689bb5655b369118e14b604a,6,6,2,6,1,6,6,1,hub2.1,6,1,2,161875,1,"Deciding what should go where, given the information to use as guidance",1,False,6,3
False,generic,"I did not understand the objective of the puzzle.  The instructions were not clear to me, and there was no way to get feedback on the answers.  ",1,not_scaffolded,0,689bb13f18c78be540084710,1,I play the Wordle daily and enjoy mini crosswords daily as well.  ,"No, based on the previously entered reasons.  ",1,689bb18e019f5c8e27d85258,4,6,1,6,1,6,6,1,help1.2,6,1,2,236360,1,"I did not understand the objective of the puzzle.  The instructions were not clear to me, and there was no way to get feedback on the answers. ",1,False,1,3
False,generic,,0,not_scaffolded,3,689bb13f18c78be540084710,,,,,689bb2dce277e93fe1ec8cd4,,,,,,,,1,help2.2,,1,,66851,,,1,False,,13
True,relevant,Filling out the end,0,hub,0,689bb1457163696805b56fb6,1,Very,"Somewhat, felt good to get it right, and pretty quickly.",7,689bb1652b3db56c9ca8f98a,3,6,7,3,7,5,5,1,hub2.1,5,2,7,213844,7,N/A,1,False,3,46
False,generic,it was very simple to understand,0,scaffolded,2,689bb1487163696805b56fb7,3,confident,sure,3,689bb160019f5c8e27d85256,5,7,3,1,3,1,1,1,spoke1.2,1,2,5,76146,5,none,2,False,1,2
False,generic,I thought some of it was but I have a lot of brain fog right now from being really hungry so it is hard to think,0,scaffolded,0,689bb1487163696805b56fb7,6,Not that confident,No,2,689bb2965b369118e14b6046,7,6,2,7,2,7,7,1,spoke2.2,7,2,2,192695,2,A lot of it was difficult,2,False,2,0
False,generic,I thought the beginning was easy but after a bit it gets a little complicated,0,scaffolded,0,689bb1487163696805b56fb7,7,Usually pretty confident,It makes me feel pretty stupid because usually I can solve these easily but I am hungry so it is difficult to concentrate,1,689bb39e828dd5d2422e70f9,6,7,1,7,2,7,7,1,hub2.2,7,2,1,118944,1,I don't like how there were multiple sections / categories instead of just the one,2,False,2,31
True,none,None,0,hub,0,689bb14b7163696805b56fb8,6,"Fairly confident, I enjoy the challenge","Yes, they are always a challenge",6,689bb16fbf57147ba865e117,6,6,6,6,6,6,6,1,hub2.1,6,1,6,247888,6,None,2,False,3,46
False,none,,0,hub,0,689bb1569edb233177c6e9f6,,,,,689bb19dc87adf49dde11958,,,,,,,,1,hub2.2,,1,,42944,,,1,False,,3
False,generic,Finding out the size/shapes of the ingredients,0,hub,10,689bb15b5b369118e14b6044,6,Not very,"No, I didn't solve it",2,689bb19cc87adf49dde11957,6,7,2,6,2,7,7,1,hub2.3,7,1,2,633727,3,Keeping track of everything in my mind,1,False,1,38
False,none,"Nothing was, maybe the instructions.",0,hub,0,689bb1d8828dd5d2422e70f7,7,None,"I did not solve it, it did not make me feel smart.",1,689bb2149edb233177c6e9f7,6,7,1,6,1,7,6,1,hub2.2,7,2,1,270510,1,Trying to solve it.,1,False,1,5
False,relevant,None. ,1,scaffolded,2,689bb1df2b3db56c9ca8f98b,7,A bit confident. ,Not smart. I wasn't able to complete the puzzle. ,5,689bb277e277e93fe1ec8cd1,7,7,3,7,1,7,7,1,spoke1.1,7,2,1,249599,1,Figuring out what I was supposed to do with the hints. And some information is hidden too. ,1,False,1,14
False,relevant,Placing the marks in the boxes. ,0,scaffolded,8,689bb1df2b3db56c9ca8f98b,5,Very confident. ,I didn't receive any feedback so I'm not sure of how I think of my performance. ,2,689bb4045b369118e14b6048,7,7,4,7,5,6,7,1,spoke2.1,6,2,7,135306,1,I still don't fully understand how I am supposed to finish the puzzle. ,1,False,7,8
False,relevant,Only marking the boxes. ,0,scaffolded,7,689bb1df2b3db56c9ca8f98b,7,Still a bit confident.,"Nope, I couldn't figure it out. ",1,689bb57e9edb233177c6e9fa,7,7,2,7,1,7,7,1,hub2.1,7,2,1,347926,1,I wish I had a mentor. It was hard figuring out the formula. I don't know if the ingredients should be taken as they are and how they are prepared or there is a formula. I will be doing some more research on this study. ,1,False,1,7
True,none,The format was user-friendly. ,0,not_scaffolded,0,689bb2535b369118e14b6045,2,"I'm fairly confident. I'm also exhausted and left awful the last few nights, so this probably isn't a great moment to maximally tax my processing, but in general, sure. ","No, not really. ",5,689bb2ab6b15704ebfa4ae94,2,5,4,2,5,2,2,1,help1.3,2,1,5,41647,6,"I mean, I'm sure these get much, MUCH harder; No aspect of this one was difficult. ",1,False,5,4
True,none,"Again, the form. The form is appealing. ",0,not_scaffolded,0,689bb2535b369118e14b6045,2,"This concept can get very complicated, very quickly. So, I'm tempering my confidence here. ","No, not really. ",6,689bb3ea019f5c8e27d8525d,2,2,4,2,5,2,2,1,help2.2,2,1,5,207786,6,"So, I mid-read one of the lines. Like, for no reason. And So I thought it was unsolvable. For a while. lol",1,False,6,4
False,none,"Mushroom is whole, we know that much. ",0,not_scaffolded,1,689bb2535b369118e14b6045,6,"In general, I know quite specifically where I stand regarding these types of puzzles and problems. I had it tested. Like, in life. So, you know, I'm still going to stay confident. ","I mean, no. But it didn't make me feel dumb either really. The effort was too significant for a puzzle game with no real consequences. ",2,689bb5556b15704ebfa4ae98,6,6,2,6,2,6,6,1,hub2.1,6,1,2,361580,2,"There are soooooo many more permutations with the third box that it was too difficult to do quickly. I'd like the think I could have done it in other conditions, like morning, coffee, not tired, not hungover tbh. But right now, that was too tall a task. ",1,False,2,2
False,generic,"The only prob;em I had seemed to be technical. The puzzle ""never completed"" so I had to choose to concede but I felt I had the correct answer.",0,not_scaffolded,2,689bb2cc18c78be540084712,4,I feel I would do average in these puzzles.,"No, I was not able to complete the puzzle due to technical limitations.",4,689bb3129edb233177c6e9f8,4,5,4,3,4,4,2,1,help1.2,4,1,4,435945,4,Only the technical issues seemed to be difficult.,1,False,2,14
False,generic,,0,not_scaffolded,2,689bb2cc18c78be540084712,,,,,689bb54ea86babb31d8eada2,,,,,,,,1,help2.1,,1,,939714,,,1,False,,10
False,generic,,1,hub,12,689bb3782b3db56c9ca8f98e,7,Very confident,Yes. it makes me become creative and smart in making the decision,7,689bb4496b15704ebfa4ae96,6,6,7,6,4,6,7,1,hub2.1,6,1,7,149455,7,,1,False,7,5
False,relevant,,0,hub,0,689bb994019f5c8e27d8525e,,,,,689bb9e1e43f28b7845d3cd7,,,,,,,,1,hub2.2,,2,,421284,,,1,False,,8
True,relevant,Some clues told you exactly what you needed to know,0,not_scaffolded,0,689bc40218c78be540084714,1,Semi-confident,"Not really, becuase two of the clues were straightforward and two clues I needed to just guess at.",4,689bc42ba86babb31d8eada6,4,6,5,4,4,3,5,1,help1.2,4,2,4,96349,5,There were two columns that I felt I had to just guess at,1,False,2,5
True,relevant,There were many clues given that you could eventually figure out the puzzle from,0,not_scaffolded,0,689bc40218c78be540084714,1,Semi-confident,A little smart because I eventually was able to figure it out.,5,689bc4e2e43f28b7845d3cd8,5,6,5,5,6,6,6,1,help2.1,6,2,5,157970,6,A lot of the clues were multiple pieces of information and you had to compare them to figure out which ones were true.,1,False,1,4
True,relevant,Once I figure out how to fill in all the boxes based on what I already knew it was easier to visualize the options still available.,0,not_scaffolded,0,689bc40218c78be540084714,1,semi-confident,"Yes, because I had to work at it for a while but eventually figured it out.",6,689bc5e4e277e93fe1ec8cdd,7,7,6,6,6,7,7,1,hub2.1,7,2,6,531527,7,The initial clues didn't tell very much.,1,False,1,47
False,relevant,Reading the clues ,0,scaffolded,2,689bc411bf57147ba865e11b,2,Some what confident ,"Yes, because it made me feel like i could read and decipher a some what confusing clue",4,689bc448828dd5d2422e70ff,5,5,4,5,2,2,2,1,spoke1.1,2,1,4,50145,5,Trying to keep tract of what each clue was saying ,1,False,5,2
False,relevant,Trying to do the math. Numbers aren't my thing,0,scaffolded,3,689bc411bf57147ba865e11b,4,Not confident ,Not smart. Again with it having numbers,4,689bc4dfc87adf49dde1195e,6,5,4,5,3,5,5,1,spoke2.2,5,1,6,121032,3,The numbers trying to do the math in my head,1,False,4,1
False,relevant,None it was to many options and to many different things added to each other,0,scaffolded,6,689bc411bf57147ba865e11b,1,Not confident ,No my brain couldn't work it out ,1,689bc5a818c78be540084716,6,6,1,6,1,6,6,1,hub2.1,6,1,1,170912,1,"Trying to figure if each thing was mashed chopped, halved or whole",1,False,1,2
False,relevant,,0,not_scaffolded,2,689bc4137163696805b56fbc,,,,,689bc473e277e93fe1ec8cd8,,,,,,,,1,help1.3,,2,,105078,,,1,False,,2
False,none,The ingredients seemed easy to follow,0,hub,3,689bc4157163696805b56fbd,2,"I entered the puzzle confident, but exited in defeat.","No, I felt (feel) the oposite of smart",1,689bc45dc87adf49dde1195d,6,7,1,6,2,6,6,1,hub2.3,6,1,1,107457,1,The questions about order were hard for me,2,False,6,2
True,generic,The fact that it specifically told you the placement of one of them.,0,scaffolded,0,689bc41b7163696805b56fbe,1,Mostly confident.,A little. I feel smart in general. I enjoy figuring things out.,5,689bc460a0fabb1a65c09971,2,6,6,2,4,4,4,1,spoke1.2,5,1,6,138881,5,Nothing was terribly difficult,1,False,4,4
True,generic,Nothing was particularly easier than the last puzzle.,0,scaffolded,0,689bc41b7163696805b56fbe,1,Confident. ,Yes. I figured it out faster (or so it seemed) than the first.,6,689bc55bc87adf49dde11960,1,6,6,2,6,4,4,1,spoke2.1,4,1,6,75311,6,It didn't start you with a concrete spot for one of them.,1,False,4,4
False,generic,I had a lot of difficulty with this one. I didn't find it as easy as the others.,1,scaffolded,2,689bc41b7163696805b56fbe,4,"I'm back down to ""mostly confident""","I didn't solve it, so, no. It did not make me feel smart.",4,689bc609e277e93fe1ec8ce0,1,6,4,3,4,3,4,1,hub2.3,6,1,4,314093,4,I didn't really understand why there were 3 blocks instead of 2.,1,False,2,5
True,relevant,"There were only 4 places they could go, and the first two clues made it pretty simple from there.  ",0,scaffolded,0,689bc4242b3db56c9ca8f991,4,"If they only have these few variables, sure, but I boast no confidence beyond that.","No, because I am sure this is a puzzle most everyone could solve rather easily.",4,689bc4846bc6c32c3cb589c2,2,2,4,2,4,2,2,1,spoke1.3,2,1,4,67652,5,There weren't any.,1,False,5,4
True,relevant,I found the process easy by the third clue.  It was slightly more challenging the first puzzle.,0,scaffolded,0,689bc4242b3db56c9ca8f991,4,I am adequate at solving this type of puzzle. ,It did not; it's a simple puzzle.,4,689bc5b7e43f28b7845d3cdb,2,3,4,2,4,2,3,1,spoke2.2,2,1,4,75166,5,There were not.,1,False,5,4
False,relevant,"I didn't find it difficult, I just didn't know how to mark it right in the boxes.",0,scaffolded,0,689bc4242b3db56c9ca8f991,4,I am adequate.  ,It did not.,4,689bc6a6e43f28b7845d3cdd,4,4,4,4,4,4,3,1,hub2.2,4,1,4,370670,4,Figuring out whether to use the vertical or horizontal method for boxes.,1,False,4,8
False,generic,Being told which ingredient was added before the next ingredient.,2,hub,5,689bc429828dd5d2422e70fe,7,I'm good at solving other types of puzzles.,"no, I couldn't figure it out.",1,689bc464a0fabb1a65c09972,7,7,1,7,1,7,7,1,hub2.1,7,2,1,107824,1,Everything else like arranging 1-4 added ingredients in order.,2,False,1,0
True,none,I think the hints made it pretty easy to quickly guess the solution.,0,not_scaffolded,0,689bc430a86babb31d8eada7,2,I'm usually fairly skilled at logic puzzles and enjoy the challenge of them. I'm autistic and usually have a knack for recognizing patterns fairly quick which can come in handy for them.,"Not really, I think this was a fairly basic version of this type of puzzle but it did feel good being able to solve it fairly quickly.",6,689bc473e277e93fe1ec8cd7,5,6,6,5,6,4,5,1,help1.1,4,2,6,82671,7,"The first hint confused me, but it quickly made sense after reading the other hints.",2,False,4,4
True,none,The hints made it easy to solve quickly.,0,not_scaffolded,0,689bc430a86babb31d8eada7,2,I love logic puzzles and am usually pretty decent at solving them.,"Not really, it's a pretty simple puzzle if you read all the hints before solving.",5,689bc58e828dd5d2422e7102,4,4,6,3,6,3,5,1,help2.3,4,2,6,25937,5,"Nothing was particularly difficult, it was similar to the previous puzzle.",2,False,5,4
False,none,The clues that were obvious like the onions were 4th and the carrots were mashed.,0,not_scaffolded,2,689bc430a86babb31d8eada7,4,I feel like I'm fairly decent/skilled at logic puzzles but I like to be able to take my time and work my way through them.,"Not really, I know I could have figured it out if I wanted to spend the time working it out in my head, but just the one puzzle likely would have taken me longer than 10 minutes.",4,689bc607e277e93fe1ec8cdf,6,7,4,6,4,6,7,1,hub2.2,6,2,5,334944,4,"It became a lot more difficult and time consuming with the 3 dimensions, and considering the time vs. payment of the task, it didn't seem like it'd be worth the effort for me to truly take the time to solve it. I think there were too few hints given the additions to the puzzle.",2,False,2,10
False,generic,none,1,scaffolded,6,689bc436a86babb31d8eada8,3,"fair, not that confident","yes,i had to use mental effort by thinking deeply",4,689bc4d59edb233177c6e9fd,6,6,4,6,4,7,6,1,spoke1.2,7,2,4,416662,5,hints,1,False,1,10
False,generic,the hints,0,scaffolded,1,689bc436a86babb31d8eada8,5,good,"yes, i had to think well",5,689bc737c87adf49dde11967,5,6,5,5,5,6,6,1,spoke2.1,6,2,5,130451,5,none,1,False,1,3
False,generic,hints,0,scaffolded,2,689bc436a86babb31d8eada8,3,fair,"no, i'm confused",3,689bc8417163696805b56fc8,6,7,3,6,3,7,7,1,hub2.3,7,2,3,260826,3,all,1,False,1,2
False,none,To connect answers  ,0,not_scaffolded,1,689bc454828dd5d2422e7100,3,Very confident,Yes,3,689bc4f3828dd5d2422e7101,4,6,4,3,2,4,4,1,help1.1,5,1,4,104359,4,Rules,1,False,4,2
False,none,To find solutions,0,not_scaffolded,2,689bc454828dd5d2422e7100,4,Good,Yes. Solved something different ,4,689bc5ffc87adf49dde11963,4,6,5,3,4,3,4,1,help2.2,3,1,5,78267,4,Follow rules,1,False,2,3
False,none,Follow the rule ,0,not_scaffolded,3,689bc454828dd5d2422e7100,3,Confident ,"Yes, think about it ",4,689bc6c418c78be540084718,3,4,4,3,3,5,4,1,hub2.2,4,1,4,94869,4,To find the right place,1,False,4,3
False,none,I,0,hub,0,689bc459c87adf49dde1195b,7,Not very confident,I wasn't able to solve the puzzle.,2,689bc506a71d0d49580fc5e1,4,4,1,5,1,7,7,1,hub2.3,5,1,2,318945,1,,2,False,1,8
False,relevant,For me not doing logic puzzlesI had to concede ,1,not_scaffolded,2,689bc459c87adf49dde1195c,7,no these types maybe other types of puzzles,I did not feel smart solving the puzzle as I don't think I solved it,1,689bc4a17163696805b56fbf,7,7,1,7,1,7,7,1,help1.1,7,1,1,232321,1,all of them are hard my brain is not really wired this way,1,False,1,2
False,relevant,as stated before I none of it was easy,0,not_scaffolded,1,689bc459c87adf49dde1195c,1,Not confidence at all with similar types of puzzles ,No really,1,689bc634e43f28b7845d3cdc,7,7,1,1,1,7,7,1,help2.2,7,1,1,115722,1,all of them for meI think I got it; however was not notified Idid,1,False,1,15
False,relevant,"This one was too hard, I immediately conceded",0,not_scaffolded,0,689bc459c87adf49dde1195c,7,not very confident,not at all just could not make sense of it,1,689bc72b7163696805b56fc5,7,7,1,7,1,7,7,1,hub2.2,7,1,1,7919,1,all of them,1,False,7,0
True,generic,the givens,1,hub,0,689bc46ce277e93fe1ec8cd6,3,I believe that I could do pretty well now that I know how it works,not necessarily smart but accomplished,5,689bc4b9a71d0d49580fc5e0,6,6,4,4,5,4,5,1,hub2.3,5,2,4,484903,5,some times the language was confusing,1,False,2,12
False,none,The instructions was clesr but the task was a bir hard,0,scaffolded,6,689bc475a71d0d49580fc5de,6,not very confident. This type of puzzle seems very much different,well not entirely but i did tried my beat,2,689bc4c3e277e93fe1ec8cd9,7,7,1,7,6,7,7,1,spoke1.2,6,1,1,68874,4,Setting the blocks proved cery hard for me,1,False,6,1
False,none,none,1,scaffolded,1,689bc475a71d0d49580fc5de,6,not very confident,no,6,689bc5649edb233177c6e9fe,7,6,6,6,7,7,7,1,spoke1.3,5,1,1,85483,6,it sas  ery hard to state the fact,1,False,7,1
False,none,none,0,scaffolded,9,689bc475a71d0d49580fc5de,7,not very,"no, but i leane t alot",1,689bc5e3e277e93fe1ec8cdc,7,5,1,6,2,7,7,1,hub2.3,6,1,1,13607,1,it was very hard to depict,1,False,6,3
False,generic,,0,scaffolded,5,689bc4b8a71d0d49580fc5df,,,,,689bc57de43f28b7845d3cda,,,,,,,,1,spoke1.1,,2,,104750,,,1,False,,5
False,none,Working the knowns from the hints.,0,not_scaffolded,3,689bc4f27163696805b56fc0,5,"I'm pretty okay once I get the hang of it. I used to do sudoku ceaselessly, and 1,000-piece puzzles and 3DPuzz.","No, because it's arbitrary rules that work and just keep wasting time. If I waste time, I don't feel smart.",4,689bc537e43f28b7845d3cd9,1,1,4,3,4,2,3,1,help1.2,3,2,4,105454,4,Knowing how much of the puzzle grid to fill up or an example final solution.,1,False,4,0
False,none,"I would say reading the notation about the symbols was good from the instructions, and the key seemed memorable anyway, like it made sense. ",0,not_scaffolded,0,689bc4f27163696805b56fc0,7,"I would be confident in something similar in real life, because I can sort certain kinds of info, just not a lot.","Yes, in the sense of JOMO. Otherwise, it made me feel escape-y from a thing that normally fuzzes a person out.",1,689bc65b5b369118e14b604d,1,1,4,1,1,1,4,1,help2.3,1,2,4,2987,7,"I wouldn't say there was a hard aspect, because I conceded early due to time and disinterest or JOMO.",1,False,7,0
False,none,"Crossing out and uncrossing seemed to help, and then reading for the only spots that information could go in.",0,not_scaffolded,0,689bc4f27163696805b56fc0,7,"I would be okay with a subway map, for example, or a bus agenda. Otherwise, I feel less capable by being immersed so briefly. ","Yes, but only a little bit, because I feel better when I think about food and get things organized. I felt otherwise dumb, because I felt like it wasn't truly completable, even with signal.",1,689bc72c7163696805b56fc6,5,1,4,5,1,5,5,1,hub2.3,5,2,1,94251,2,"The hard aspect was realizing I needed to pull from, I guess, linguistic or action thoughts about cooking. Like what would be mashed, what could be whole?",1,False,1,2
False,relevant,,1,not_scaffolded,1,689bc526019f5c8e27d8525f,,,,,689bc8489edb233177c6ea01,,,,,,,,1,help1.3,,1,,168655,,,1,False,,2
False,generic,It was difficult and the instruction were not great.,0,hub,0,689bc6429edb233177c6ea00,4,N/A,I felt like a moron because the instructions were unclear. Thanks...,4,689bc672a71d0d49580fc5e3,4,7,4,7,4,7,7,1,hub2.1,7,2,4,39678,4,Understanding the instructions. They were unclear.,1,False,7,0
False,none,Everything was difficult to me,1,hub,4,689bc6b1c87adf49dde11965,7,Not confident,Could not solve,1,689bc735e277e93fe1ec8ce2,6,4,1,1,2,7,6,1,hub2.3,7,1,7,81883,1,Nothing was easy,1,False,1,9
False,none,The only easy part was the given answers.,0,not_scaffolded,2,689bc7a5c87adf49dde11968,7,No confidence.,No. The opposite. I felt dumb.,1,689bc7fba86babb31d8eadad,7,7,1,7,1,7,7,1,help1.3,7,1,1,290222,1,The whole thing was hard for me.,1,False,1,12
False,none,The given answers,0,not_scaffolded,1,689bc7a5c87adf49dde11968,7,Not at all.,No! I am clueless.,1,689bc9986bc6c32c3cb589c4,7,7,1,7,1,7,7,1,help2.2,7,1,1,134084,1,All of it,1,False,1,8
False,none,None of it,0,not_scaffolded,0,689bc7a5c87adf49dde11968,7,No confidence at all.,"HAH! Hahahahaha! Obviously not, since I conceded.",1,689bca947163696805b56fcb,7,7,1,7,1,7,7,1,hub2.3,7,1,1,26077,1,All of it,1,False,1,0
False,none,none,2,hub,0,689bc93cbf57147ba865e11d,7,zero,"no,i could not figure them out",1,689bc9ec5b369118e14b604f,7,7,1,7,1,7,7,1,hub2.1,7,2,1,221204,1,everything just thinking and making the choices,2,False,1,0
False,generic,,0,not_scaffolded,0,689bcca3bf57147ba865e11e,,,,,689bccb2828dd5d2422e7104,,,,,,,,1,help1.3,,1,,29403,,,1,False,,0
False,generic,None.,0,not_scaffolded,3,689ca6e3bf57147ba865e11f,7,i'm usually good at puzzles.,"no, because I didn't unerstand",1,689ca6fd2b3db56c9ca8f994,6,2,1,4,1,7,7,1,help1.3,7,2,1,93044,1,all. ,2,False,2,4
False,generic,none,1,not_scaffolded,3,689ca6e3bf57147ba865e11f,7,"usually confidentand good at puzzles, but not at thsi one",no because I didn't understand,1,689ca794bf57147ba865e122,6,6,1,6,1,7,7,1,help2.2,7,2,1,45523,1,all,2,False,1,2
False,generic,none,0,not_scaffolded,0,689ca6e3bf57147ba865e11f,6,usually very confident,no because I didn't understand,1,689ca8296b15704ebfa4aea0,5,4,1,6,1,6,6,1,hub2.2,7,2,1,2638,1,all,2,False,2,0
True,relevant,it was just easy to figure out,0,not_scaffolded,0,689ca6e6019f5c8e27d85260,1,a little,"no,  i thought it was easy to begin with",6,689ca71da86babb31d8eadb0,2,5,5,3,6,2,3,1,help1.1,3,2,5,111567,6,none,2,False,6,15
False,relevant,none,0,not_scaffolded,8,689ca6e6019f5c8e27d85260,7,not at all,"no, because i couldnt solve it",1,689ca7e7bf57147ba865e123,7,4,1,7,1,7,7,1,help2.1,7,2,2,229209,1,all of it was hard,2,False,1,6
False,relevant,none,0,not_scaffolded,7,689ca6e6019f5c8e27d85260,7,none at all,"no, i wasnt able to solve it",1,689ca915e43f28b7845d3ce4,7,7,1,7,1,7,7,1,hub2.1,7,2,1,181587,1,"all of it was hard, there was too many rows",2,False,1,12
True,relevant,It was easy to understand where to put things with the clues.,0,scaffolded,0,689ca6eac87adf49dde11969,2,I am somewhat confident.,"It made me feel satisfied, because I got it done.",5,689ca71fa86babb31d8eadb1,5,5,4,4,5,5,5,1,spoke1.3,5,2,4,66069,5,It was hard to keep track of the clues.,1,False,1,4
True,relevant,It was easy to read the clues.,0,scaffolded,0,689ca6eac87adf49dde11969,2,I am somewhat confident.,I feel okay. This puzzle was hard.,5,689ca7aa6b15704ebfa4ae9f,4,5,5,4,5,5,5,1,spoke2.1,5,2,5,107640,5,It was hard to use the clues to get the answer.,1,False,2,4
False,relevant,It was easy to read the clues.,0,scaffolded,0,689ca6eac87adf49dde11969,5,"I'm somewhat confident, but I'm not 100 percent.",No. I couldn't get it.,4,689ca84e18c78be54008471e,7,7,4,7,2,7,7,1,hub2.3,7,2,4,319390,2,It was hard to figure it out.,1,False,1,46
True,relevant,,0,hub,0,689ca6ea9edb233177c6ea03,1,,,5,689ca739c87adf49dde1196a,5,5,5,5,5,5,7,1,hub2.1,5,1,5,411906,5,,1,False,2,36
False,relevant,nothing ,0,scaffolded,1,689ca6f3e277e93fe1ec8ce3,7,none anymore,no i feel dumb,1,689ca7209edb233177c6ea05,7,7,1,7,1,7,7,1,spoke1.2,7,1,1,151049,1,all of it,1,False,1,3
False,relevant,no,0,scaffolded,0,689ca6f3e277e93fe1ec8ce3,7,not confident at all,"no, it was difficult",1,689ca8049edb233177c6ea06,7,7,1,7,1,7,7,1,spoke2.2,7,1,1,20113,1,all of it,1,False,1,0
False,relevant,no,1,scaffolded,0,689ca6f3e277e93fe1ec8ce3,7,not confident,no i feel dumb and need to figure out how to do this now,1,689ca857e277e93fe1ec8ce7,7,7,1,7,1,7,7,1,hub2.3,7,1,1,26037,1,all of it,1,False,1,0
False,none,Understanding the symbols,0,scaffolded,1,689ca6fda0fabb1a65c09974,7,I do not have any confidence in my ability to do these puzzles.,I did not solve it and I do not feel smart,1,689ca749c87adf49dde1196c,5,6,2,5,1,6,5,1,spoke1.2,6,1,1,103751,1,Every aspect was difficult for me,1,False,3,4
False,none,The symbols were somewhat easy to understand.,0,scaffolded,1,689ca6fda0fabb1a65c09974,7,I have zero confidence in solving any of these,I did not solve it and I feel dumb,1,689ca84e18c78be54008471d,7,5,1,4,1,5,6,1,spoke1.3,6,1,1,42734,1,almost every aspect was hard for me to understand.,1,False,1,3
False,none,I have no idea in reality if I even understand the symbols.,0,scaffolded,1,689ca6fda0fabb1a65c09974,7,I am not confident,I did not solve it and feel stupid ,1,689ca906e277e93fe1ec8cec,4,5,1,5,1,5,5,1,hub2.2,5,1,1,72923,1,Every aspect was hard,1,False,1,5
False,generic,no of it ,0,not_scaffolded,2,689ca6ffa0fabb1a65c09975,2,i am not good at puzzles,no,2,689ca7247163696805b56fcc,6,6,2,6,2,6,6,1,help1.2,6,1,2,111495,2,all of it was hard.,1,False,6,0
False,relevant,,1,not_scaffolded,0,689ca704a0fabb1a65c09977,,,,,689ca795e43f28b7845d3ce1,,,,,,,,1,help1.2,,2,,133577,,,2,False,,0
False,none,Nothing was easy.,0,hub,0,689ca70c6bc6c32c3cb589c5,7,Not in the slightest.,"No, I feel incredibly stupid now.",1,689ca73118c78be540084719,4,5,1,6,1,7,7,1,hub2.1,7,1,1,203885,1,The whole thing was hard.,1,False,1,2
True,relevant,The hints were clear and helpful,1,scaffolded,0,689ca714e43f28b7845d3ce0,1,Pretty confident ,Yes. I was able to get the order correct ,5,689ca7b5e43f28b7845d3ce2,5,4,5,4,6,3,4,1,spoke1.3,3,2,5,184148,5,None ,2,False,2,7
False,relevant,I knew what amount of water the green onions and the eggplant needed ,3,scaffolded,0,689ca714e43f28b7845d3ce0,6,"Somewhat confident
",No. I could not solve it,7,689ca903e277e93fe1ec8cea,6,7,6,7,4,6,7,1,spoke2.1,6,2,6,203701,3,I couldn't understand the first instruction,2,False,1,2
False,relevant,Instructions were clear ,6,scaffolded,3,689ca714e43f28b7845d3ce0,7,Pretty confident,I felt a bit less smart since I could not figure out how the grid worked ,6,689caa48e43f28b7845d3ce6,7,7,4,7,6,7,7,1,hub2.1,7,2,5,586344,6,The three grids were a bit much,2,False,1,5
True,none,The ones that were spelled out for me ,0,not_scaffolded,0,689ca717bf57147ba865e120,4,not very confident ,"Not really, because I thought it probably took me too long to figure it out ",4,689ca766828dd5d2422e7105,6,6,2,6,2,6,6,1,help1.2,7,1,3,378339,5,figuring out the ones that were not spelled out for me ,1,False,2,16
True,none,I couldn't see anything that was easy,0,not_scaffolded,0,689ca717bf57147ba865e120,6,not at all ,No because it probably took me too long to solve it ,2,689ca96cc87adf49dde1196e,6,7,2,7,2,7,7,1,help2.1,7,1,2,388234,4,All of it was hard in the process of limiting ,1,False,1,16
False,none,,0,not_scaffolded,11,689ca717bf57147ba865e120,,,,,689cab635b369118e14b6055,,,,,,,,1,hub2.2,,1,,1128666,,,1,False,,37
False,none,None,0,hub,0,689ca73418c78be54008471a,7,Not at all.,Not smart. I couldn't solve it or get any of it so I felt very dumb. ,1,689ca759bf57147ba865e121,7,7,1,7,1,7,7,1,hub2.3,7,2,1,26979,1,Trying to figure out what goes where,1,False,1,0
False,none,None.,0,hub,1,689ca73918c78be54008471b,7,Not confident at all.,I did not solve the puzzle.,1,689ca9dd828dd5d2422e710c,7,4,1,7,1,7,7,1,hub2.1,7,1,1,109043,1,Connecting all of the dots was very hard for me.,1,False,1,0
False,relevant,find the position ,4,hub,0,689ca748c87adf49dde1196b,1,very much confident ,yes it dies and am really proud,6,689ca77b019f5c8e27d85261,6,7,7,7,7,6,7,1,hub2.1,5,2,6,1723255,6,every aspect was not hard at all ,1,False,5,0
True,none,The layout was easy to understand.,0,scaffolded,0,689ca7722b3db56c9ca8f995,3,"Kind of. I enjoy puzzles, so I would give it a go. ","No, because I had a problem understanding the first hint, which isn't great.",5,689ca7a75b369118e14b6050,6,6,4,5,4,6,6,1,spoke1.2,6,2,5,236516,3,"Deciphering the hints. I initially thought the shells were served as two courses, which was throwing me off. Once I figured out that that wasn't the case, it all made sense. ",1,False,2,13
True,none,Understanding how the puzzle worked. ,0,scaffolded,0,689ca7722b3db56c9ca8f995,1,"Kind of. I enjoy puzzles, but I don't believe I am great at them. ","No, because it wasn't difficult. ",3,689ca94b828dd5d2422e7109,2,5,4,2,4,2,2,1,spoke2.1,3,2,4,49194,5,Everything clicked better this time. ,1,False,3,5
False,none,None of it.,1,scaffolded,7,689ca7722b3db56c9ca8f995,7,"Given how badly I did here, not very.",I failed to solve the puzzle. Now I feel disappointed in myself. ,1,689ca9dc828dd5d2422e710b,7,7,1,6,1,7,7,1,hub2.2,7,2,1,282259,1,Trying to get everything aligned on the grid.,1,False,1,5
True,none,Identifying the guaranteed matches based on direct clues like Elbow to Alfredo was straightforward.,1,not_scaffolded,0,689ca7b5e277e93fe1ec8ce4,2,I'm very confident,"Yes, because the final solution required logical reasoning and cross checking multiple clues, which felt satisfying to put together.",6,689ca8a5a0fabb1a65c09978,5,6,6,5,6,4,5,1,help1.3,5,2,6,754009,6,Keeping track of remaining possibilities and eliminating options without loosing track of earlier deductions.,1,False,2,16
True,none,"The direct clue elimination, like ruling out full sun for Green Onions once potato climbed it was straightforward",0,not_scaffolded,0,689ca7b5e277e93fe1ec8ce4,2,Very Confident,"Yes, because it required connecting multiple conditional clues without contradicting earlier deductions, which is satisfying wen it clicks.",6,689cad7e7163696805b56fd1,5,6,6,5,6,4,5,1,help2.1,5,2,6,138427,6,"Ensuring I kept the ""either/or but not both"" condition correct while also tracking the other possibilities was the hard part of it.",1,False,2,13
False,none,,0,not_scaffolded,8,689ca7b5e277e93fe1ec8ce4,,,,,689caf897163696805b56fd6,,,,,,,,1,hub2.1,,2,,939942,,,1,False,,40
False,relevant,None,1,not_scaffolded,4,689ca86bbf57147ba865e124,1,I have a Little confidence,"It was a nice challenge to figure it out and it did feel nice to figure out the clues, like solving a mini mystery. The confusion with Elbow pasta caused difficulty but through it, I felt accomplished. I do not actually feel smart on a personal level, however, more about how I approach these problems logically so there is little pride in that!",1,689ca9282b3db56c9ca8f997,1,7,1,1,1,7,7,1,help1.3,7,2,1,547652,1,"There were certain difficulties with the puzzle because of the possible uncertainty of the term Elbow pasta. The grid contains only Bowtie, Linguine and Shell but in hint 2 there is Linguine linked with Elbow and in hint 3 there is Alfredo linked with Elbow. It meant that it was necessary to interpret ""Elbow"" as either a typographical error or a misnomer referring to one of the mentioned shapes, presumably Bowtie, which complicated the project. There is also the case that the inconsistency between four sauces and three pastas was initially a source of confusion since it required the assumption that Tomato, one of the dishes was not to be served as suggested by the omission of Tomato with Shell. The puzzle was more difficult to solve because these inconsistencies had to be disentangled in a manner such that every clue was fulfilled.",2,False,1,0
False,relevant,,2,not_scaffolded,0,689ca86bbf57147ba865e124,,,,,689cacd3e277e93fe1ec8cef,,,,,,,,1,help2.1,,2,,28074,,,2,False,,0
False,none,The hints were easy to understand.,0,hub,1,689ca8c2019f5c8e27d85263,1,I am very confident.,I felt smart because I was able to solve it.,7,689ca995019f5c8e27d85265,6,7,7,7,7,7,5,1,hub2.2,7,2,7,231552,7,The decisions were very hard to make.,2,False,7,7
True,none,the clues made the entire puzzle easy,0,scaffolded,0,689ca8f518c78be540084720,4,pretty good,"no, made me feel good but not smart",6,689ca922828dd5d2422e7107,2,6,5,2,5,2,5,1,spoke1.2,2,1,5,46134,6,None honestly,1,False,5,4
False,none,none,2,scaffolded,2,689ca8f518c78be540084720,4,pretty confidenmt,didnt slove it NO,5,689ca9965b369118e14b6053,6,7,6,5,1,7,6,1,spoke2.1,7,1,6,165324,1,this puzzle was hard as I didnt think enough info was given,1,False,1,3
False,none,there were three senrios and the order seemed the most difficult,0,scaffolded,2,689ca8f518c78be540084720,1,not very anymore,"No, didn't come close to solving",1,689caa7f9edb233177c6ea0b,6,7,2,6,1,7,7,1,hub2.2,7,1,2,127650,1,order,1,False,1,7
False,none,I found the whole puzzle pretty easy. ,2,scaffolded,1,689ca8f818c78be540084721,1,I am fairly confident in solving similar puzzles. ,"No, it was a simple puzzle. ",4,689ca906e277e93fe1ec8ced,1,3,4,1,5,1,1,1,spoke1.1,1,2,6,81768,4,No aspects of the puzzle were hard. ,1,False,3,3
True,none,The whole puzzle was easy. ,3,scaffolded,0,689ca8f818c78be540084721,5,I am very confident. ,"No, I felt most people could solve it. ",4,689ca9bce43f28b7845d3ce5,2,5,4,2,4,3,5,1,spoke2.2,5,2,4,319655,5,No aspects of the puzzle were hard. ,1,False,4,4
False,none,,0,scaffolded,0,689ca8f818c78be540084721,,,,,689cad497163696805b56fcf,,,,,,,,1,hub2.1,,2,,50297,,,1,False,,1
False,relevant,the overall layout ,1,hub,1,689ca8fde277e93fe1ec8ce8,5,"not a little, not a lot, somewhere in the middle","I don't think that I'd label it smart, more of a bit of an accomplishment",5,689ca93ca0fabb1a65c09979,5,7,4,6,4,5,6,1,hub2.1,5,1,5,287127,4,lining up the characteristics in the correct boxes,2,False,3,2
True,generic,That there weren't that many choices which made it easier to narrow down the answers.,0,not_scaffolded,0,689cad946b15704ebfa4aea2,1,I feel pretty confident that I could do it again. I'd be willing to try it out.,Not all that much. It seemed like a puzzle anyone could figure out easily enough.,7,689cadeb2b3db56c9ca8f998,1,7,4,1,5,2,2,1,help1.3,2,2,6,80380,7,The fact that it was so small. I wish it was bigger as in larger on the screen not more boxes.,1,False,6,13
False,generic,None of them.,1,not_scaffolded,3,689cad946b15704ebfa4aea2,1,Much less confidence now.,not at all because I failed,1,689caec92b3db56c9ca8f99b,7,7,1,7,1,7,7,1,help2.1,7,2,1,217415,1,"Everything, i couldn't figure this one out.",1,False,1,1
False,generic,I didn't even try hard because I already submitted the hit.,0,not_scaffolded,0,689cad946b15704ebfa4aea2,7,no confidence at all.,"not at all, it was hard",1,689cafe2a71d0d49580fc5e7,7,7,1,7,1,7,7,1,hub2.2,7,2,1,10390,1,"all of them, it was really complicated",1,False,1,0
True,generic,The puzzle as a whole was pretty simple,0,scaffolded,0,689cadd0828dd5d2422e710f,1,pretty confident but I know I could improve,a little bit because I have a some trouble in the past with those types of puzzles,4,689cae215b369118e14b6056,2,6,4,2,5,2,4,1,spoke1.3,2,2,6,87444,7,none,2,False,4,15
True,generic,The puzzle as a whole was pretty simple,0,scaffolded,0,689cadd0828dd5d2422e710f,1,pretty confident but I know I could improve,a little bit because I have a some trouble in the past with those types of puzzles,4,689caf02c87adf49dde1196f,2,6,4,2,5,2,4,1,spoke1.3,2,2,6,59713,7,none,2,False,4,14
False,generic,this one was in no way easy,0,scaffolded,0,689cadd0828dd5d2422e710f,7,FAIRLY,no because I didn't finish it,2,689caf807163696805b56fd4,7,7,2,7,1,7,7,1,hub2.1,7,2,2,76792,1,the puzzle as a whole. It had a lot of steps,2,False,1,11
False,none,,0,scaffolded,7,689cb8055b369118e14b6057,,,,,689cb820c87adf49dde11970,,,,,,,,1,spoke1.2,,1,,19418,,,2,False,,9
True,none,The statements that gave a specific answer were easiest,1,not_scaffolded,0,689cb80f019f5c8e27d85266,1,Somewhat confident,"Yes, I don't usually think I am good at these type of puzzles, but I finished faster than I expected.",6,689cb84a18c78be540084724,4,5,5,4,6,4,5,1,help1.1,2,2,5,210410,6,Trying to decide which of the 2 selections in the first statement were true.,2,False,1,14
True,none,This puzzle was very easy.  ,0,not_scaffolded,0,689cb80f019f5c8e27d85266,1,somewhat confident,"no,it was too easy",2,689cb9bca86babb31d8eadb5,1,2,5,1,7,1,1,1,help2.2,1,2,7,74592,7,none,2,False,6,16
False,none,,0,not_scaffolded,0,689cb80f019f5c8e27d85266,,,,,689cba5f7163696805b56fda,,,,,,,,1,hub2.1,,2,,65126,,,2,False,,7
False,none,None,2,hub,0,689cb810a86babb31d8eadb3,7,None.,No I didn't solve it,1,689cb85618c78be540084725,7,6,1,6,1,7,7,1,hub2.1,7,2,1,262352,1,Everything,1,False,1,0
True,relevant,The state space was small and the clues eliminated many possibilities.,0,scaffolded,0,689cb837e43f28b7845d3ce9,2,Confident to the extent that the puzzles don't get significantly more complex.,Not really - it felt like an easy puzzle.,4,689cb8599edb233177c6ea0c,3,3,4,3,6,3,3,1,spoke1.3,3,2,6,21800,6,None,1,False,6,4
True,relevant,The state space was still small.,0,scaffolded,0,689cb837e43f28b7845d3ce9,2,Confident to the extent that the puzzles don't get significantly more complex.,Not really - the puzzle was still relatively simple.,4,689cb8bd7163696805b56fd9,4,4,4,4,6,4,4,1,spoke2.1,4,2,6,28568,6,The clues were a little less informative than in the previous puzzle.,1,False,4,4
True,relevant,The clue that stated straightforwardly that the mushrooms were whole.,0,scaffolded,0,689cb837e43f28b7845d3ce9,2,Relatively confident.,Yes. The inferential component of solving the puzzle was large.,5,689cb915c87adf49dde11972,6,6,5,6,6,6,6,1,hub2.1,6,2,6,308498,6,The need to make inferences across multiple clues.,1,False,2,12
True,generic,Taking action from the hints that were given,0,not_scaffolded,0,689cb83ae277e93fe1ec8cf0,1,I am pretty confident even if I'm not quick,Yes because I figured it out,5,689cb8b67163696805b56fd7,1,5,4,1,7,5,4,1,help1.3,5,2,6,68226,7,Trying to fill in the diagram,1,False,3,15
True,generic,Following the hints,0,not_scaffolded,0,689cb83ae277e93fe1ec8cf0,1,Pretty confident,Yes because I figured it out,6,689cb949a86babb31d8eadb4,2,5,4,2,6,5,4,1,help2.1,4,2,6,105200,6,Trying to fill out the diagram from hints that included two different rows/columns,1,False,3,15
False,generic,Following the direct hints,0,not_scaffolded,5,689cb83ae277e93fe1ec8cf0,3,Pretty confident,Kind of. I didn't figure it out so I don't feel as smart as I did after finishing the previous puzzles. ,4,689cb9eca86babb31d8eadb7,4,6,4,5,4,6,6,1,hub2.3,6,2,4,303031,4,There being 3 different grids,1,False,1,24
False,none,None,0,hub,0,689cb847e277e93fe1ec8cf1,6,Not very,Not at all,2,689cb87dc87adf49dde11971,3,5,2,4,2,5,6,1,hub2.1,5,2,2,286292,2,I don't understand the layout,1,False,3,7
True,generic,Just read the clues and make the decisions and adjust when needed,0,scaffolded,0,689cb8812b3db56c9ca8f99c,1,Pretty confident,Made me more confident in solving this type of puzzle,6,689cb8c6a71d0d49580fc5e9,6,6,4,4,4,2,4,1,spoke1.2,4,1,5,267777,6,,1,False,4,16
True,generic,,0,scaffolded,0,689cb8812b3db56c9ca8f99c,1,I am pretty confident,no,5,689cba4ba0fabb1a65c09980,6,6,4,6,4,6,5,1,spoke2.2,6,1,5,90322,5,all of it,1,False,1,16
False,generic,the exact location of two of the items,0,scaffolded,10,689cb8812b3db56c9ca8f99c,7,"lower than before
","no, I could not figure it out",1,689cbada6b15704ebfa4aea5,4,7,1,7,1,7,7,1,hub2.3,7,1,1,514304,1,All of it having three boxes to work with.,1,False,1,38
False,none,The obvious hints were the easiest part.,1,not_scaffolded,2,689cb893a0fabb1a65c0997c,6,I am not at all confident in solving similar problems in the future.,"It did not make me feel smart because after spending a lot of time, I couldn't still get the right answer to the puzzle.",2,689cb8f36b15704ebfa4aea3,6,7,3,7,3,7,7,1,help1.1,7,1,2,667512,2,The parts of the puzzle that were not even mentioned in the hints.,1,False,1,8
False,none,The direct clues.,0,not_scaffolded,4,689cb893a0fabb1a65c0997c,5,I am somewhat confident.,I felt kind of smart while solving but disappointed when I didn't solve it at the end.,2,689cbc946b15704ebfa4aea7,6,7,3,7,2,7,7,1,help2.2,7,1,3,344338,4,The clues that were not direct matches.,1,False,1,11
False,none,,2,not_scaffolded,14,689cb893a0fabb1a65c0997c,,,,,689cbf52a71d0d49580fc5ee,,,,,,,,1,hub2.3,,1,,237741,,,1,False,,34
False,generic,the determination of the o's,0,scaffolded,7,689cb8986bc6c32c3cb589c6,5,somewhat confident,no.i lacked proper outlined knowledge,6,689cb90a5b369118e14b6058,7,7,6,7,4,3,7,1,spoke1.2,7,2,5,336834,7,identifying the x's,1,False,6,9
False,generic,saves time,0,scaffolded,5,689cb8986bc6c32c3cb589c6,5,somewhat confident,"no,i rearly got the pattern",6,689cbafd18c78be540084728,5,7,4,6,6,6,7,1,spoke1.3,7,2,6,629866,6,it would have improved my depth of reasoning,1,False,7,7
False,generic,,0,scaffolded,21,689cb8986bc6c32c3cb589c6,,,,,689cbea018c78be54008472d,,,,,,,,1,hub2.3,,2,,982321,,,1,False,,27
False,relevant,,0,scaffolded,2,689cb89f6bc6c32c3cb589c7,,,,,689cb993e277e93fe1ec8cf3,,,,,,,,1,spoke1.2,,1,,485856,,,1,False,,14
True,none,I do not think it was easy. It required a lot of thinking,1,hub,0,689cb8b5828dd5d2422e7110,2,"A little bit, but I think some puzzles might be too hard for me.","It felt satisfying , but I wouldn't say smart.",4,689cb8dca0fabb1a65c0997d,6,6,4,6,4,6,6,1,hub2.1,6,1,4,162814,6,"It was tough to figure out. I had to really think deeply , so I thought it was challenging.",1,False,2,12
False,none,"The true statements that were ""gimmes"" helped alot.",0,not_scaffolded,1,689cb8dca0fabb1a65c0997e,6,Not very confident.  I am better at Sodoku.,"No.  I did not complete the puzzle accurately, although I did try.",3,689cb920e277e93fe1ec8cf2,3,5,2,4,2,5,6,1,help1.1,6,2,3,95675,2,Guessing on two equally probable connections.,1,False,2,7
True,none,"Once I found out eggplants required partial sun, everything else seems to fall in place.",0,not_scaffolded,0,689cb8dca0fabb1a65c0997e,2,I'm looking forward to testing my ability on the final puzzle.,Yes. I think I have figured out my strategy for these puzzles.,7,689cb9eba86babb31d8eadb6,6,7,6,5,5,5,5,1,help2.1,5,2,5,97748,7,Putting all the logic together.,1,False,2,6
True,none,There were correlations between all 3 options once I connected 2 of them.,0,not_scaffolded,0,689cb8dca0fabb1a65c0997e,1,I am interested in seeing how difficult of a puzzle I can solve.,Yes.  I think this was a pretty tough puzzle for most people.,7,689cbab8a71d0d49580fc5eb,5,7,7,4,7,6,6,1,hub2.3,6,2,6,222997,7,Lots of trial and error/,1,False,2,42
False,none,,2,not_scaffolded,0,689cb8e018c78be540084726,,,,,689cb99d019f5c8e27d85267,,,,,,,,1,help1.2,,1,,209869,,,1,False,,1
True,generic,The puzzle had few pieces to solve hence it was rather easy.,0,not_scaffolded,0,689cb917c87adf49dde11973,1,Pretty confident.,Yes to some extent it made me feel smart because I completed it very fast.,6,689cba97019f5c8e27d8526a,5,6,6,5,6,6,4,1,help1.3,5,2,5,275201,7,None,1,False,2,5
True,generic,The hints were straight forward and they were few so solving the puzzle was easy.,0,not_scaffolded,0,689cb917c87adf49dde11973,1,Pretty confident,"Yes, I solved it quite fast so that made me feel smart.",6,689cbc742b3db56c9ca8f9a0,6,6,6,6,6,6,6,1,help2.2,6,2,6,197910,7,None,1,False,1,4
True,generic,This one was hard all through.,0,not_scaffolded,0,689cb917c87adf49dde11973,1,Pretty confident,Solving it made me feel smart because it looked challenging.,6,689cbe1e828dd5d2422e7113,7,7,6,6,6,7,7,1,hub2.1,7,2,6,934723,6,"Yes, the puzzles had so many pieces to solve and the hints were confusing.",1,False,1,12
False,none,the instructions were easy,0,not_scaffolded,0,689cb927e43f28b7845d3cea,1,very confident ,yes i felt smart because i was able to solve the puzzle,7,689cbaf42b3db56c9ca8f99e,7,7,7,7,7,7,7,1,help1.1,7,2,7,271118,7,"none, the puzzle was easy",2,False,1,2
False,none,the instructions of the puzzle were easy,0,not_scaffolded,1,689cb927e43f28b7845d3cea,1,very confident ,"yes, i felt smart because i understood the instructions ",7,689cbc772b3db56c9ca8f9a2,7,7,7,7,7,7,7,1,help2.2,7,2,7,97460,7,none,2,False,1,3
False,none,"none, it was very hard",0,not_scaffolded,0,689cb927e43f28b7845d3cea,3,not too confident ,not much because i felt that i didn't do well,5,689cbd6318c78be54008472b,7,7,6,7,5,7,7,1,hub2.2,7,2,6,186112,5,the puzzle setting and instructions were harder to understand ,2,False,1,4
False,generic,,0,hub,9,689cb92de43f28b7845d3ceb,,,,,689cba77a0fabb1a65c09982,,,,,,,,1,hub2.2,,1,,387742,,,1,False,,6
True,generic,Solving the puzzle using the proper markings in the proper locations,0,not_scaffolded,0,689cb9b65b369118e14b6059,3,"Moderate confidence, maybe 5 out of 10","No, this puzzle was relatively simple",4,689cb9fea0fabb1a65c0997f,1,5,4,2,4,2,2,1,help1.1,2,2,4,107368,5,Controlling the interface,1,False,6,4
True,generic,Reading the clues and applying them to the puzzle,0,not_scaffolded,0,689cb9b65b369118e14b6059,3,"Moderate confidence, about 5 out of 10","No, but this puzzle did require a little more consideration than the previous puzzle. However, it is still relatively simple",3,689cbadc18c78be540084727,4,5,3,2,4,2,3,1,help2.3,2,2,4,99138,5,,1,False,6,16
False,generic,Controlling the interface,0,not_scaffolded,0,689cb9b65b369118e14b6059,7,"Not confident at all, 1 out of 10",It did not make me feel smart because I don't understand how the puzzle is filled out,2,689cbba25b369118e14b605c,4,3,3,4,1,5,5,1,hub2.2,3,2,3,112858,1,Determining how the puzzle is completed/the rules of the game,1,False,3,12
False,generic,,0,not_scaffolded,0,689cbb5de43f28b7845d3cec,,,,,689cbb919edb233177c6ea0f,,,,,,,,1,help1.2,,1,,9395,,,1,False,,0
False,relevant,Easy knowing which ingredients needed to be which way,0,hub,20,689cbbc5e43f28b7845d3ced,5,Not very,"No, It was slightly confusing",2,689cbbfba0fabb1a65c09983,5,6,2,6,4,2,4,1,hub2.1,2,1,2,189653,4,Confusing layout,2,False,5,28
False,relevant,only one hint. i just didnt get it,0,not_scaffolded,2,689cbc0abf57147ba865e129,7,usually i am good at them,no i didnt solve it,2,689cbc6c18c78be540084729,5,7,2,4,2,4,7,1,help1.2,6,2,2,112367,1,almosteverything,1,False,1,0
False,relevant,,0,not_scaffolded,1,689cbc0abf57147ba865e129,7,,,3,689cbdf2c87adf49dde11974,4,7,1,4,2,6,5,1,help2.3,4,2,1,158725,1,,1,False,2,4
False,relevant,,0,not_scaffolded,0,689cbc0abf57147ba865e129,,,,,689cbed7c87adf49dde11976,,,,,,,,1,hub2.2,,2,,0,,,1,False,,0
False,generic,"The 1st and 3rd hints, helped me feel like i had a foothold",0,hub,2,689cbc366bc6c32c3cb589c9,6,"I'm unfamiliar with this logic puzzle, but I feel like there are other types that are for me",No; I felt like I couldn't organize the information properly.,2,689cbc81e43f28b7845d3cee,7,4,3,6,2,4,6,1,hub2.2,5,1,3,224687,3,trying to remember the instructions while working out the order of the foods based on the hints,1,False,1,10
False,none,,0,not_scaffolded,0,689cbcc9e43f28b7845d3cef,,,,,689cbcf1a86babb31d8eadbb,,,,,,,,1,help1.3,,1,,80003,,,1,False,,3
False,none,"All of the hints that were basically a direct statement, so hints that gave you the information right away.",0,hub,4,689cc1e4a71d0d49580fc5ef,6,"I haven't had very much experience with these type of puzzles, so my confidence level is low. It would take me awhile to figure out a full puzzle. ","No, because I wasn't able to solve many of the questions. ",4,689cc24f2b3db56c9ca8f9a5,7,7,3,5,4,5,7,1,hub2.3,7,2,3,276193,4,"I think all of the hints that weren't a direct statement, meaning that it required some thinking to determine the order of things. ",1,False,1,3
False,relevant,none,0,hub,4,689ce010a71d0d49580fc5f1,5,usually somewhat confident,"no, i did not solve it",4,689ce031019f5c8e27d8526b,6,7,4,7,3,7,7,1,hub2.3,7,2,5,264011,3,multiple matrises,2,False,1,40
False,generic,Reading the instructions and filling in the boxes.,0,not_scaffolded,1,689ce016bf57147ba865e12b,1,Very confident. I would want to do such tasks in the future.,"Yes, I felt very smart especially after identifying the box I was supposed to mark out.",7,689ce071a71d0d49580fc5f2,6,7,5,4,4,4,3,1,help1.3,5,1,7,110108,7,Identifying which box to fill in.,2,False,1,3
False,generic,Marking out the boxes,0,not_scaffolded,4,689ce016bf57147ba865e12b,1,Very.,"Yes, because I had to select the correct box.",7,689ce1d05b369118e14b6060,7,5,7,6,7,7,5,1,help2.3,7,1,6,73609,6,Identifying the box to mark.,2,False,1,11
False,generic,No aspect was easy,2,not_scaffolded,3,689ce016bf57147ba865e12b,7,Not confident,No. Because it was hard.,2,689ce27b6bc6c32c3cb589d4,7,7,1,6,1,7,7,1,hub2.3,7,1,3,163141,2,Identifying where to mark,2,False,1,1
True,none,Determining the first clue to mark off,0,not_scaffolded,0,689ce0169edb233177c6ea10,1,pretty confident,"Yes, I was happy I figured out the correct answers ",6,689ce0972b3db56c9ca8f9a7,4,4,4,2,7,2,3,1,help1.1,2,2,4,67970,7,Figuring out if a pasta could have two different sauces,1,False,6,4
True,none,Figuring out the first clue to mark off,0,not_scaffolded,0,689ce0169edb233177c6ea10,1,pretty confident,Yes because I succeeded at it,7,689ce130a71d0d49580fc5f5,2,4,7,3,7,3,5,1,help2.2,4,2,7,88700,7,Thinking about the remaining clues ,1,False,5,4
False,none,not much of it was easy,0,not_scaffolded,5,689ce0169edb233177c6ea10,7,semi confident,"no, I could not find the solution with the clues",1,689ce1cd5b369118e14b605f,7,7,2,5,1,7,7,1,hub2.2,7,2,3,166572,1,"most of it, there was not enough data ",1,False,1,5
False,none,the for sure statements,0,not_scaffolded,1,689ce03d019f5c8e27d8526c,7,not confident at all,no because i do not feel like i did it correctly,1,689ce07ea86babb31d8eadbc,4,5,1,4,1,5,5,1,help1.2,4,1,1,80865,1,the either or statements,1,False,1,3
False,none,none,0,not_scaffolded,1,689ce03d019f5c8e27d8526c,7,not at all,no because i dont think i completed it accruetly,1,689ce12de277e93fe1ec8cf9,4,7,1,4,1,7,7,1,help2.2,7,1,1,68563,1,all of it,1,False,1,6
False,none,none,0,not_scaffolded,2,689ce03d019f5c8e27d8526c,7,not at all,no because i could not complete,1,689ce1b16bc6c32c3cb589d1,7,7,1,7,1,7,7,1,hub2.1,7,1,1,42283,1,all of it,1,False,1,0
False,none,The given clues were the easiest part.,1,not_scaffolded,0,689ce057a0fabb1a65c09984,6,Not very confident at the moment.,This made me feel less intelligent because I was stuck on a solution.,2,689ce097e277e93fe1ec8cf6,5,6,2,5,2,6,6,1,help1.3,6,1,2,188301,2,I was unsure what to do after entering the clues aside from guessing.,1,False,2,2
False,none,,0,not_scaffolded,0,689ce057a0fabb1a65c09984,,,,,689ce1b8bf57147ba865e131,,,,,,,,1,help2.1,,1,,103325,,,1,False,,0
True,generic,The three rules were easy to figure out.,0,scaffolded,0,689ce0646b15704ebfa4aea8,4,Somewhat now that I have more experience with this puzzle.,"Somewhat I suppose? But at its core the puzzle is quite simple, yet it is satisfying to solve",4,689ce082828dd5d2422e7115,2,4,3,2,5,2,3,1,spoke1.1,2,2,5,96615,5,The aspect of the elbow dish made me take a pause about if it was included or not.,1,False,5,16
True,generic,It wasn't super cognitively demanding but it still required me to focus and use my brain.,0,scaffolded,0,689ce0646b15704ebfa4aea8,4,"I'm enjoying it so far so I'm feeling somewhat confident, especially as I gain more experience/practice.",I don't think it made me feel necessarily smart or dumb on this one.,4,689ce1796b15704ebfa4aeab,4,4,3,4,4,4,4,1,spoke2.1,4,2,4,117980,4,I had to pause and make sure my math added up for the ounces.,1,False,3,15
False,generic,None :( this puzzle was very hard to the point where I gave up,0,scaffolded,4,689ce0646b15704ebfa4aea8,5,Not confident at all now as I did not solve it,"No, as I did not solve it and had to concede",3,689ce24cc87adf49dde11984,6,5,2,6,3,6,7,1,hub2.1,6,2,3,386429,2,This one was hard and certainly required a lot of mental gymnastics.,1,False,2,16
False,generic,figuring out what went together,0,hub,6,689ce068bf57147ba865e12c,2,not very,"no, just made me feel like i was completing the task",5,689ce1067163696805b56fdf,7,7,5,5,5,7,7,1,hub2.2,7,1,5,147669,5,getting the hang of it,1,False,1,6
False,relevant,"The puzzle had fewer conditions than the example shown before starting, so I felt relieved to have less options. It was easy because one of the answers was given, too.",0,scaffolded,2,689ce06cbf57147ba865e12d,1,I'm confident I'd perform pretty well if faced with a similar puzzle. I'd like to think my reasoning skills are decent.,"I felt pretty smart and like I was acting logically, but I wouldn't call myself a genius for being able to complete the puzzle. I felt average to smart because it wasn't that hard to complete.",6,689ce0b92b3db56c9ca8f9a8,3,6,6,2,6,2,2,1,spoke1.3,2,2,6,115632,6,I didn't have a hard time doing any part of the puzzle.,1,False,5,14
True,relevant,It was easy to do simple math based on the clues provided.,0,scaffolded,0,689ce06cbf57147ba865e12d,1,I'm confident I can continue to do well if faced with similar puzzles.,I felt pretty smart. I was confident in my reasoning skills and figured I was interpreting the information appropriately.,7,689ce1c3a86babb31d8eadbe,3,6,7,1,7,1,1,1,spoke2.2,2,2,7,43468,7,I didn't have a hard time with anything.,1,False,6,4
False,relevant,It was easy to see which answers were provided.,0,scaffolded,0,689ce06cbf57147ba865e12d,5,I'm confident I can solve similar puzzles if I had unlimited time!,"I felt kind of smart, but I felt defeated and a little silly that I didn't progress more than I did.",3,689ce248c87adf49dde11982,6,7,4,6,2,6,6,1,hub2.3,6,2,6,256483,1,It was hard to see how the provided answer related to the missing information.,1,False,1,13
False,generic,none,1,scaffolded,0,689ce0702b3db56c9ca8f9a6,3,none at all,no i didnt solve it.,4,689ce1565b369118e14b605e,4,3,3,3,3,5,3,1,spoke1.2,4,1,2,43657,2,everything,1,False,5,0
False,generic,none,2,scaffolded,0,689ce0702b3db56c9ca8f9a6,3,none at all,no,4,689ce1a7a0fabb1a65c09986,4,3,2,2,3,5,2,1,spoke2.1,4,1,5,183069,5,everything,1,False,3,0
False,generic,none,0,scaffolded,8,689ce0702b3db56c9ca8f9a6,3,not at all,no,3,689ce27ae43f28b7845d3cf2,3,5,3,2,6,3,3,1,hub2.1,5,1,6,111836,5,everything,1,False,3,0
False,relevant,Understanding the goal,0,hub,0,689ce072a71d0d49580fc5f3,6,Not great,No,2,689ce0c66b15704ebfa4aeaa,6,6,2,6,2,6,6,1,hub2.2,6,2,2,689816,2,Reasoning through to the goal,1,False,2,28
True,relevant,The sorting by row and column,0,not_scaffolded,0,689ce0736bc6c32c3cb589cc,1,Fairly confident!,"It did, I think I solved it relatively fast",5,689ce09618c78be54008472e,2,5,6,2,5,2,1,1,help1.2,2,2,6,60182,6,Nothing really,1,False,6,11
True,relevant,All of it,0,not_scaffolded,0,689ce0736bc6c32c3cb589cc,1,Very confident!,It did! I did it even faster this time.,7,689ce1067163696805b56fde,3,5,7,1,7,1,1,1,help2.2,1,2,7,44991,7,None this time,1,False,1,14
True,relevant,Ordering the order of ingredients,0,not_scaffolded,0,689ce0736bc6c32c3cb589cc,2,Pretty confident!,"Sort of, but I messed up early on which was detrimental to me",6,689ce15ce277e93fe1ec8cfc,5,7,5,4,6,5,5,1,hub2.3,4,2,5,435361,5,Managing the different blocks of data,1,False,3,18
True,generic,Following the hints and using logic to determine the correct order of the pasta dishes.,0,scaffolded,0,689ce07a6bc6c32c3cb589cd,1,"Fairly confident, I like to solve these kinds of puzzles using clues and finding the solution using logical skills.","A little, but this was not a hard puzzle at all, I just had to use a little logic in determining the order according to the hints provided.",6,689ce0c1c87adf49dde1197a,1,5,5,2,5,1,2,1,spoke1.1,2,1,6,60321,7,Finding the appropriate space to place the O.,1,False,5,4
True,generic,"The only part that was easy was to conclude that since the eggplant needed 40 ounces less water than the broccoli, broccoli could not be either in the 20 oz or 40 oz columns, then conclude from there that the potatoes needed 20 ounces of water according to the hints.",0,scaffolded,0,689ce07a6bc6c32c3cb589cd,1,"I'm still fairly confident, I like logic puzzles and they can help strengthen my brain.","Somewhat, but as mentioned, I had to make a couple of guesses at the end. I am proud of having utilized my logical skills though.",5,689ce1d6a71d0d49580fc5f7,6,6,4,4,5,5,5,1,spoke2.2,5,1,5,280589,6,"For the rest of this puzzle, I had to make a couple of guesses afterward, but I figured that no two ingredients would be in the same column. Because the first hint specified that either the green onions would need 40 ounces or the potatoes needed 20 ounces and the latter was true, I had to guess between 60 ounces and 80 ounces for the green onions, which was probably the hardest part for me. Finally, the water needed for broccoli is equal to 40 plus the value for the eggplant.",1,False,2,4
True,generic,"The easiest part was that the fourth ingredient was the onions, then determining the order of the other ingredients from the hint. ",0,scaffolded,0,689ce07a6bc6c32c3cb589cd,1,"I am more confident now, since this was the hardest puzzle of the three and I wouldn't mind tackling an even harder puzzle.","Yes, I used a lot of logical reasoning and eliminating possibilities to come up with the unique solution.",7,689ce482a0fabb1a65c09989,5,7,5,6,6,5,5,1,hub2.2,6,1,6,305923,7,"I had to make associations about each ingredient, such as which ingredient was chopped, and finding out what state the mushrooms would be served in(in this case, whole). I had to make logical reasoning to determine the order of the ingredients and what preparations are done to each ingredient.",1,False,2,12
False,none,The order in which the ingredients needed to be added. ,0,hub,2,689ce07d7163696805b56fdd,6,"I thought I was decent at logic puzzles, but that may not be true. I still have some confidence in other games I already know. This format would probably take some time to get used to and the I would  build more confidence. ","I conceded the puzzle. So no, right now I do not feel smart. The puzzle got the best of me. ",2,689ce0d36bc6c32c3cb589cf,5,6,2,5,2,6,6,1,hub2.3,6,1,2,291011,1,Having two preparation columns/tables confused me. ,1,False,2,5
False,none,None was easy,0,not_scaffolded,3,689ce089c87adf49dde11979,6,Not  very,Not at all,2,689ce168e43f28b7845d3cf0,5,5,2,5,2,5,5,1,help1.1,5,2,2,174425,2,The entire thing,2,False,2,13
False,none,Reading the directions,0,not_scaffolded,6,689ce089c87adf49dde11979,5,Not a bit,Not a bit since I did not solve it and am confused on how to solve it. ,1,689ce246c87adf49dde11980,5,4,1,4,1,6,6,1,help2.1,6,2,1,73095,1,All of it,2,False,1,10
False,none,Just the directions,0,not_scaffolded,11,689ce089c87adf49dde11979,7,Not at all,"I did not solve it, so no I did not feel smart",1,689ce2c3e43f28b7845d3cf6,7,7,1,7,1,7,7,1,hub2.2,7,2,1,219678,1,The entire thing was challenging,2,False,1,37
False,relevant,None,0,not_scaffolded,5,689ce0c018c78be54008472f,7,Not at all confident,"No, It made me feel lightly less smart. ",2,689ce0cd6bc6c32c3cb589ce,5,7,1,5,2,7,7,1,help1.3,6,1,2,33622,2,It was a hard puzzle. ,1,False,1,1
False,relevant,None really. ,3,not_scaffolded,2,689ce0c018c78be54008472f,7,Not at all,No,3,689ce139c87adf49dde1197d,6,6,2,4,2,6,7,1,help2.2,6,1,2,34426,2,It was mentally drawing. ,1,False,2,0
False,relevant,None,0,not_scaffolded,6,689ce0c018c78be54008472f,7,Not at all,No,1,689ce191bf57147ba865e130,6,7,1,5,2,7,7,1,hub2.1,7,1,1,22108,1,All of it,1,False,1,8
True,generic,Putting all of the clues together to create a bigger picture and coming to correct answer.,0,scaffolded,0,689ce0c46b15704ebfa4aea9,1,I am very confident.,It did not necessarily make me feel smart because the puzzle itself was quite easy.,6,689ce0f82b3db56c9ca8f9a9,1,4,5,2,7,2,2,1,spoke1.3,2,2,7,61320,7,Nothing was difficult about this puzzle.,2,False,2,5
True,generic,Putting all of the clues together to create a bigger picture and coming to correct answer.,0,scaffolded,0,689ce0c46b15704ebfa4aea9,1,I am very confident.,It did not necessarily make me feel smart because the puzzle itself was quite easy.,6,689ce1b7019f5c8e27d8526e,1,4,5,2,7,2,2,1,spoke1.3,2,2,7,38928,7,Nothing was difficult about this puzzle.,2,False,2,4
False,generic,I found the process of elimination easy and helped me move further into the puzzle.,1,scaffolded,3,689ce0c46b15704ebfa4aea9,3,I am confident.,"As I did not solve it, I did not feel that smart.",5,689ce23b9edb233177c6ea12,3,7,5,4,4,5,5,1,hub2.1,5,2,5,856919,3,"There were certain elements of guessing that was needed, contributing to a lower confidence as a proceeded with the puzzle.",2,False,1,30
False,none,Wording.,0,not_scaffolded,7,689ce0f3c87adf49dde1197b,1,Very confident. ,Yes because I can use my mind to think. ,7,689ce14de277e93fe1ec8cfa,7,7,4,4,6,5,1,1,help1.3,7,2,7,91343,7,None,2,False,3,9
False,none,Hints.,0,not_scaffolded,8,689ce0f3c87adf49dde1197b,1,Confident.,Yes because I reread the statements.,6,689ce20a2b3db56c9ca8f9ac,6,7,4,5,6,6,4,1,help2.2,6,2,6,60412,6,None.,2,False,2,7
False,none,Food,0,not_scaffolded,23,689ce0f3c87adf49dde1197b,2,Somewhat confident,Yes. Remembering the recipes.,7,689ce292a71d0d49580fc5f9,6,6,4,6,7,5,5,1,hub2.3,6,2,6,252705,7,None,2,False,6,23
False,relevant,The layout,0,hub,2,689ce132bf57147ba865e12e,7,Not at all.,No,1,689ce1837163696805b56fe0,7,7,1,7,1,7,7,1,hub2.1,7,1,1,67919,1,The instructions,1,False,1,3
False,generic,the hints,0,not_scaffolded,0,689ce2557163696805b56fe3,7,not much at all,I indeed feel stupid,1,689ce268e277e93fe1ec8cfd,6,4,1,5,1,4,4,1,help1.3,4,1,1,96723,2,I don't really get it,1,False,3,2
False,generic,,0,not_scaffolded,0,689ce2557163696805b56fe3,,,,,689ce320019f5c8e27d8526f,,,,,,,,1,help2.3,,1,,15722,,,1,False,,0
True,none,"Once I saw the ""OR"" in the third clause it suddenly became very easy.  Placing the initial marks were easy.",0,scaffolded,0,689ce31ba71d0d49580fc5fa,2,I've become very humble so instead of saying confident I would be more comfortable saying that I wouldn't become frustrated or anxious while doing these.,"Not smart, but I enjoyed the aha moment when I saw the elbow being served third was connected to the linguini with or which meant the linguini would not be served second.  Then the whole concept became clear to me.  Looks fun!",5,689ce4235b369118e14b6063,4,6,3,5,1,6,5,1,spoke1.2,6,2,3,106862,2,"Figuring how exactly a puzzle works while reading the details of the first one used as an example to show us how to use all the controls.  Also figuring out that red x's needed to placed in all the untrue squares.  Also I couldn't get the clear control to work, but selecting the mark I wanted to make and clicking on box with something in it cleared it first so it turned out the erase mark button wasn't needed.",1,False,2,16
True,none,The interface is easy to use.,0,scaffolded,0,689ce31ba71d0d49580fc5fa,2,I feel comfortable doing them.,Not really but it was satisfying.,6,689ce69d7163696805b56fe4,5,6,5,5,5,5,4,1,spoke2.2,5,2,5,87859,6,Nothing too difficult in this one.,1,False,2,5
False,none,Placing the marks.,1,scaffolded,7,689ce31ba71d0d49580fc5fa,5,I'm comfortable with doing them.,I didn't solve it.,2,689ce7f6a86babb31d8eadc2,6,7,2,6,2,7,7,1,hub2.1,7,2,3,996779,3,The way things seemed to be straightforward but then getting to a rule that cancelled out I was just thinking earlier.  Then trying to work through putting things back without breaking other clauses.,1,False,1,5
True,generic,"It was a 4 by 4 grid so there wasn't much to keep track of, making it easy to figure out the answer from the clues.",0,scaffolded,0,689ce3506b15704ebfa4aeae,1,"If they are on a grid this small, I'm pretty confident. If they are larger gridded puzzles, I have a much harder time and probably can't solve them.","Yes, because I usually can't solve more complicated versions of this puzzle.",7,689ce9646b15704ebfa4aeb0,7,4,5,1,5,1,2,1,spoke1.3,2,2,5,42245,7,,2,False,7,8
True,generic,"The grid was small, so it was easy to complete.",0,scaffolded,0,689ce3506b15704ebfa4aeae,1,I am confident about completing similarly sized puzzles.,"A little, because I was able to solve it quickly.",7,689cea0be277e93fe1ec8d02,7,3,6,1,5,1,1,1,spoke2.1,1,2,6,39147,7,,2,False,7,7
True,generic,The puzzle was still relatively small so it was easier to solve than bigger grids.,0,scaffolded,0,689ce3506b15704ebfa4aeae,1,Pretty confident.,"Yes, because it was a bit challenging but I was still able to do it.",7,689cea60bf57147ba865e133,6,6,7,4,6,3,5,1,hub2.2,5,2,7,211035,7,There were two wings to the puzzle that were filled out separately and then had to be cross-referenced. It was hard to keep straight.,2,False,1,46
True,generic,"It was easy to understand how the puzzle worked. Some of the clues told you exactly what to mark off, so those particular clues were easy.",2,hub,0,689ce371a71d0d49580fc5fb,2,"I'm somewhat confident. Although I was able to do this one, I imagine that there are much harder versions of this puzzle.",Yes. I felt smart because I figured out a new type of puzzle.,6,689ce39ca0fabb1a65c09988,6,7,5,6,5,6,6,1,hub2.2,6,2,5,894741,7,Some of the clues didn't tell you exactly what to mark. They required you to think of possible places you could mark. You then had to use these possibilities and compare them to other possibilities to find the one possibility that would work.,1,False,1,42
False,relevant,Some of the connections were easy. ,0,not_scaffolded,1,689ce943bf57147ba865e132,7,Not very confident at all.,No it didn't. I couldn't figure out what I was supposed to do.,1,689ce9805b369118e14b6065,7,7,1,7,1,7,7,1,help1.3,7,1,1,192592,1,The directions were challenging.,1,False,1,3
True,none,when the hints give you a direct connection,0,not_scaffolded,0,689ce946e277e93fe1ec8cfe,2,very confident,"a little bit, not too much because it didn't feel that hard",6,689ce981019f5c8e27d85270,5,5,5,2,6,3,4,1,help1.2,3,1,6,97983,6,"when the hints give you an ""either"" statement so you have to figure it out later. also filling in the empty connections after reading all the hints",1,False,5,5
True,none,the hints that give direct connection ,0,not_scaffolded,0,689ce946e277e93fe1ec8cfe,2,very confident,a little smarter than the first puzzle because it was a little harder with two 'either' statements,6,689cea76bf57147ba865e135,5,5,6,2,6,3,3,1,help2.2,3,1,6,80999,6,"the two ""either"" statements that i had to decide on after finishing the other hints",1,False,5,5
False,none,the hint that gave direct connection,0,not_scaffolded,0,689ce946e277e93fe1ec8cfe,6,not too confident anymore,no because i didn't solve it,1,689ceb38a86babb31d8eadc3,6,7,1,6,1,6,6,1,hub2.1,6,1,2,202614,1,"3 grids or sections to consider, and too many hints with uncertainty and needs careful and thoughtful consideration",1,False,1,1
True,none,None,0,scaffolded,0,689ce9487163696805b56fe5,1,I'm a little bit confident,It certainly made me feel like I had done something worthwhile with my cognitive ability.,5,689ce97d6bc6c32c3cb589d5,6,6,3,5,5,4,5,1,spoke1.3,5,1,3,221623,6,Cracking the code,1,False,2,4
True,none,None,0,scaffolded,0,689ce9487163696805b56fe5,1,I'm a little bit confident,It certainly made me feel like I had done something worthwhile with my cognitive ability.,5,689ceaca9edb233177c6ea17,6,6,3,5,5,4,5,1,spoke1.3,5,1,3,95399,6,Cracking the code,1,False,2,4
True,none,None!,0,scaffolded,0,689ce9487163696805b56fe5,2,Very confident,A lot,7,689ceb7518c78be540084739,6,6,4,7,6,6,6,1,hub2.3,7,1,5,155061,7,Cracking the codes. My head is spinning!,1,False,1,12
False,none,"I felt that some of the hints were way too easy, like the hint stating which was served first.",1,scaffolded,4,689ce94a7163696805b56fe6,2,I think I could solve similar types of puzzles. I'd say somewhat confident.,It barely did. Every hint seemed very simple.,6,689ce989019f5c8e27d85273,2,3,6,2,6,3,3,1,spoke1.2,4,1,6,111541,6,I just forgot how to check if my answer was correct or not.,1,False,5,12
True,none,I didn't really find any of it easy.,0,scaffolded,0,689ce94a7163696805b56fe6,1,Moderately confident.,"I thought it made me feel smart. The puzzle wasn't too easy to solve, so solving it made me feel like I had intelligence.",6,689cea7218c78be540084736,6,7,6,5,7,5,6,1,spoke2.2,6,1,6,92948,7,Using deductive reasoning in the puzzle was pretty difficult.,1,False,2,4
False,none,None of it.,0,scaffolded,3,689ce94a7163696805b56fe6,7,Not at all confident.,"I was unable to solve the puzzle, so it made me feel dumb.",1,689ceb34a0fabb1a65c0998c,7,3,1,7,1,7,7,1,hub2.3,7,1,1,229847,1,I didn't really understand why I had 3 separate boxes to work with. It was also hard to combine all the information to get a final answer.,1,False,1,1
False,none,the instructions,1,hub,8,689ce94f7163696805b56fe7,5,"i am pretty good at sudoku, not so much at these","i'm not sure i solved it, don't think i did.",2,689ce98f18c78be540084731,5,5,2,5,2,5,5,1,hub2.2,5,2,2,218972,3,the wording was confusing,2,False,1,4
False,generic,MADE NO SENSCE ,0,scaffolded,7,689ce9517163696805b56fe8,1,I DONT SEE A PUZZLE,I CAN REBUILD AN ENGINE BUT THIS WAS JUST RANDOM THINGS,1,689ce981019f5c8e27d85271,1,1,1,1,1,1,1,1,spoke1.3,1,1,1,85774,1,I DIDNT SEE A PUZZLE I JUST SAW JUMBLED MESS,1,False,1,0
False,generic,MADE NO SENSE ,0,scaffolded,0,689ce9517163696805b56fe8,1,NOT,NO,1,689cea795b369118e14b6068,1,1,1,1,1,1,1,1,spoke2.2,1,1,1,14576,1,I DONT SEE A PUZZLE,1,False,1,0
False,generic,NOTHING,0,scaffolded,0,689ce9517163696805b56fe8,1,NONE,I DONT SEE A PUZZLE I SEE RANDOM STUFF. i AM A FARMER A MECHANIC AND CONTRACTOR. I CAN READ BBLUEPRINTS. I CAN REBUILD AN ENGINE. i DONT SEE A PUZZLE. ,1,689cead16bc6c32c3cb589d9,1,1,1,1,1,1,1,1,hub2.2,1,1,1,10328,1,ALL,1,False,1,0
False,generic,Automatically eliminating given information.,1,hub,4,689ce9547163696805b56fe9,4,"I was in the middle. On one hand, I knew to differentiate information and use it to my advantage, but sometimes that takes longer for me to process. ","No, it felt like one of those tedious tasks that you get during spare time in school. ",5,689ce9b3a71d0d49580fc5ff,3,6,4,5,4,5,6,1,hub2.2,6,2,3,571149,4,Figuring out the logic and doing process of elimination with each column and row. ,1,False,2,44
False,generic,None of it,0,hub,4,689ce95d6b15704ebfa4aeaf,7,"I thought I would be good at it, but I wasn't",Not at all,1,689ce9a35b369118e14b6066,7,7,1,7,1,7,7,1,hub2.1,7,1,1,633211,1,Trying to figure out the order of the ingredients,2,False,1,16
False,relevant,,0,hub,4,689ce966a71d0d49580fc5fd,,,,,689cea01c87adf49dde11987,,,,,,,,1,hub2.2,,2,,374727,,,1,False,,8
True,none,all of them,0,scaffolded,0,689ce973a0fabb1a65c0998a,1,not sure how I would do on a more difficult puzzle,no because it was very easy,3,689ce9a96b15704ebfa4aeb1,1,1,4,1,4,1,1,1,spoke1.3,1,2,4,39656,7,none of them,1,False,6,4
True,none,all,0,scaffolded,0,689ce973a0fabb1a65c0998a,1,somewhat,still not a very hard puzzle,4,689cea2ae277e93fe1ec8d03,1,2,4,1,4,1,1,1,spoke2.2,1,2,4,36906,7,none,1,False,6,4
True,none,none,2,scaffolded,0,689ce973a0fabb1a65c0998a,4,somewhat,I did better than I thought I would on this difficulty,4,689ceacc828dd5d2422e711b,7,7,3,7,4,7,7,1,hub2.1,7,2,3,1700362,6,all of them,1,False,1,12
False,none,picking the o or x,0,scaffolded,2,689ce9732b3db56c9ca8f9ad,7,not good,not sure kinda of confusing,5,689ce9c2e277e93fe1ec8d00,6,5,5,5,3,6,5,1,spoke1.3,3,1,4,86168,3,understanding the order,1,False,2,0
False,none,picking the o or x,0,scaffolded,1,689ce9732b3db56c9ca8f9ad,7,not good,not sure kinda of confusing,5,689cea946bc6c32c3cb589d7,6,5,5,5,3,6,5,1,spoke1.3,3,1,4,25916,3,understanding the order,1,False,2,1
False,none,following the order,0,scaffolded,4,689ce9732b3db56c9ca8f9ad,5,not very confident,not really,5,689ceb167163696805b56feb,5,6,5,6,4,6,6,1,hub2.1,5,1,5,75072,6,I understand the puzzle bettr,1,False,2,3
True,relevant,The second dish was already provided.,0,scaffolded,0,689ce984019f5c8e27d85272,2,Very confident.,It makes me feel smart because I was able to use the hints to correctly arrange the dishes.,6,689ceaa76b15704ebfa4aeb3,6,6,6,5,6,6,6,1,spoke1.3,6,2,6,349053,6,Determining the first and the third dishes.,1,False,2,4
True,relevant,Identifying the amount of oz for onions.,0,scaffolded,0,689ce984019f5c8e27d85272,2,Very confident.,"Yes, because I was able to solve it relatively fast.",6,689cec6d9edb233177c6ea1a,6,6,6,6,6,6,6,1,spoke2.2,6,2,6,93092,6,Determining the amount of oz for broccoli,1,False,2,4
True,relevant,Identifying the position of onions.,1,scaffolded,0,689ce984019f5c8e27d85272,1,Very confident.,"Yes, the puzzle was very complex. Solving it made me feel smart and competent.",6,689ced242b3db56c9ca8f9b0,6,6,6,6,6,6,6,1,hub2.2,6,2,6,423063,6,Identifying the position of mushrooms.,1,False,1,12
False,generic,answers that only had one intersection.  two or more intersections usually involve two or more subjects.,0,not_scaffolded,2,689ce99c828dd5d2422e7119,3,I like thinking outside of the box so it's fun to solve problems although I don't always have the right answer.,yes it made me open up a way of thinking I don't normally delve into.,7,689ce9eb828dd5d2422e711a,2,6,4,4,5,2,5,1,help1.3,3,1,6,111998,6,trying to distinguish almost true from true.,1,False,3,12
False,generic,It was nice to have four choices of light to choose from to make distinguishing the answers a bit easier.,0,not_scaffolded,1,689ce99c828dd5d2422e7119,2,I'm fairly confident that I can discern most of what is presented but it's a bit of a juggle to make sure they are set in the right place from time to time.,Not really because I'd hoped I would be able to at least get one green circle but it was hard to know for sure if the choices could be solid.,6,689ceb196bc6c32c3cb589da,5,6,5,3,5,3,6,1,help2.1,4,1,5,98216,5,It was difficult to choose a sure answer because there were either or scenarios.,1,False,4,9
False,generic,It was easier if I pictured the items,0,not_scaffolded,14,689ce99c828dd5d2422e7119,2,I'm ok if I can discern a pattern among the charts but it is not always as easy as I want.,No because it appeared a bit more difficult to make flow.,3,689cec257163696805b56fec,7,4,4,5,4,5,7,1,hub2.2,6,1,3,333986,3,I found it challenging to add more items into the final arrangement or take them out after clearing uncertain marks.,1,False,2,34
False,relevant,Following the original clues,0,hub,1,689ce9a06bc6c32c3cb589d6,7,Not very confident.,It made me feel dumb because of how much I struggled with it. ,3,689ce9d2a71d0d49580fc600,6,6,1,6,2,7,7,1,hub2.3,7,2,2,985904,2,Making suppositions based off of the very limited information. ,2,False,1,19
False,relevant,,6,hub,5,689ce9a5a71d0d49580fc5fe,5,Moderately confident. ,Solving the puzzle made me feel smart since it was mentally engaging. ,4,689ceab7c87adf49dde1198b,6,7,5,6,4,7,7,1,hub2.3,7,2,4,408296,3,Starting and resetting the puzzle. ,1,False,2,0
True,none,"The direct clue which was the Shells are server 1st was a gimme. Once i had that anchor point, the math of 2 dishes before was pretty straightforward too.",7,scaffolded,0,689ce9ab18c78be540084732,2,Pretty much confident with basic logic grids like this one.,"Honestly, a little bit. There is just something satisfying about solving it.",6,689ceb9e18c78be54008473a,5,7,6,6,6,6,7,1,spoke1.2,7,1,6,585182,5,That either/or clause in hint 3 confused me initially. I had to think over it a couple of times before getting it.,1,False,1,4
True,none,"The easy aspect about the puzzle was the first clue, after that everything else just felt in place.",8,scaffolded,0,689ce9ab18c78be540084732,2,Highly confident.,"Sure, a little.",6,689cefb6c87adf49dde1198f,4,5,6,3,7,5,6,1,spoke1.3,4,1,6,106852,7,The hardest part i think was the third clue.,1,False,2,4
False,none,I think the clues were pretty much straight forward.,10,scaffolded,0,689ce9ab18c78be540084732,5,Slightly confident.,Sought off.,4,689cf0f8bf57147ba865e141,5,7,6,6,6,6,7,1,hub2.3,6,1,3,435701,5,The boxes provided was many which made the whole thing confusing.,1,False,6,1
False,generic,It was easy to read,0,not_scaffolded,1,689ce9ad18c78be540084733,6,I am not confident at all,The instructions should have been left on the puzzle page,2,689cea06e277e93fe1ec8d01,5,6,2,5,1,6,6,1,help1.1,7,2,1,169520,2,It was hard to solve,1,False,2,2
False,generic,,0,not_scaffolded,0,689ce9ad18c78be540084733,7,,,2,689ceaf3828dd5d2422e711c,6,6,2,5,1,5,5,1,help2.3,6,2,2,68669,1,,1,False,2,3
False,generic,,0,not_scaffolded,0,689ce9ad18c78be540084733,6,,,1,689ceb4e18c78be540084738,6,6,2,5,1,5,6,1,hub2.3,6,2,2,4755,1,,1,False,2,0
False,generic,None was easy,0,hub,4,689ce9b8e277e93fe1ec8cff,7,Not at all,"No, it made me feel dumb because I didn't know the answers",1,689ce9f06b15704ebfa4aeb2,6,7,1,6,1,7,7,1,hub2.1,7,2,1,209495,1,All of the it was hard,2,False,1,4
False,generic,,0,hub,0,689ce9d518c78be540084734,,,,,689ce9fca71d0d49580fc601,,,,,,,,1,hub2.1,,1,,0,,,1,False,,0
False,generic,The basic idea and how to interact with the chart were simple.,0,not_scaffolded,4,689cea3c18c78be540084735,5,"I am not very confident with this type of puzzle yet, but with practice I could be. I am confident with similar types of puzzles though, and would be interested in getting better at this type.","No, I thought I had it figured out, but did not and this made me feel like I could do a lot better.",3,689cea86c87adf49dde11989,7,7,2,5,2,6,7,1,help1.3,7,2,3,241382,3,"Cross-referencing the given hints and then actually reasoning out what marks needed to fill out the chart was challenging, logically.",1,False,1,12
True,generic,The given hints were simpler and easy to understand.,0,not_scaffolded,0,689cea3c18c78be540084735,3,"I could probably do alright in future ones, but still need work.","Yes, getting the correct solution reinforced my sense of understand the general logic and mechanics.",5,689cec17019f5c8e27d85277,7,7,4,5,4,6,7,1,help2.1,7,2,4,202265,5,I twas still difficult to cross reference hints logically.,1,False,2,10
False,generic,This was not easy at all.,0,not_scaffolded,0,689cea3c18c78be540084735,7,I am only confident in solving smaller easier ones for now.,"I did not solve it, and likely would have a very difficult time doing so if at all. I'd need more practice. This one made me feel like I am not ready for it.",1,689ced49e277e93fe1ec8d05,7,7,1,7,1,7,7,1,hub2.1,7,2,1,8636,1,"This puzzle was far larger and more complex than I am likely ready for, and I would rather work up to it over time.",1,False,1,0
False,none,,0,scaffolded,1,689ceeef6bc6c32c3cb589df,,,,,689ceefdc87adf49dde1198e,,,,,,,,1,spoke1.2,,2,,37268,,,2,False,,1
False,generic,,0,scaffolded,0,689ceef1a71d0d49580fc603,,,,,689cef55e43f28b7845d3d02,,,,,,,,1,spoke1.1,,1,,37391,,,1,False,,1
True,generic,Putting in the for sures ,1,scaffolded,0,689ceef2a71d0d49580fc604,2,I didn't know how I would do and it took me two tries,Yes,2,689cef28a71d0d49580fc606,5,6,2,6,4,3,4,1,spoke1.2,2,2,5,192042,2,trying to get the order right ,2,False,3,4
True,generic,,0,scaffolded,0,689ceef2a71d0d49580fc604,4,,,4,689cf033a71d0d49580fc608,5,5,4,5,4,3,5,1,spoke2.1,3,2,3,94913,5,,2,False,4,4
False,generic,This one was super hard...,0,scaffolded,0,689ceef2a71d0d49580fc604,3,,,5,689cf0a3e277e93fe1ec8d0a,2,1,3,2,2,2,2,1,hub2.2,2,2,2,79917,2,I just couldn't wrap my head around it,2,False,2,6
False,relevant,Just reading the sentence ,0,scaffolded,1,689ceef3019f5c8e27d85278,4,Not confident at all. ,Nope it was confusing ,4,689cef297163696805b56fed,5,6,6,6,3,4,3,1,spoke1.3,7,2,5,56689,4,Thinking where to put it. ,2,False,7,1
False,relevant,,0,scaffolded,2,689ceef3019f5c8e27d85278,,,,,689cefbc019f5c8e27d8527a,,,,,,,,1,spoke2.1,,2,,22802,,,2,False,,0
True,generic,I needed to write out my answers in a diagram and then the answer became more straightforward,0,hub,0,689ceef9019f5c8e27d85279,6,I think I will do better next time.,"Not really, I felt that I could have done it faster",4,689cef1f5b369118e14b606e,4,4,2,4,2,3,5,1,hub2.3,4,1,2,302443,3,It was difficult to try to do in my head at first.,1,False,5,12
False,generic,Doing the info told to me.,0,hub,12,689ceefaa86babb31d8eadc5,2,A little bit.,A little as it did take effort.,4,689cef307163696805b56fee,5,6,4,5,4,5,6,1,hub2.1,6,2,4,323661,5,Trying to infer what was being meant.,2,False,2,36
False,relevant,,0,not_scaffolded,0,689ceefba86babb31d8eadc6,,,,,689cef19e43f28b7845d3d01,,,,,,,,1,help1.3,,1,,0,,,1,False,,0
True,none,I found the puzzle to be pretty easy overall,1,scaffolded,0,689ceefc18c78be54008473b,2,I feel that I am confident doing more of these types of puzzles,I found some satisfaction in completing the puzzle but not a ton,4,689cef57e43f28b7845d3d04,3,4,4,2,5,3,4,1,spoke1.1,3,2,5,64508,5,I didn't find any part of the puzzle hard. I think it can be challenging for those who want to just rush through it and not read the instructions and hints thoroughly ,1,False,5,4
True,none,Reading instructions and drawing conclusions,2,scaffolded,0,689ceefc18c78be54008473b,2,pretty confident,"yes, this one was a little harder than the first",5,689cf0065b369118e14b6071,2,4,5,2,5,2,2,1,spoke2.2,2,2,5,85974,5,drawing conclusions based on the given info,1,False,5,4
True,none,reading the instructions,4,scaffolded,0,689ceefc18c78be54008473b,2,i feel confident in my abilities based on the puzzles i have completed thus far,yes i feel rewarded because this puzzle was challenging,5,689cf0b56bc6c32c3cb589e2,4,5,5,4,5,4,5,1,hub2.2,4,2,5,211583,6,drawing conclusions based on the information given,1,False,3,12
False,none,,0,hub,3,689ceefcc87adf49dde1198c,,,,,689cef367163696805b56fef,,,,,,,,1,hub2.3,,1,,140008,,,1,False,,9
False,relevant,none,0,hub,3,689ceefcc87adf49dde1198d,7,Not very,It made me feel incompetent,2,689cef5d18c78be54008473c,4,7,1,6,1,4,7,1,hub2.1,6,1,1,378839,1,All were hard to me,1,False,1,4
False,generic,Reading comprehension.,0,not_scaffolded,1,689ceefdbf57147ba865e139,5,like a 6. ,No. I think i solved it but i didnt feel smart.,4,689cef3dbf57147ba865e13a,5,6,4,5,3,6,6,1,help1.2,6,2,4,196137,4,I dont it was that hard. read the clues and then put together whats missing,1,False,1,15
False,generic,Reading tells you the answer.,0,not_scaffolded,4,689ceefdbf57147ba865e139,5,6 out of 10.,no. it didnt seem to be that hard.,4,689cf0b9e43f28b7845d3d0a,3,3,5,3,5,3,3,1,help2.3,3,2,5,84862,5,none. just read the clues. ,1,False,5,12
False,generic,Ii didnt see anything easy about this one. ,0,not_scaffolded,0,689ceefdbf57147ba865e139,2,not at all. 2/10,i didnt solve it. so no. ,2,689cf164c87adf49dde11997,6,6,2,6,2,6,6,1,hub2.2,6,2,2,127451,2,having 3 places to circle and x was difficult without many clues. ,1,False,6,7
False,relevant,The hints made it a little easier.,0,scaffolded,2,689cef02e277e93fe1ec8d06,4,Average. I think I could get better with more practice.,"Slightly, because I had to use my brain power.",4,689cef1d5b369118e14b606d,6,7,4,6,4,6,5,1,spoke1.2,6,1,4,48570,4,Trying to figure out what the hints meant.,1,False,1,1
False,relevant,It was difficult.,0,scaffolded,1,689cef02e277e93fe1ec8d06,5,"Average, but need more practice.",No because I think I failed.,1,689cefee7163696805b56ff3,7,7,1,7,1,7,7,1,spoke1.3,7,1,1,65192,3,"Everything, even with the hints. They were hard to understand.",1,False,1,2
False,relevant,The hints were decent.,0,scaffolded,0,689cef02e277e93fe1ec8d06,4,"Average, could definitely use more practice.",Slightly,3,689cf0cde277e93fe1ec8d0b,7,7,4,6,3,6,6,1,hub2.2,6,1,4,93788,3,It was somewhat easy.,1,False,1,5
False,generic,,1,scaffolded,7,689cef04e277e93fe1ec8d07,1,,,1,689cef70e277e93fe1ec8d08,6,7,1,7,1,7,6,1,spoke1.2,6,1,1,177486,1,,1,False,7,3
False,generic,,0,scaffolded,5,689cef04e277e93fe1ec8d07,1,,,1,689cf056a71d0d49580fc609,7,7,1,7,1,7,7,1,spoke2.2,7,1,1,67942,1,,1,False,7,11
False,generic,,0,scaffolded,10,689cef04e277e93fe1ec8d07,1,,,1,689cf0b7a0fabb1a65c09995,7,7,1,7,1,7,7,1,hub2.3,7,1,1,143336,1,,1,False,7,20
True,none,the logical aspect is easy,0,scaffolded,0,689cef09a0fabb1a65c0998d,1,very confident,"yes, because I solved it",7,689cef3ebf57147ba865e13b,4,6,7,3,7,3,5,1,spoke1.2,3,2,7,79912,7,nothing in particular,1,False,3,4
True,none,the logical part of the puzzle is easy,0,scaffolded,0,689cef09a0fabb1a65c0998d,1,highly confident,"yes, because I solved it",7,689cefeaa0fabb1a65c09992,4,7,7,3,7,4,6,1,spoke2.2,5,2,7,87143,7,nothing,1,False,3,6
True,none,understanding the statements,0,scaffolded,0,689cef09a0fabb1a65c0998d,1,I am good at solving this type of game,"yes, I solved it even though it seemed confusing in the beginning",7,689cf08ee43f28b7845d3d09,4,7,7,3,7,5,6,1,hub2.3,6,2,7,211597,7,the grids were a little confusing in the beginning,1,False,3,12
False,generic,,3,not_scaffolded,0,689cef10a0fabb1a65c0998e,,,,,689cef3fbf57147ba865e13c,,,,,,,,1,help1.2,,1,,2025-08-13T20:02:03.066Z,,,1,False,,0
True,none,The way you could mark the squares with different tags,0,scaffolded,0,689cef13a0fabb1a65c0998f,2,"Fairly, even though I don't haven't played them much ",No. This was pretty easy.,4,689cef377163696805b56ff0,1,3,4,1,4,2,3,1,spoke1.1,2,1,4,72708,4,None,1,False,6,4
True,none,The tags you can add are helpful,0,scaffolded,0,689cef13a0fabb1a65c0998f,2,Fairly confident,"No, it's easy",4,689ceffa5b369118e14b606f,2,3,4,1,4,2,2,1,spoke1.3,2,1,4,49359,4,The OR statement was weird,1,False,6,4
False,none,,0,scaffolded,0,689cef13a0fabb1a65c0998f,,,,,689cf06b18c78be54008473e,,,,,,,,1,hub2.1,,1,,0,,,1,False,,0
False,none,None.,0,hub,14,689cef17e43f28b7845d3d00,7,"Not too confident.  If I had unlimited time, I might be able to do better.",I didn't solve it and I didn't feel smart.,1,689cef85a86babb31d8eadc8,7,6,2,7,2,7,7,1,hub2.1,7,2,2,765649,1,"I found all of it to be difficult, especially considering I felt time constrained.",1,False,1,34
False,generic,none,1,scaffolded,10,689cef226bc6c32c3cb589e0,3,somehow confident,yes i felt confident as it was somehow challenging,6,689cefdfe277e93fe1ec8d09,6,6,6,6,5,6,6,1,spoke1.3,6,1,2,189608,5,determining where to cross and unmark to,2,False,2,5
False,generic,none,0,scaffolded,2,689cef226bc6c32c3cb589e0,3,somehow confident,yes i felt confident as it was somehow challenging,6,689cf1385b369118e14b6074,6,6,6,6,5,6,6,1,spoke1.3,6,1,2,41450,5,determining where to cross and unmark to,2,False,2,6
False,generic,following the statements and rules,0,scaffolded,11,689cef226bc6c32c3cb589e0,6,somehow confident,yes because it was somehow challemging but i managed it,6,689cf1e3019f5c8e27d8527c,6,6,6,6,6,6,6,1,hub2.1,6,1,6,175913,6,none,2,False,2,12
True,generic,Using the clues to figure out what sauce went with what pasta (process of elimination),0,not_scaffolded,0,689cef23a71d0d49580fc605,1,Pretty confident.,It made me feel slightly smart because I feel like I solved it fairly quickly and I know some people who would struggle with puzzles like this.,6,689cef56e43f28b7845d3d03,2,5,6,2,6,2,2,1,help1.1,2,1,6,160066,6,None.,2,False,3,14
True,generic,Using the clues to figure out the answers,0,not_scaffolded,0,689cef23a71d0d49580fc605,1,Pretty confident,It made me feel somewhat smart because I feel like I solved it reasonably quickly,6,689cf06f9edb233177c6ea1c,3,4,6,2,6,2,2,1,help2.1,2,1,6,175308,6,N/A,2,False,4,13
False,generic,This one was pretty difficult,0,not_scaffolded,11,689cef23a71d0d49580fc605,6,I think I maybe have a 50/50 chance of solving one like this,I was not able to solve this one,3,689cf1685b369118e14b6075,5,4,3,4,2,4,5,1,hub2.1,5,1,4,285327,2,Trying to figure out what ingredients went in what order and how they were prepared,2,False,1,28
True,relevant,It was easy to walk through the logic of the puzzle once I had one thing I was certain about the answer to. ,0,not_scaffolded,0,689cef47bf57147ba865e13d,1,Very confident,"It did a bit because I solved it easily and quickly, but I also feel like it is a very easy version of that type of puzzle so it didn't make me feel like a genius or anything. ",6,689cef6b6b15704ebfa4aeb6,4,6,6,3,7,2,2,1,help1.3,3,2,6,26333,7,Nothing was hard.,1,False,5,4
True,relevant,"Once I figured out one certain thing in the puzzle, the rest came very easily. ",0,not_scaffolded,0,689cef47bf57147ba865e13d,1,Very confident,"It did. I had to think on this one a little more than the last but was still very easily able to solve it Because it is a logic puzzle, it makes me feel smarter to be good at logic. ",7,689ceff27163696805b56ff6,5,6,7,3,7,3,3,1,help2.1,3,2,7,40614,7,It took me a little bit of thinking to get to the answer but nothing was particularly hard. ,1,False,5,4
True,relevant,It was easy to place the carrots as the chopped ingredient and the mashed ingredient as second,0,not_scaffolded,0,689cef47bf57147ba865e13d,6,Very confident,"It did. I had to think pretty hard about this particular puzzle, harder than the others, so it was a little challenging but I ultimately found the solution which made me feel smarter ",5,689cf0d9c87adf49dde11994,6,7,6,6,6,6,6,1,hub2.3,5,2,6,416401,6,It was tough to figure out the order of the ingredients and how they were prepared,1,False,1,12
True,relevant,The hint that stated when the shells was served was easy.,1,scaffolded,0,689cef5ea86babb31d8eadc7,2,Fairly confident,"No, I don't think being able to solve this puzzle means I'm smart because it wasn't that difficult. ",6,689cef9e828dd5d2422e711f,5,6,4,5,5,3,5,1,spoke1.2,5,2,5,161497,6,No aspects were hard.,1,False,3,4
True,relevant,No part was easy.,0,scaffolded,0,689cef5ea86babb31d8eadc7,2,Fairly confident,No because I feel like many people could solve this.,5,689cf0ad18c78be540084740,5,6,4,5,5,5,5,1,spoke2.2,5,2,5,136889,6,Not having one of the answers included in the hints made it hard. ,1,False,2,6
False,relevant,Nothing was easy,0,scaffolded,0,689cef5ea86babb31d8eadc7,6,Not very confident,No because I don't think this is how you measure intelligence. ,2,689cf195828dd5d2422e7123,6,6,2,6,2,7,7,1,hub2.1,7,2,2,259143,2,There weren't enough clues given to solve it,1,False,1,3
True,generic,the directions were clear,0,scaffolded,0,689cef5f2b3db56c9ca8f9b1,2,rather confident,"no, i felt it was easy",5,689cef95bf57147ba865e13e,4,4,5,2,5,2,3,1,spoke1.1,3,1,5,105647,6,nothing was hard.  follow the directions,1,False,5,7
True,generic,the addition of either/or add an element of difficulty,0,scaffolded,0,689cef5f2b3db56c9ca8f9b1,5,rather confident,no.  the directions were good,5,689cf060828dd5d2422e7121,4,4,5,4,5,4,4,1,spoke2.2,5,1,5,102790,5,you had to on faith a little,1,False,4,4
False,generic,simple instructions,2,scaffolded,2,689cef5f2b3db56c9ca8f9b1,1,somewhat confident,no.  i couldnt solve it,1,689cf1235b369118e14b6072,7,7,4,7,1,7,6,1,hub2.3,7,1,4,868361,1,i feel there may not have been enough clues,1,False,2,0
False,generic,following the hint,1,not_scaffolded,4,689cef8fa71d0d49580fc607,5,"Not very, usually struggle","No, I didn't get it right",2,689cf1a2828dd5d2422e7124,2,6,2,5,2,6,6,1,help1.3,6,2,2,230230,2,did not understand what I was trying to solve,2,False,2,12
True,generic,better deduction this time,0,not_scaffolded,0,689cef8fa71d0d49580fc607,2,50/50 sometimes I do good,"yes, git this one.  More methodical this time",4,689cf423c87adf49dde1199c,4,6,4,4,4,5,6,1,help2.2,3,2,4,355147,4,keeping track of decisions,2,False,2,16
False,generic,following the logic,2,not_scaffolded,8,689cef8fa71d0d49580fc607,5,"50/50, sometimes right","No, I am at a loss if I was right",5,689cf60c6bc6c32c3cb589e8,6,6,5,5,5,6,6,1,hub2.3,6,2,3,538079,5,"wondered how I was wrong, logic makes me think I was right",2,False,1,40
True,none,It was easy to follow the steps. ,0,scaffolded,0,689cefaa2b3db56c9ca8f9b2,3,medium confidence,"No, because I don't know if I could have done it more quickly. ",4,689ceff52b3db56c9ca8f9b3,4,6,2,2,3,5,5,1,spoke1.3,5,1,4,85039,4,"The layout was initially intimidating, but it became easy to understand as I worked on it. ",1,False,1,6
True,none,"There were only four options, so it wasn't that difficult to narrow them down. ",0,scaffolded,0,689cefaa2b3db56c9ca8f9b2,2,medium confidence,A little bit because it was difficult at first. ,3,689cf0c76bc6c32c3cb589e3,4,6,4,3,4,5,6,1,spoke2.1,5,1,4,88385,5,There weren't any definite answers. ,1,False,1,8
False,none,None,0,scaffolded,7,689cefaa2b3db56c9ca8f9b2,2,low confidence,No,2,689cf187019f5c8e27d8527b,6,5,2,6,2,6,6,1,hub2.3,6,1,2,239989,2,The introduction of a third grid made it difficult,1,False,6,5
False,generic,None,0,not_scaffolded,1,689cefb27163696805b56ff1,6,"Similar to this one, not confident at all. ",Not in the least,2,689cefd7c87adf49dde11990,2,6,1,1,1,7,6,1,help1.1,6,2,2,84141,1,I honestly did not understand it i guess. ,1,False,1,1
False,generic,None of it,1,not_scaffolded,3,689cefb27163696805b56ff1,7,Not confident at all,None of it,1,689cf077e43f28b7845d3d06,6,6,1,6,1,6,6,1,help2.2,7,2,1,144993,1,"all of it, i don't get it",1,False,1,0
False,generic,none,0,not_scaffolded,4,689cefb27163696805b56ff1,7,not,"no, i felt like i was not smart all",1,689cf14918c78be540084744,6,6,1,6,1,7,7,1,hub2.3,7,2,1,73368,1,all of it,1,False,1,5
False,relevant,All of it,1,scaffolded,2,689cefcf6bc6c32c3cb589e1,3,Moderately confident,No because it was easy,4,689ceff17163696805b56ff5,2,4,4,4,4,3,3,1,spoke1.2,4,1,4,73304,5,None of it,1,False,5,2
False,relevant,,0,scaffolded,2,689cefcf6bc6c32c3cb589e1,3,,,4,689cf07a2b3db56c9ca8f9b4,3,5,4,4,4,4,4,1,spoke2.1,5,1,4,54910,4,,1,False,4,2
False,relevant,,0,scaffolded,0,689cefcf6bc6c32c3cb589e1,4,,,3,689cf0dce43f28b7845d3d0c,3,5,3,5,3,6,6,1,hub2.3,6,1,3,26243,3,,1,False,3,1
False,relevant,Nothing I'm not good at these things as you can tell,0,not_scaffolded,0,689cefd99edb233177c6ea1b,2,I'm not very confident with this kind of stuff at all sorry. Have a great day.,"No, because I wasn't able to solve the puzzle",2,689cf0d8c87adf49dde11993,6,6,2,6,2,6,6,1,help1.2,6,1,2,47469,2,Everything I don't understand these things at all I'm not very good at them,1,False,6,0
False,relevant,Nothing about this is easy,0,not_scaffolded,0,689cefd99edb233177c6ea1b,2,I'm not very confident at all with these. Have a great day.,"No, I didn't even complete it. I'm not very good. I tried a little bit, but I have no idea how to do these.",2,689cf143a0fabb1a65c09996,6,6,2,6,2,6,6,1,help2.1,6,1,2,9793,2,Everything about it is hard. I'm not good at this kind of stuff sorry.,1,False,6,0
False,relevant,I apologize nothing on this was easy,0,not_scaffolded,0,689cefd99edb233177c6ea1b,2,I'm not confident at all with these things I really am not sorry,I wasn't able to solve it. I'm not good at these at all sorry.,2,689cf17bbf57147ba865e143,6,6,2,6,2,6,6,1,hub2.3,6,1,2,8388,2,I apologize everything on this was hard,1,False,6,0
True,none,Some of the hints were really straight forward.,0,not_scaffolded,0,689ceff07163696805b56ff4,4,Somehow confident.,Finally being able to solve it felt like some kind of an achievement.,5,689cf0b69edb233177c6ea1e,5,7,3,4,4,6,7,1,help1.1,6,2,4,344273,3,Trying to figure out some of the hints that were really confusing and needed alot of thinking.,2,False,2,15
True,none,The puzzle wasn't as easy,1,not_scaffolded,0,689ceff07163696805b56ff4,4,Can't really tell how much confidence I have at the moment.,Trying to solve it actually makes me feel smart.,3,689cf2e09edb233177c6ea24,6,6,2,7,3,6,7,1,help2.1,7,2,3,514811,2,The hints are a bit more confusing,2,False,7,4
False,none,Nothing easy,3,not_scaffolded,0,689ceff07163696805b56ff4,5,Not at all confident,No,1,689cf590828dd5d2422e712a,7,7,1,7,2,7,7,1,hub2.1,7,2,1,1564282,1,Interpreting the hints,2,False,7,7
True,generic,It was easy to read the clues.,0,scaffolded,0,689cf048828dd5d2422e7120,1,I am very confident I could solve harder logic problems.,"Yes, I love puzzles that are easy to solve.",7,689cf095c87adf49dde11992,4,5,5,1,7,1,2,1,spoke1.3,3,1,7,83149,6,The grid was a little small.,2,False,6,16
True,generic,It was easy to find a starting place.,0,scaffolded,0,689cf048828dd5d2422e7120,1,I am very confident.,"Yes, it was challenging.",7,689cf1b8a0fabb1a65c09997,5,7,6,2,6,4,5,1,spoke2.1,6,1,7,109422,7,The clues needed to be used out of order.,2,False,3,16
True,generic,,0,scaffolded,0,689cf048828dd5d2422e7120,1,I am very confident.,Yes because it was more difficult.,7,689cf2aea0fabb1a65c0999a,3,6,5,4,5,5,6,1,hub2.3,7,1,6,559026,7,,2,False,2,48
False,generic,The reading part. ,0,not_scaffolded,2,689cf2496bc6c32c3cb589e7,5,Not confident at all. ,Nope not at all. Made me think a lil. ,4,689cf252019f5c8e27d8527d,5,4,6,3,5,5,6,1,help1.1,5,2,5,40336,5,Trying to figure out where it go. ,2,False,5,1
False,generic,The reading. ,0,not_scaffolded,2,689cf2496bc6c32c3cb589e7,5,I’m confident but not in this. ,Not at all. ,4,689cf2ada0fabb1a65c09999,3,4,4,3,4,6,4,1,help2.3,6,2,4,34712,4,Trying to see if I should do either or ,2,False,4,0
False,generic,The reading. ,0,not_scaffolded,0,689cf2496bc6c32c3cb589e7,4,I’m confident but not in this. ,Nope it was confusing. ,4,689cf2f72b3db56c9ca8f9b8,5,4,5,4,4,3,5,1,hub2.3,5,2,5,58750,5,Trying to see what it was talking about. ,2,False,5,2
True,none,I guess it was easy once I figured out what exactly I needed to do.,0,not_scaffolded,0,689cf291e277e93fe1ec8d0e,3,"I'd have to try more, but I guess pretty confident.",Not really because it was sort of easy,4,689cf2bec87adf49dde11999,5,5,5,3,5,4,4,1,help1.3,4,2,5,212150,5,Not knowing if I needed to put a red X on each square that didn't need a O,1,False,4,16
True,none,The whole thing,0,not_scaffolded,0,689cf291e277e93fe1ec8d0e,3,Pretty confident.,"No, it was easier than before",5,689cf3e3c87adf49dde1199b,3,3,5,2,5,3,3,1,help2.2,3,2,5,85270,6,Nothing,1,False,5,4
False,none,Nothing,0,not_scaffolded,0,689cf291e277e93fe1ec8d0e,1,Not if there are the extra boxes like that,"No, I didn't solve it",1,689cf463e43f28b7845d3d0e,6,6,1,4,1,6,6,1,hub2.2,6,2,1,72157,1,The extra boxes. ,1,False,2,3
False,relevant,"I couldn't figure out which ingredient came first or second. The whole thing was really stressful for me because I couldn't figure it. I almost gave up and quit, it gave me so much anxiety.",0,hub,3,689cf87de277e93fe1ec8d0f,7,,No at all confident,1,689cf8dc5b369118e14b6077,6,7,1,7,1,7,7,1,hub2.2,7,1,1,306058,1,No. I didn't solve it I don't think,1,False,1,5
