Id,PuzzleId,State,GridValue,MoveIds
94314,spoke_sunlight,spoke_sunlight:start:['start'],start,['start']
79926,spoke_sunlight,spoke_sunlight:success:['success'],success,['success']
96714,spoke_sunlight,spoke_sunlight:failure:['failure'],failure,['failure']
41171,spoke_sunlight,spoke_sunlight:partial:['partial'],partial,['partial']
20633,spoke_sunlight,spoke_sunlight:correct:['hint:The plants Tomato is the hours 2hr:APPLY_IS'],correct,['hint:The plants Tomato is the hours 2hr:APPLY_IS']
79990,spoke_sunlight,"spoke_sunlight:correct:['hint:Either the plants Spinach is the hours 4hr or the plants Tomato is the hours 6hr:APPLY_OR', 'hint:The plants Tomato is the hours 2hr:APPLY_IS']",correct,"['hint:Either the plants Spinach is the hours 4hr or the plants Tomato is the hours 6hr:APPLY_OR', 'hint:The plants Tomato is the hours 2hr:APPLY_IS']"
41088,spoke_sunlight,"spoke_sunlight:correct:['hint:Either the plants Spinach is the hours 4hr or the plants Tomato is the hours 6hr:APPLY_OR', 'hint:The plants Tomato is 2 hourss before the plants Cauliflower:APPLY_BEFORE_N_SPOTS', 'hint:The plants Tomato is the hours 2hr:APPLY_IS']",correct,"['hint:Either the plants Spinach is the hours 4hr or the plants Tomato is the hours 6hr:APPLY_OR', 'hint:The plants Tomato is 2 hourss before the plants Cauliflower:APPLY_BEFORE_N_SPOTS', 'hint:The plants Tomato is the hours 2hr:APPLY_IS']"
35841,spoke_sunlight,"spoke_sunlight:correct:['hint:Either the plants Spinach is the hours 4hr or the plants Tomato is the hours 6hr:APPLY_OR', 'hint:The plants Tomato is 2 hourss before the plants Cauliflower:APPLY_BEFORE_N_SPOTS', 'hint:The plants Tomato is the hours 2hr:APPLY_IS', 'transitives::OPENING']",correct,"['hint:Either the plants Spinach is the hours 4hr or the plants Tomato is the hours 6hr:APPLY_OR', 'hint:The plants Tomato is 2 hourss before the plants Cauliflower:APPLY_BEFORE_N_SPOTS', 'hint:The plants Tomato is the hours 2hr:APPLY_IS', 'transitives::OPENING']"
47968,spoke_sunlight_alt,spoke_sunlight_alt:start:['start'],start,['start']
80530,spoke_sunlight_alt,spoke_sunlight_alt:success:['success'],success,['success']
72332,spoke_sunlight_alt,spoke_sunlight_alt:failure:['failure'],failure,['failure']
95256,spoke_sunlight_alt,spoke_sunlight_alt:partial:['partial'],partial,['partial']
68807,spoke_sunlight_alt,spoke_sunlight_alt:correct:['hint:Either the plants Pumpkin or the plants Cauliflower is the hours 2hr:SIMPLE_OR_SAME_CAT'],correct,['hint:Either the plants Pumpkin or the plants Cauliflower is the hours 2hr:SIMPLE_OR_SAME_CAT']
73207,spoke_sunlight_alt,"spoke_sunlight_alt:correct:['hint:Either the plants Pumpkin or the plants Cauliflower is the hours 2hr:SIMPLE_OR_SAME_CAT', 'hint:The plants Pumpkin is 1 hourss before the plants Spinach:BEFORE_N_SPOTS_NOINFO']",correct,"['hint:Either the plants Pumpkin or the plants Cauliflower is the hours 2hr:SIMPLE_OR_SAME_CAT', 'hint:The plants Pumpkin is 1 hourss before the plants Spinach:BEFORE_N_SPOTS_NOINFO']"
29791,spoke_sunlight_alt,"spoke_sunlight_alt:correct:['hint:Either the plants Pumpkin or the plants Cauliflower is the hours 2hr:SIMPLE_OR_SAME_CAT', 'hint:The plants Pumpkin is 1 hourss before the plants Spinach:BEFORE_N_SPOTS_NOINFO', 'hint:The plants Tomato is 2 hourss before the plants Spinach:BEFORE_N_SPOTS_NOINFO']",correct,"['hint:Either the plants Pumpkin or the plants Cauliflower is the hours 2hr:SIMPLE_OR_SAME_CAT', 'hint:The plants Pumpkin is 1 hourss before the plants Spinach:BEFORE_N_SPOTS_NOINFO', 'hint:The plants Tomato is 2 hourss before the plants Spinach:BEFORE_N_SPOTS_NOINFO']"
76632,spoke_sunlight_alt,"spoke_sunlight_alt:correct:['hint:Either the plants Pumpkin or the plants Cauliflower is the hours 2hr:SIMPLE_OR_SAME_CAT', 'hint:The plants Pumpkin is 1 hourss before the plants Spinach:BEFORE_N_SPOTS_NOINFO', 'hint:The plants Tomato is 2 hourss before the plants Spinach:BEFORE_N_SPOTS_NOINFO', 'transitives::OPENING']",correct,"['hint:Either the plants Pumpkin or the plants Cauliflower is the hours 2hr:SIMPLE_OR_SAME_CAT', 'hint:The plants Pumpkin is 1 hourss before the plants Spinach:BEFORE_N_SPOTS_NOINFO', 'hint:The plants Tomato is 2 hourss before the plants Spinach:BEFORE_N_SPOTS_NOINFO', 'transitives::OPENING']"
80369,spoke_sunlight_alt,"spoke_sunlight_alt:correct:['cross outs::CROSS_OUT', 'hint:Either the plants Pumpkin or the plants Cauliflower is the hours 2hr:SIMPLE_OR_SAME_CAT', 'hint:The plants Pumpkin is 1 hourss before the plants Spinach:BEFORE_N_SPOTS_NOINFO', 'hint:The plants Tomato is 2 hourss before the plants Spinach:BEFORE_N_SPOTS_NOINFO']",correct,"['cross outs::CROSS_OUT', 'hint:Either the plants Pumpkin or the plants Cauliflower is the hours 2hr:SIMPLE_OR_SAME_CAT', 'hint:The plants Pumpkin is 1 hourss before the plants Spinach:BEFORE_N_SPOTS_NOINFO', 'hint:The plants Tomato is 2 hourss before the plants Spinach:BEFORE_N_SPOTS_NOINFO']"
77214,spoke_sunlight_alt,"spoke_sunlight_alt:correct:['hint:Either the plants Pumpkin or the plants Cauliflower is the hours 2hr:SIMPLE_OR_SAME_CAT', 'hint:The plants Pumpkin is 1 hourss before the plants Spinach:BEFORE_N_SPOTS_NOINFO', 'hint:The plants Pumpkin is 1 hourss before the plants Spinach:OPENING', 'hint:The plants Tomato is 2 hourss before the plants Spinach:BEFORE_N_SPOTS_NOINFO']",correct,"['hint:Either the plants Pumpkin or the plants Cauliflower is the hours 2hr:SIMPLE_OR_SAME_CAT', 'hint:The plants Pumpkin is 1 hourss before the plants Spinach:BEFORE_N_SPOTS_NOINFO', 'hint:The plants Pumpkin is 1 hourss before the plants Spinach:OPENING', 'hint:The plants Tomato is 2 hourss before the plants Spinach:BEFORE_N_SPOTS_NOINFO']"
62672,spoke_sunlight_alt,"spoke_sunlight_alt:correct:['cross outs::OPENING', 'hint:Either the plants Pumpkin or the plants Cauliflower is the hours 2hr:SIMPLE_OR_SAME_CAT', 'hint:The plants Pumpkin is 1 hourss before the plants Spinach:BEFORE_N_SPOTS_NOINFO', 'hint:The plants Tomato is 2 hourss before the plants Spinach:BEFORE_N_SPOTS_NOINFO']",correct,"['cross outs::OPENING', 'hint:Either the plants Pumpkin or the plants Cauliflower is the hours 2hr:SIMPLE_OR_SAME_CAT', 'hint:The plants Pumpkin is 1 hourss before the plants Spinach:BEFORE_N_SPOTS_NOINFO', 'hint:The plants Tomato is 2 hourss before the plants Spinach:BEFORE_N_SPOTS_NOINFO']"
71865,spoke_harvest,spoke_harvest:start:['start'],start,['start']
97643,spoke_harvest,spoke_harvest:success:['success'],success,['success']
31144,spoke_harvest,spoke_harvest:failure:['failure'],failure,['failure']
27621,spoke_harvest,spoke_harvest:partial:['partial'],partial,['partial']
36598,spoke_harvest,spoke_harvest:correct:['hint:The plant Eggplant is the days 60:APPLY_IS'],correct,['hint:The plant Eggplant is the days 60:APPLY_IS']
93742,spoke_harvest,"spoke_harvest:correct:['cross outs::CROSS_OUT', 'hint:The plant Eggplant is the days 60:APPLY_IS']",correct,"['cross outs::CROSS_OUT', 'hint:The plant Eggplant is the days 60:APPLY_IS']"
53855,spoke_harvest,"spoke_harvest:correct:['hint:The plant Eggplant is the days 60:APPLY_IS', 'hint:The plant Green Onions is at least 1 days before the plant Eggplant:BEFORE_N_SPOTS_NOINFO']",correct,"['hint:The plant Eggplant is the days 60:APPLY_IS', 'hint:The plant Green Onions is at least 1 days before the plant Eggplant:BEFORE_N_SPOTS_NOINFO']"
80905,spoke_harvest,"spoke_harvest:correct:['hint:The plant Eggplant is the days 60:APPLY_IS', 'hint:The plant Green Onions is at least 1 days before the plant Eggplant:BEFORE_N_SPOTS_NOINFO', 'hint:The plant Green Onions is at least 1 days before the plant Eggplant:OPENING']",correct,"['hint:The plant Eggplant is the days 60:APPLY_IS', 'hint:The plant Green Onions is at least 1 days before the plant Eggplant:BEFORE_N_SPOTS_NOINFO', 'hint:The plant Green Onions is at least 1 days before the plant Eggplant:OPENING']"
35791,spoke_harvest,"spoke_harvest:correct:['cross outs::CROSS_OUT', 'hint:The plant Eggplant is the days 60:APPLY_IS', 'hint:The plant Green Onions is at least 1 days before the plant Eggplant:BEFORE_N_SPOTS_NOINFO']",correct,"['cross outs::CROSS_OUT', 'hint:The plant Eggplant is the days 60:APPLY_IS', 'hint:The plant Green Onions is at least 1 days before the plant Eggplant:BEFORE_N_SPOTS_NOINFO']"
80537,spoke_harvest,"spoke_harvest:correct:['hint:Either the plant Green Onions or the plant Potatoes is the days 120:OPENING', 'hint:The plant Eggplant is the days 60:APPLY_IS', 'hint:The plant Green Onions is at least 1 days before the plant Eggplant:BEFORE_N_SPOTS_NOINFO']",correct,"['hint:Either the plant Green Onions or the plant Potatoes is the days 120:OPENING', 'hint:The plant Eggplant is the days 60:APPLY_IS', 'hint:The plant Green Onions is at least 1 days before the plant Eggplant:BEFORE_N_SPOTS_NOINFO']"
41756,spoke_harvest,"spoke_harvest:correct:['cross outs::OPENING', 'hint:The plant Eggplant is the days 60:APPLY_IS', 'hint:The plant Green Onions is at least 1 days before the plant Eggplant:BEFORE_N_SPOTS_NOINFO']",correct,"['cross outs::OPENING', 'hint:The plant Eggplant is the days 60:APPLY_IS', 'hint:The plant Green Onions is at least 1 days before the plant Eggplant:BEFORE_N_SPOTS_NOINFO']"
23432,spoke_water,spoke_water:start:['start'],start,['start']
11191,spoke_water,spoke_water:success:['success'],success,['success']
75936,spoke_water,spoke_water:failure:['failure'],failure,['failure']
12029,spoke_water,spoke_water:partial:['partial'],partial,['partial']
14302,spoke_water,spoke_water:correct:['hint:The plants Carrots is the amounts 40oz:APPLY_IS'],correct,['hint:The plants Carrots is the amounts 40oz:APPLY_IS']
35335,spoke_water,"spoke_water:correct:['cross outs::CROSS_OUT', 'hint:The plants Carrots is the amounts 40oz:APPLY_IS']",correct,"['cross outs::CROSS_OUT', 'hint:The plants Carrots is the amounts 40oz:APPLY_IS']"
13564,spoke_water,"spoke_water:correct:['hint:The plants Carrots is the amounts 40oz:APPLY_IS', 'hint:The plants Green Onions is at least 1 amounts before the plants Carrots:BEFORE_N_SPOTS_NOINFO']",correct,"['hint:The plants Carrots is the amounts 40oz:APPLY_IS', 'hint:The plants Green Onions is at least 1 amounts before the plants Carrots:BEFORE_N_SPOTS_NOINFO']"
77028,spoke_water,"spoke_water:correct:['hint:The plants Carrots is the amounts 40oz:APPLY_IS', 'hint:The plants Green Onions is at least 1 amounts before the plants Carrots:BEFORE_N_SPOTS_NOINFO', 'hint:The plants Green Onions is at least 1 amounts before the plants Carrots:OPENING']",correct,"['hint:The plants Carrots is the amounts 40oz:APPLY_IS', 'hint:The plants Green Onions is at least 1 amounts before the plants Carrots:BEFORE_N_SPOTS_NOINFO', 'hint:The plants Green Onions is at least 1 amounts before the plants Carrots:OPENING']"
23444,spoke_water,"spoke_water:correct:['cross outs::CROSS_OUT', 'hint:The plants Carrots is the amounts 40oz:APPLY_IS', 'hint:The plants Green Onions is at least 1 amounts before the plants Carrots:BEFORE_N_SPOTS_NOINFO']",correct,"['cross outs::CROSS_OUT', 'hint:The plants Carrots is the amounts 40oz:APPLY_IS', 'hint:The plants Green Onions is at least 1 amounts before the plants Carrots:BEFORE_N_SPOTS_NOINFO']"
64568,spoke_water,"spoke_water:correct:['hint:Either the plants Green Onions or the plants Potatoes is the amounts 80oz:OPENING', 'hint:The plants Carrots is the amounts 40oz:APPLY_IS', 'hint:The plants Green Onions is at least 1 amounts before the plants Carrots:BEFORE_N_SPOTS_NOINFO']",correct,"['hint:Either the plants Green Onions or the plants Potatoes is the amounts 80oz:OPENING', 'hint:The plants Carrots is the amounts 40oz:APPLY_IS', 'hint:The plants Green Onions is at least 1 amounts before the plants Carrots:BEFORE_N_SPOTS_NOINFO']"
55093,spoke_water,"spoke_water:correct:['hint:The plants Carrots is the amounts 40oz:APPLY_IS', 'hint:The plants Green Onions is at least 1 amounts before the plants Carrots:BEFORE_N_SPOTS_NOINFO', 'transitives::OPENING']",correct,"['hint:The plants Carrots is the amounts 40oz:APPLY_IS', 'hint:The plants Green Onions is at least 1 amounts before the plants Carrots:BEFORE_N_SPOTS_NOINFO', 'transitives::OPENING']"
29233,spoke_protein,spoke_protein:start:['start'],start,['start']
17585,spoke_protein,spoke_protein:success:['success'],success,['success']
29549,spoke_protein,spoke_protein:failure:['failure'],failure,['failure']
38538,spoke_protein,spoke_protein:partial:['partial'],partial,['partial']
49314,spoke_protein,spoke_protein:correct:['hint:The food Eggs is the grams 15g:APPLY_IS'],correct,['hint:The food Eggs is the grams 15g:APPLY_IS']
67612,spoke_protein,"spoke_protein:correct:['hint:The food Eggs is the grams 15g:APPLY_IS', 'unknown::None']",correct,"['hint:The food Eggs is the grams 15g:APPLY_IS', 'unknown::None']"
93221,spoke_protein,"spoke_protein:correct:['hint:The food Eggs is the grams 15g:APPLY_IS', 'hint:The food Fish is 1 gramss before the food Peanuts:OPENING']",correct,"['hint:The food Eggs is the grams 15g:APPLY_IS', 'hint:The food Fish is 1 gramss before the food Peanuts:OPENING']"
66538,spoke_protein,"spoke_protein:correct:['hint:The food Eggs is the grams 15g:APPLY_IS', 'transitives::OPENING']",correct,"['hint:The food Eggs is the grams 15g:APPLY_IS', 'transitives::OPENING']"
52984,spoke_pasta,spoke_pasta:start:['start'],start,['start']
51419,spoke_pasta,spoke_pasta:success:['success'],success,['success']
34773,spoke_pasta,spoke_pasta:failure:['failure'],failure,['failure']
58289,spoke_pasta,spoke_pasta:partial:['partial'],partial,['partial']
78568,spoke_pasta,spoke_pasta:correct:['hint:The sauces Alfredo is the shapes Penne:APPLY_IS'],correct,['hint:The sauces Alfredo is the shapes Penne:APPLY_IS']
63386,spoke_pasta,"spoke_pasta:correct:['hint:Either the sauces Carbonara is the shapes Linguine or the shapes Bowtie is the sauces Alfredo:APPLY_OR', 'hint:The sauces Alfredo is the shapes Penne:APPLY_IS']",correct,"['hint:Either the sauces Carbonara is the shapes Linguine or the shapes Bowtie is the sauces Alfredo:APPLY_OR', 'hint:The sauces Alfredo is the shapes Penne:APPLY_IS']"
46219,spoke_pasta,"spoke_pasta:correct:['hint:Either the sauces Carbonara is the shapes Linguine or the shapes Bowtie is the sauces Alfredo:APPLY_OR', 'hint:Either the shapes Elbow or the shapes Penne is the sauces Tomato:OPENING', 'hint:The sauces Alfredo is the shapes Penne:APPLY_IS']",correct,"['hint:Either the sauces Carbonara is the shapes Linguine or the shapes Bowtie is the sauces Alfredo:APPLY_OR', 'hint:Either the shapes Elbow or the shapes Penne is the sauces Tomato:OPENING', 'hint:The sauces Alfredo is the shapes Penne:APPLY_IS']"
80883,spoke_pasta,"spoke_pasta:correct:['hint:Either the sauces Carbonara is the shapes Linguine or the shapes Bowtie is the sauces Alfredo:APPLY_OR', 'hint:The sauces Alfredo is the shapes Penne:APPLY_IS', 'transitives::OPENING']",correct,"['hint:Either the sauces Carbonara is the shapes Linguine or the shapes Bowtie is the sauces Alfredo:APPLY_OR', 'hint:The sauces Alfredo is the shapes Penne:APPLY_IS', 'transitives::OPENING']"
58792,hub_soup,hub_soup:start:['start'],start,['start']
50305,hub_soup,hub_soup:success:['success'],success,['success']
54490,hub_soup,hub_soup:failure:['failure'],failure,['failure']
66260,hub_soup,hub_soup:partial:['partial'],partial,['partial']
80445,hub_soup,hub_soup:correct:['hint:The ingredient Tomatoes is the order 4th:APPLY_IS'],correct,['hint:The ingredient Tomatoes is the order 4th:APPLY_IS']
68400,hub_soup,"hub_soup:correct:['cross outs::CROSS_OUT', 'hint:The ingredient Tomatoes is the order 4th:APPLY_IS']",correct,"['cross outs::CROSS_OUT', 'hint:The ingredient Tomatoes is the order 4th:APPLY_IS']"
39332,hub_soup,"hub_soup:correct:['hint:The ingredient Tomatoes is the order 4th:APPLY_IS', 'unknown::None']",correct,"['hint:The ingredient Tomatoes is the order 4th:APPLY_IS', 'unknown::None']"
45472,hub_soup,"hub_soup:correct:['hint:The ingredient Pasta is 2 orders before the ingredient Beans:OPENING', 'hint:The ingredient Tomatoes is the order 4th:APPLY_IS']",correct,"['hint:The ingredient Pasta is 2 orders before the ingredient Beans:OPENING', 'hint:The ingredient Tomatoes is the order 4th:APPLY_IS']"
26718,hub_soup,"hub_soup:correct:['hint:The ingredient Tomatoes is the order 4th:APPLY_IS', 'transitives::OPENING']",correct,"['hint:The ingredient Tomatoes is the order 4th:APPLY_IS', 'transitives::OPENING']"
74363,hub_soup,"hub_soup:correct:['hint:The ingredient Tomatoes is 2 cups before the ingredient Beans:BEFORE_N_SPOTS_NOINFO', 'hint:The ingredient Tomatoes is the order 4th:APPLY_IS']",correct,"['hint:The ingredient Tomatoes is 2 cups before the ingredient Beans:BEFORE_N_SPOTS_NOINFO', 'hint:The ingredient Tomatoes is the order 4th:APPLY_IS']"
87789,hub_soup,"hub_soup:correct:['hint:The ingredient Tomatoes is 2 cups before the ingredient Beans:BEFORE_N_SPOTS_NOINFO', 'hint:The ingredient Tomatoes is the order 4th:APPLY_IS', 'unknown::None']",correct,"['hint:The ingredient Tomatoes is 2 cups before the ingredient Beans:BEFORE_N_SPOTS_NOINFO', 'hint:The ingredient Tomatoes is the order 4th:APPLY_IS', 'unknown::None']"
19751,hub_soup,"hub_soup:correct:['hint:The ingredient Tomatoes is 2 cups before the ingredient Beans:BEFORE_N_SPOTS_NOINFO', 'hint:The ingredient Tomatoes is the order 4th:APPLY_IS', 'transitives::OPENING']",correct,"['hint:The ingredient Tomatoes is 2 cups before the ingredient Beans:BEFORE_N_SPOTS_NOINFO', 'hint:The ingredient Tomatoes is the order 4th:APPLY_IS', 'transitives::OPENING']"
61950,hub_soup,"hub_soup:correct:['cross outs::CROSS_OUT', 'hint:The ingredient Tomatoes is 2 cups before the ingredient Beans:BEFORE_N_SPOTS_NOINFO', 'hint:The ingredient Tomatoes is the order 4th:APPLY_IS']",correct,"['cross outs::CROSS_OUT', 'hint:The ingredient Tomatoes is 2 cups before the ingredient Beans:BEFORE_N_SPOTS_NOINFO', 'hint:The ingredient Tomatoes is the order 4th:APPLY_IS']"
19239,hub_soup,"hub_soup:incorrect:['hint:The ingredient Tomatoes is 2 cups before the ingredient Beans:BEFORE_N_SPOTS_NOINFO', 'hint:The ingredient Tomatoes is the order 4th:APPLY_IS', 'unknown::None']",incorrect,"['hint:The ingredient Tomatoes is 2 cups before the ingredient Beans:BEFORE_N_SPOTS_NOINFO', 'hint:The ingredient Tomatoes is the order 4th:APPLY_IS', 'unknown::None']"
44432,hub_soup,"hub_soup:incorrect:['cross outs::OPENING', 'hint:The ingredient Tomatoes is 2 cups before the ingredient Beans:BEFORE_N_SPOTS_NOINFO', 'hint:The ingredient Tomatoes is the order 4th:APPLY_IS']",incorrect,"['cross outs::OPENING', 'hint:The ingredient Tomatoes is 2 cups before the ingredient Beans:BEFORE_N_SPOTS_NOINFO', 'hint:The ingredient Tomatoes is the order 4th:APPLY_IS']"
93539,hub_soup,"hub_soup:incorrect:['hint:The ingredient Tomatoes is 2 cups before the ingredient Beans:BEFORE_N_SPOTS_NOINFO', 'hint:The ingredient Tomatoes is 2 cups before the ingredient Beans:OPENING', 'hint:The ingredient Tomatoes is the order 4th:APPLY_IS']",incorrect,"['hint:The ingredient Tomatoes is 2 cups before the ingredient Beans:BEFORE_N_SPOTS_NOINFO', 'hint:The ingredient Tomatoes is 2 cups before the ingredient Beans:OPENING', 'hint:The ingredient Tomatoes is the order 4th:APPLY_IS']"
36026,hub_soup,"hub_soup:incorrect:['hint:The ingredient Tomatoes is 2 cups before the ingredient Beans:BEFORE_N_SPOTS_NOINFO', 'hint:The ingredient Tomatoes is 2 cups before the ingredient Beans:BEFORE_N_SPOTS_SHIFT', 'hint:The ingredient Tomatoes is the order 4th:APPLY_IS']",incorrect,"['hint:The ingredient Tomatoes is 2 cups before the ingredient Beans:BEFORE_N_SPOTS_NOINFO', 'hint:The ingredient Tomatoes is 2 cups before the ingredient Beans:BEFORE_N_SPOTS_SHIFT', 'hint:The ingredient Tomatoes is the order 4th:APPLY_IS']"
43928,hub_soup,"hub_soup:correct:['hint:The ingredient Tomatoes is 2 cups before the ingredient Beans:BEFORE_N_SPOTS_NOINFO', 'hint:The ingredient Tomatoes is 2 cups before the ingredient Beans:BEFORE_N_SPOTS_SHIFT', 'hint:The ingredient Tomatoes is the order 4th:APPLY_IS', 'unknown::None']",correct,"['hint:The ingredient Tomatoes is 2 cups before the ingredient Beans:BEFORE_N_SPOTS_NOINFO', 'hint:The ingredient Tomatoes is 2 cups before the ingredient Beans:BEFORE_N_SPOTS_SHIFT', 'hint:The ingredient Tomatoes is the order 4th:APPLY_IS', 'unknown::None']"
47943,hub_soup,"hub_soup:correct:['cross outs::OPENING', 'hint:The ingredient Tomatoes is 2 cups before the ingredient Beans:BEFORE_N_SPOTS_NOINFO', 'hint:The ingredient Tomatoes is 2 cups before the ingredient Beans:BEFORE_N_SPOTS_SHIFT', 'hint:The ingredient Tomatoes is the order 4th:APPLY_IS']",correct,"['cross outs::OPENING', 'hint:The ingredient Tomatoes is 2 cups before the ingredient Beans:BEFORE_N_SPOTS_NOINFO', 'hint:The ingredient Tomatoes is 2 cups before the ingredient Beans:BEFORE_N_SPOTS_SHIFT', 'hint:The ingredient Tomatoes is the order 4th:APPLY_IS']"
39442,hub_soup_alt,hub_soup_alt:start:['start'],start,['start']
21749,hub_soup_alt,hub_soup_alt:success:['success'],success,['success']
92177,hub_soup_alt,hub_soup_alt:failure:['failure'],failure,['failure']
68069,hub_soup_alt,hub_soup_alt:partial:['partial'],partial,['partial']
50484,hub_soup_alt,hub_soup_alt:correct:['hint:The ingredient Beans is 1 cups before the ingredient Carrots:BEFORE_N_SPOTS_NOINFO'],correct,['hint:The ingredient Beans is 1 cups before the ingredient Carrots:BEFORE_N_SPOTS_NOINFO']
54612,hub_soup_alt,"hub_soup_alt:correct:['hint:Either the cup 2 cups or the ingredient Beans is the order 4th:SIMPLE_OR_DIFF_CAT', 'hint:The ingredient Beans is 1 cups before the ingredient Carrots:BEFORE_N_SPOTS_NOINFO']",correct,"['hint:Either the cup 2 cups or the ingredient Beans is the order 4th:SIMPLE_OR_DIFF_CAT', 'hint:The ingredient Beans is 1 cups before the ingredient Carrots:BEFORE_N_SPOTS_NOINFO']"
29858,hub_soup_alt,"hub_soup_alt:correct:['hint:Either the cup 2 cups or the ingredient Beans is the order 4th:SIMPLE_OR_DIFF_CAT', 'hint:The ingredient Beans is 1 cups before the ingredient Carrots:BEFORE_N_SPOTS_NOINFO', 'hint:The ingredient Beans is 2 orders before the ingredient Carrots:BEFORE_N_SPOTS_NOINFO']",correct,"['hint:Either the cup 2 cups or the ingredient Beans is the order 4th:SIMPLE_OR_DIFF_CAT', 'hint:The ingredient Beans is 1 cups before the ingredient Carrots:BEFORE_N_SPOTS_NOINFO', 'hint:The ingredient Beans is 2 orders before the ingredient Carrots:BEFORE_N_SPOTS_NOINFO']"
56941,hub_soup_alt,"hub_soup_alt:correct:['hint:Either the cup 2 cups or the ingredient Beans is the order 4th:SIMPLE_OR_DIFF_CAT', 'hint:The ingredient Beans is 1 cups before the ingredient Carrots:BEFORE_N_SPOTS_NOINFO', 'hint:The ingredient Beans is 2 orders before the ingredient Carrots:BEFORE_N_SPOTS_NOINFO', 'hint:The ingredient Pasta is 2 cups before the ingredient Carrots:BEFORE_N_SPOTS_NOINFO']",correct,"['hint:Either the cup 2 cups or the ingredient Beans is the order 4th:SIMPLE_OR_DIFF_CAT', 'hint:The ingredient Beans is 1 cups before the ingredient Carrots:BEFORE_N_SPOTS_NOINFO', 'hint:The ingredient Beans is 2 orders before the ingredient Carrots:BEFORE_N_SPOTS_NOINFO', 'hint:The ingredient Pasta is 2 cups before the ingredient Carrots:BEFORE_N_SPOTS_NOINFO']"
73135,hub_soup_alt,"hub_soup_alt:correct:['hint:Either the cup 2 cups or the ingredient Beans is the order 4th:SIMPLE_OR_DIFF_CAT', 'hint:The ingredient Beans is 1 cups before the ingredient Carrots:BEFORE_N_SPOTS_NOINFO', 'hint:The ingredient Beans is 1 cups before the ingredient Carrots:OPENING', 'hint:The ingredient Beans is 2 orders before the ingredient Carrots:BEFORE_N_SPOTS_NOINFO', 'hint:The ingredient Pasta is 2 cups before the ingredient Carrots:BEFORE_N_SPOTS_NOINFO']",correct,"['hint:Either the cup 2 cups or the ingredient Beans is the order 4th:SIMPLE_OR_DIFF_CAT', 'hint:The ingredient Beans is 1 cups before the ingredient Carrots:BEFORE_N_SPOTS_NOINFO', 'hint:The ingredient Beans is 1 cups before the ingredient Carrots:OPENING', 'hint:The ingredient Beans is 2 orders before the ingredient Carrots:BEFORE_N_SPOTS_NOINFO', 'hint:The ingredient Pasta is 2 cups before the ingredient Carrots:BEFORE_N_SPOTS_NOINFO']"
52527,hub_soup_alt,"hub_soup_alt:correct:['cross outs::OPENING', 'hint:Either the cup 2 cups or the ingredient Beans is the order 4th:SIMPLE_OR_DIFF_CAT', 'hint:The ingredient Beans is 1 cups before the ingredient Carrots:BEFORE_N_SPOTS_NOINFO', 'hint:The ingredient Beans is 2 orders before the ingredient Carrots:BEFORE_N_SPOTS_NOINFO', 'hint:The ingredient Pasta is 2 cups before the ingredient Carrots:BEFORE_N_SPOTS_NOINFO']",correct,"['cross outs::OPENING', 'hint:Either the cup 2 cups or the ingredient Beans is the order 4th:SIMPLE_OR_DIFF_CAT', 'hint:The ingredient Beans is 1 cups before the ingredient Carrots:BEFORE_N_SPOTS_NOINFO', 'hint:The ingredient Beans is 2 orders before the ingredient Carrots:BEFORE_N_SPOTS_NOINFO', 'hint:The ingredient Pasta is 2 cups before the ingredient Carrots:BEFORE_N_SPOTS_NOINFO']"
60483,hub_soup_alt,"hub_soup_alt:correct:['cross outs::CROSS_OUT', 'hint:Either the cup 2 cups or the ingredient Beans is the order 4th:SIMPLE_OR_DIFF_CAT', 'hint:The ingredient Beans is 1 cups before the ingredient Carrots:BEFORE_N_SPOTS_NOINFO', 'hint:The ingredient Beans is 2 orders before the ingredient Carrots:BEFORE_N_SPOTS_NOINFO', 'hint:The ingredient Pasta is 2 cups before the ingredient Carrots:BEFORE_N_SPOTS_NOINFO']",correct,"['cross outs::CROSS_OUT', 'hint:Either the cup 2 cups or the ingredient Beans is the order 4th:SIMPLE_OR_DIFF_CAT', 'hint:The ingredient Beans is 1 cups before the ingredient Carrots:BEFORE_N_SPOTS_NOINFO', 'hint:The ingredient Beans is 2 orders before the ingredient Carrots:BEFORE_N_SPOTS_NOINFO', 'hint:The ingredient Pasta is 2 cups before the ingredient Carrots:BEFORE_N_SPOTS_NOINFO']"
50872,hub_soup_alt,"hub_soup_alt:correct:['hint:Either the cup 2 cups or the ingredient Beans is the order 4th:APPLY_OR', 'hint:Either the cup 2 cups or the ingredient Beans is the order 4th:SIMPLE_OR_DIFF_CAT', 'hint:The ingredient Beans is 1 cups before the ingredient Carrots:BEFORE_N_SPOTS_NOINFO', 'hint:The ingredient Beans is 2 orders before the ingredient Carrots:BEFORE_N_SPOTS_NOINFO', 'hint:The ingredient Pasta is 2 cups before the ingredient Carrots:BEFORE_N_SPOTS_NOINFO']",correct,"['hint:Either the cup 2 cups or the ingredient Beans is the order 4th:APPLY_OR', 'hint:Either the cup 2 cups or the ingredient Beans is the order 4th:SIMPLE_OR_DIFF_CAT', 'hint:The ingredient Beans is 1 cups before the ingredient Carrots:BEFORE_N_SPOTS_NOINFO', 'hint:The ingredient Beans is 2 orders before the ingredient Carrots:BEFORE_N_SPOTS_NOINFO', 'hint:The ingredient Pasta is 2 cups before the ingredient Carrots:BEFORE_N_SPOTS_NOINFO']"
56989,hub_soup_alt,"hub_soup_alt:correct:['hint:Either the cup 2 cups or the ingredient Beans is the order 4th:APPLY_OR', 'hint:Either the cup 2 cups or the ingredient Beans is the order 4th:SIMPLE_OR_DIFF_CAT', 'hint:The ingredient Beans is 1 cups before the ingredient Carrots:BEFORE_N_SPOTS_NOINFO', 'hint:The ingredient Beans is 2 orders before the ingredient Carrots:BEFORE_N_SPOTS_NOINFO', 'hint:The ingredient Pasta is 2 cups before the ingredient Carrots:BEFORE_N_SPOTS_NOINFO', 'hint:The ingredient Pasta is 2 cups before the ingredient Carrots:OPENING']",correct,"['hint:Either the cup 2 cups or the ingredient Beans is the order 4th:APPLY_OR', 'hint:Either the cup 2 cups or the ingredient Beans is the order 4th:SIMPLE_OR_DIFF_CAT', 'hint:The ingredient Beans is 1 cups before the ingredient Carrots:BEFORE_N_SPOTS_NOINFO', 'hint:The ingredient Beans is 2 orders before the ingredient Carrots:BEFORE_N_SPOTS_NOINFO', 'hint:The ingredient Pasta is 2 cups before the ingredient Carrots:BEFORE_N_SPOTS_NOINFO', 'hint:The ingredient Pasta is 2 cups before the ingredient Carrots:OPENING']"
78643,hub_soup_alt,"hub_soup_alt:correct:['cross outs::CROSS_OUT', 'hint:Either the cup 2 cups or the ingredient Beans is the order 4th:APPLY_OR', 'hint:Either the cup 2 cups or the ingredient Beans is the order 4th:SIMPLE_OR_DIFF_CAT', 'hint:The ingredient Beans is 1 cups before the ingredient Carrots:BEFORE_N_SPOTS_NOINFO', 'hint:The ingredient Beans is 2 orders before the ingredient Carrots:BEFORE_N_SPOTS_NOINFO', 'hint:The ingredient Pasta is 2 cups before the ingredient Carrots:BEFORE_N_SPOTS_NOINFO']",correct,"['cross outs::CROSS_OUT', 'hint:Either the cup 2 cups or the ingredient Beans is the order 4th:APPLY_OR', 'hint:Either the cup 2 cups or the ingredient Beans is the order 4th:SIMPLE_OR_DIFF_CAT', 'hint:The ingredient Beans is 1 cups before the ingredient Carrots:BEFORE_N_SPOTS_NOINFO', 'hint:The ingredient Beans is 2 orders before the ingredient Carrots:BEFORE_N_SPOTS_NOINFO', 'hint:The ingredient Pasta is 2 cups before the ingredient Carrots:BEFORE_N_SPOTS_NOINFO']"
28015,hub_soup_alt,"hub_soup_alt:correct:['hint:Either the cup 2 cups or the ingredient Beans is the order 4th:APPLY_OR', 'hint:Either the cup 2 cups or the ingredient Beans is the order 4th:SIMPLE_OR_DIFF_CAT', 'hint:The ingredient Beans is 1 cups before the ingredient Carrots:BEFORE_N_SPOTS_NOINFO', 'hint:The ingredient Beans is 2 orders before the ingredient Carrots:BEFORE_N_SPOTS_NOINFO', 'hint:The ingredient Pasta is 2 cups before the ingredient Carrots:BEFORE_N_SPOTS_NOINFO', 'transitives::OPENING']",correct,"['hint:Either the cup 2 cups or the ingredient Beans is the order 4th:APPLY_OR', 'hint:Either the cup 2 cups or the ingredient Beans is the order 4th:SIMPLE_OR_DIFF_CAT', 'hint:The ingredient Beans is 1 cups before the ingredient Carrots:BEFORE_N_SPOTS_NOINFO', 'hint:The ingredient Beans is 2 orders before the ingredient Carrots:BEFORE_N_SPOTS_NOINFO', 'hint:The ingredient Pasta is 2 cups before the ingredient Carrots:BEFORE_N_SPOTS_NOINFO', 'transitives::OPENING']"
90414,hub_soup_alt,"hub_soup_alt:correct:['hint:Either the cup 2 cups or the ingredient Beans is the order 4th:APPLY_OR', 'hint:Either the cup 2 cups or the ingredient Beans is the order 4th:SIMPLE_OR_DIFF_CAT', 'hint:The ingredient Beans is 1 cups before the ingredient Carrots:BEFORE_N_SPOTS_NOINFO', 'hint:The ingredient Beans is 2 orders before the ingredient Carrots:BEFORE_N_SPOTS_NOINFO', 'hint:The ingredient Pasta is 2 cups before the ingredient Carrots:BEFORE_N_SPOTS_NOINFO', 'openings::TRANS_ABC_TRUE']",correct,"['hint:Either the cup 2 cups or the ingredient Beans is the order 4th:APPLY_OR', 'hint:Either the cup 2 cups or the ingredient Beans is the order 4th:SIMPLE_OR_DIFF_CAT', 'hint:The ingredient Beans is 1 cups before the ingredient Carrots:BEFORE_N_SPOTS_NOINFO', 'hint:The ingredient Beans is 2 orders before the ingredient Carrots:BEFORE_N_SPOTS_NOINFO', 'hint:The ingredient Pasta is 2 cups before the ingredient Carrots:BEFORE_N_SPOTS_NOINFO', 'openings::TRANS_ABC_TRUE']"
47845,hub_soup_alt,"hub_soup_alt:correct:['cross outs::CROSS_OUT', 'hint:Either the cup 2 cups or the ingredient Beans is the order 4th:APPLY_OR', 'hint:Either the cup 2 cups or the ingredient Beans is the order 4th:SIMPLE_OR_DIFF_CAT', 'hint:The ingredient Beans is 1 cups before the ingredient Carrots:BEFORE_N_SPOTS_NOINFO', 'hint:The ingredient Beans is 2 orders before the ingredient Carrots:BEFORE_N_SPOTS_NOINFO', 'hint:The ingredient Pasta is 2 cups before the ingredient Carrots:BEFORE_N_SPOTS_NOINFO', 'openings::TRANS_ABC_TRUE']",correct,"['cross outs::CROSS_OUT', 'hint:Either the cup 2 cups or the ingredient Beans is the order 4th:APPLY_OR', 'hint:Either the cup 2 cups or the ingredient Beans is the order 4th:SIMPLE_OR_DIFF_CAT', 'hint:The ingredient Beans is 1 cups before the ingredient Carrots:BEFORE_N_SPOTS_NOINFO', 'hint:The ingredient Beans is 2 orders before the ingredient Carrots:BEFORE_N_SPOTS_NOINFO', 'hint:The ingredient Pasta is 2 cups before the ingredient Carrots:BEFORE_N_SPOTS_NOINFO', 'openings::TRANS_ABC_TRUE']"
81926,hub_soup_alt,"hub_soup_alt:correct:['hint:Either the cup 2 cups or the ingredient Beans is the order 4th:APPLY_OR', 'hint:Either the cup 2 cups or the ingredient Beans is the order 4th:SIMPLE_OR_DIFF_CAT', 'hint:The ingredient Beans is 1 cups before the ingredient Carrots:BEFORE_N_SPOTS_NOINFO', 'hint:The ingredient Beans is 2 orders before the ingredient Carrots:BEFORE_N_SPOTS_NOINFO', 'hint:The ingredient Pasta is 2 cups before the ingredient Carrots:BEFORE_N_SPOTS_NOINFO', 'openings::TRANS_ABC_TRUE', 'transitives::OPENING']",correct,"['hint:Either the cup 2 cups or the ingredient Beans is the order 4th:APPLY_OR', 'hint:Either the cup 2 cups or the ingredient Beans is the order 4th:SIMPLE_OR_DIFF_CAT', 'hint:The ingredient Beans is 1 cups before the ingredient Carrots:BEFORE_N_SPOTS_NOINFO', 'hint:The ingredient Beans is 2 orders before the ingredient Carrots:BEFORE_N_SPOTS_NOINFO', 'hint:The ingredient Pasta is 2 cups before the ingredient Carrots:BEFORE_N_SPOTS_NOINFO', 'openings::TRANS_ABC_TRUE', 'transitives::OPENING']"
53913,hub_soup_alt,"hub_soup_alt:correct:['hint:Either the cup 2 cups or the ingredient Beans is the order 4th:APPLY_OR', 'hint:Either the cup 2 cups or the ingredient Beans is the order 4th:SIMPLE_OR_DIFF_CAT', 'hint:The ingredient Beans is 1 cups before the ingredient Carrots:BEFORE_N_SPOTS_NOINFO', 'hint:The ingredient Beans is 2 orders before the ingredient Carrots:BEFORE_N_SPOTS_NOINFO', 'hint:The ingredient Beans is 2 orders before the ingredient Carrots:OPENING', 'hint:The ingredient Pasta is 2 cups before the ingredient Carrots:BEFORE_N_SPOTS_NOINFO', 'openings::TRANS_ABC_TRUE']",correct,"['hint:Either the cup 2 cups or the ingredient Beans is the order 4th:APPLY_OR', 'hint:Either the cup 2 cups or the ingredient Beans is the order 4th:SIMPLE_OR_DIFF_CAT', 'hint:The ingredient Beans is 1 cups before the ingredient Carrots:BEFORE_N_SPOTS_NOINFO', 'hint:The ingredient Beans is 2 orders before the ingredient Carrots:BEFORE_N_SPOTS_NOINFO', 'hint:The ingredient Beans is 2 orders before the ingredient Carrots:OPENING', 'hint:The ingredient Pasta is 2 cups before the ingredient Carrots:BEFORE_N_SPOTS_NOINFO', 'openings::TRANS_ABC_TRUE']"
11095,hub_soup_alt,"hub_soup_alt:correct:['cross outs::OPENING', 'hint:Either the cup 2 cups or the ingredient Beans is the order 4th:APPLY_OR', 'hint:Either the cup 2 cups or the ingredient Beans is the order 4th:SIMPLE_OR_DIFF_CAT', 'hint:The ingredient Beans is 1 cups before the ingredient Carrots:BEFORE_N_SPOTS_NOINFO', 'hint:The ingredient Beans is 2 orders before the ingredient Carrots:BEFORE_N_SPOTS_NOINFO', 'hint:The ingredient Pasta is 2 cups before the ingredient Carrots:BEFORE_N_SPOTS_NOINFO', 'openings::TRANS_ABC_TRUE']",correct,"['cross outs::OPENING', 'hint:Either the cup 2 cups or the ingredient Beans is the order 4th:APPLY_OR', 'hint:Either the cup 2 cups or the ingredient Beans is the order 4th:SIMPLE_OR_DIFF_CAT', 'hint:The ingredient Beans is 1 cups before the ingredient Carrots:BEFORE_N_SPOTS_NOINFO', 'hint:The ingredient Beans is 2 orders before the ingredient Carrots:BEFORE_N_SPOTS_NOINFO', 'hint:The ingredient Pasta is 2 cups before the ingredient Carrots:BEFORE_N_SPOTS_NOINFO', 'openings::TRANS_ABC_TRUE']"
71680,help1.1,help1.1:start:['start'],start,['start']
51112,help1.1,help1.1:success:['success'],success,['success']
65242,help1.1,help1.1:failure:['failure'],failure,['failure']
66047,help1.1,help1.1:partial:['partial'],partial,['partial']
65972,help1.1,help1.1:correct:['hint:The shape Shell was not the sauce Tomato:APPLY_NOT'],correct,['hint:The shape Shell was not the sauce Tomato:APPLY_NOT']
63446,help1.1,"help1.1:correct:['hint:The sauce Alfredo is the shape Bowtie:APPLY_IS', 'hint:The shape Shell was not the sauce Tomato:APPLY_NOT']",correct,"['hint:The sauce Alfredo is the shape Bowtie:APPLY_IS', 'hint:The shape Shell was not the sauce Tomato:APPLY_NOT']"
90911,help1.1,"help1.1:correct:['cross outs::CROSS_OUT', 'hint:The sauce Alfredo is the shape Bowtie:APPLY_IS', 'hint:The shape Shell was not the sauce Tomato:APPLY_NOT']",correct,"['cross outs::CROSS_OUT', 'hint:The sauce Alfredo is the shape Bowtie:APPLY_IS', 'hint:The shape Shell was not the sauce Tomato:APPLY_NOT']"
55350,help1.1,"help1.1:correct:['hint:Either the shape Elbow is the sauce Carbonara or the shape Shell is the sauce Alfredo:APPLY_OR', 'hint:The sauce Alfredo is the shape Bowtie:APPLY_IS', 'hint:The shape Shell was not the sauce Tomato:APPLY_NOT']",correct,"['hint:Either the shape Elbow is the sauce Carbonara or the shape Shell is the sauce Alfredo:APPLY_OR', 'hint:The sauce Alfredo is the shape Bowtie:APPLY_IS', 'hint:The shape Shell was not the sauce Tomato:APPLY_NOT']"
65776,help1.1,"help1.1:correct:['cross outs::OPENING', 'hint:Either the shape Elbow is the sauce Carbonara or the shape Shell is the sauce Alfredo:APPLY_OR', 'hint:The sauce Alfredo is the shape Bowtie:APPLY_IS', 'hint:The shape Shell was not the sauce Tomato:APPLY_NOT']",correct,"['cross outs::OPENING', 'hint:Either the shape Elbow is the sauce Carbonara or the shape Shell is the sauce Alfredo:APPLY_OR', 'hint:The sauce Alfredo is the shape Bowtie:APPLY_IS', 'hint:The shape Shell was not the sauce Tomato:APPLY_NOT']"
86341,help1.2,help1.2:start:['start'],start,['start']
84255,help1.2,help1.2:success:['success'],success,['success']
41024,help1.2,help1.2:failure:['failure'],failure,['failure']
19095,help1.2,help1.2:partial:['partial'],partial,['partial']
50921,help1.2,help1.2:correct:['hint:The shape Linguine was not the sauce Carbonara:APPLY_NOT'],correct,['hint:The shape Linguine was not the sauce Carbonara:APPLY_NOT']
32081,help1.2,"help1.2:correct:['hint:The shape Bowtie is the sauce Alfredo:APPLY_IS', 'hint:The shape Linguine was not the sauce Carbonara:APPLY_NOT']",correct,"['hint:The shape Bowtie is the sauce Alfredo:APPLY_IS', 'hint:The shape Linguine was not the sauce Carbonara:APPLY_NOT']"
42793,help1.2,"help1.2:correct:['hint:The shape Bowtie is the sauce Alfredo:APPLY_IS', 'hint:The shape Linguine was not the sauce Carbonara:APPLY_NOT', 'unknown::None']",correct,"['hint:The shape Bowtie is the sauce Alfredo:APPLY_IS', 'hint:The shape Linguine was not the sauce Carbonara:APPLY_NOT', 'unknown::None']"
28561,help1.2,"help1.2:correct:['hint:Either the shape Elbow is the sauce Pesto or the shape Bowtie is the sauce Tomato:APPLY_OR', 'hint:The shape Bowtie is the sauce Alfredo:APPLY_IS', 'hint:The shape Linguine was not the sauce Carbonara:APPLY_NOT']",correct,"['hint:Either the shape Elbow is the sauce Pesto or the shape Bowtie is the sauce Tomato:APPLY_OR', 'hint:The shape Bowtie is the sauce Alfredo:APPLY_IS', 'hint:The shape Linguine was not the sauce Carbonara:APPLY_NOT']"
61390,help1.2,"help1.2:correct:['cross outs::CROSS_OUT', 'hint:Either the shape Elbow is the sauce Pesto or the shape Bowtie is the sauce Tomato:APPLY_OR', 'hint:The shape Bowtie is the sauce Alfredo:APPLY_IS', 'hint:The shape Linguine was not the sauce Carbonara:APPLY_NOT']",correct,"['cross outs::CROSS_OUT', 'hint:Either the shape Elbow is the sauce Pesto or the shape Bowtie is the sauce Tomato:APPLY_OR', 'hint:The shape Bowtie is the sauce Alfredo:APPLY_IS', 'hint:The shape Linguine was not the sauce Carbonara:APPLY_NOT']"
52423,help1.2,"help1.2:correct:['hint:Either the shape Elbow is the sauce Pesto or the shape Bowtie is the sauce Tomato:APPLY_OR', 'hint:The shape Bowtie is the sauce Alfredo:APPLY_IS', 'hint:The shape Linguine was not the sauce Carbonara:APPLY_NOT', 'transitives::OPENING']",correct,"['hint:Either the shape Elbow is the sauce Pesto or the shape Bowtie is the sauce Tomato:APPLY_OR', 'hint:The shape Bowtie is the sauce Alfredo:APPLY_IS', 'hint:The shape Linguine was not the sauce Carbonara:APPLY_NOT', 'transitives::OPENING']"
25776,help1.2,"help1.2:correct:['cross outs::OPENING', 'hint:Either the shape Elbow is the sauce Pesto or the shape Bowtie is the sauce Tomato:APPLY_OR', 'hint:The shape Bowtie is the sauce Alfredo:APPLY_IS', 'hint:The shape Linguine was not the sauce Carbonara:APPLY_NOT']",correct,"['cross outs::OPENING', 'hint:Either the shape Elbow is the sauce Pesto or the shape Bowtie is the sauce Tomato:APPLY_OR', 'hint:The shape Bowtie is the sauce Alfredo:APPLY_IS', 'hint:The shape Linguine was not the sauce Carbonara:APPLY_NOT']"
82344,help1.3,help1.3:start:['start'],start,['start']
46377,help1.3,help1.3:success:['success'],success,['success']
34314,help1.3,help1.3:failure:['failure'],failure,['failure']
48805,help1.3,help1.3:partial:['partial'],partial,['partial']
67872,help1.3,help1.3:correct:['hint:The sauce Alfredo is the shape Elbow:APPLY_IS'],correct,['hint:The sauce Alfredo is the shape Elbow:APPLY_IS']
56001,help1.3,"help1.3:correct:['hint:The sauce Alfredo is the shape Elbow:APPLY_IS', 'hint:The shape Shell was not the sauce Tomato:APPLY_NOT']",correct,"['hint:The sauce Alfredo is the shape Elbow:APPLY_IS', 'hint:The shape Shell was not the sauce Tomato:APPLY_NOT']"
69032,help1.3,"help1.3:correct:['cross outs::CROSS_OUT', 'hint:The sauce Alfredo is the shape Elbow:APPLY_IS', 'hint:The shape Shell was not the sauce Tomato:APPLY_NOT']",correct,"['cross outs::CROSS_OUT', 'hint:The sauce Alfredo is the shape Elbow:APPLY_IS', 'hint:The shape Shell was not the sauce Tomato:APPLY_NOT']"
78743,help1.3,"help1.3:correct:['hint:Either the shape Linguine or the shape Elbow is the sauce Carbonara:APPLY_OR', 'hint:The sauce Alfredo is the shape Elbow:APPLY_IS', 'hint:The shape Shell was not the sauce Tomato:APPLY_NOT']",correct,"['hint:Either the shape Linguine or the shape Elbow is the sauce Carbonara:APPLY_OR', 'hint:The sauce Alfredo is the shape Elbow:APPLY_IS', 'hint:The shape Shell was not the sauce Tomato:APPLY_NOT']"
49254,help1.3,"help1.3:correct:['cross outs::CROSS_OUT', 'hint:Either the shape Linguine or the shape Elbow is the sauce Carbonara:APPLY_OR', 'hint:The sauce Alfredo is the shape Elbow:APPLY_IS', 'hint:The shape Shell was not the sauce Tomato:APPLY_NOT']",correct,"['cross outs::CROSS_OUT', 'hint:Either the shape Linguine or the shape Elbow is the sauce Carbonara:APPLY_OR', 'hint:The sauce Alfredo is the shape Elbow:APPLY_IS', 'hint:The shape Shell was not the sauce Tomato:APPLY_NOT']"
87692,help1.3,"help1.3:correct:['hint:Either the shape Linguine or the shape Elbow is the sauce Carbonara:APPLY_OR', 'hint:The sauce Alfredo is the shape Elbow:APPLY_IS', 'hint:The shape Shell was not the sauce Tomato:APPLY_NOT', 'transitives::OPENING']",correct,"['hint:Either the shape Linguine or the shape Elbow is the sauce Carbonara:APPLY_OR', 'hint:The sauce Alfredo is the shape Elbow:APPLY_IS', 'hint:The shape Shell was not the sauce Tomato:APPLY_NOT', 'transitives::OPENING']"
23436,help1.3,"help1.3:correct:['cross outs::OPENING', 'hint:Either the shape Linguine or the shape Elbow is the sauce Carbonara:APPLY_OR', 'hint:The sauce Alfredo is the shape Elbow:APPLY_IS', 'hint:The shape Shell was not the sauce Tomato:APPLY_NOT']",correct,"['cross outs::OPENING', 'hint:Either the shape Linguine or the shape Elbow is the sauce Carbonara:APPLY_OR', 'hint:The sauce Alfredo is the shape Elbow:APPLY_IS', 'hint:The shape Shell was not the sauce Tomato:APPLY_NOT']"
39951,help2.1,help2.1:start:['start'],start,['start']
94721,help2.1,help2.1:success:['success'],success,['success']
99636,help2.1,help2.1:failure:['failure'],failure,['failure']
24314,help2.1,help2.1:partial:['partial'],partial,['partial']
42813,help2.1,help2.1:correct:['hint:Either the light Full Sun or the light Partial Shade is the plant Green Onions:SIMPLE_OR_SAME_CAT'],correct,['hint:Either the light Full Sun or the light Partial Shade is the plant Green Onions:SIMPLE_OR_SAME_CAT']
43454,help2.1,"help2.1:correct:['hint:Either the light Full Sun or the light Partial Shade is the plant Green Onions:SIMPLE_OR_SAME_CAT', 'hint:Either the plant Green Onions or the plant Eggplant is the light Partial Sun:APPLY_OR']",correct,"['hint:Either the light Full Sun or the light Partial Shade is the plant Green Onions:SIMPLE_OR_SAME_CAT', 'hint:Either the plant Green Onions or the plant Eggplant is the light Partial Sun:APPLY_OR']"
80745,help2.1,"help2.1:correct:['cross outs::CROSS_OUT', 'hint:Either the light Full Sun or the light Partial Shade is the plant Green Onions:SIMPLE_OR_SAME_CAT', 'hint:Either the plant Green Onions or the plant Eggplant is the light Partial Sun:APPLY_OR']",correct,"['cross outs::CROSS_OUT', 'hint:Either the light Full Sun or the light Partial Shade is the plant Green Onions:SIMPLE_OR_SAME_CAT', 'hint:Either the plant Green Onions or the plant Eggplant is the light Partial Sun:APPLY_OR']"
93805,help2.1,"help2.1:correct:['hint:Either the light Full Sun or the light Partial Shade is the plant Green Onions:SIMPLE_OR_SAME_CAT', 'hint:Either the plant Green Onions or the plant Eggplant is the light Partial Sun:APPLY_OR', 'hint:Either the plant Potatoes is the light Full Sun or the plant Eggplant is the light Full Shade:APPLY_OR']",correct,"['hint:Either the light Full Sun or the light Partial Shade is the plant Green Onions:SIMPLE_OR_SAME_CAT', 'hint:Either the plant Green Onions or the plant Eggplant is the light Partial Sun:APPLY_OR', 'hint:Either the plant Potatoes is the light Full Sun or the plant Eggplant is the light Full Shade:APPLY_OR']"
93688,help2.1,"help2.1:correct:['cross outs::CROSS_OUT', 'hint:Either the light Full Sun or the light Partial Shade is the plant Green Onions:SIMPLE_OR_SAME_CAT', 'hint:Either the plant Green Onions or the plant Eggplant is the light Partial Sun:APPLY_OR', 'hint:Either the plant Potatoes is the light Full Sun or the plant Eggplant is the light Full Shade:APPLY_OR']",correct,"['cross outs::CROSS_OUT', 'hint:Either the light Full Sun or the light Partial Shade is the plant Green Onions:SIMPLE_OR_SAME_CAT', 'hint:Either the plant Green Onions or the plant Eggplant is the light Partial Sun:APPLY_OR', 'hint:Either the plant Potatoes is the light Full Sun or the plant Eggplant is the light Full Shade:APPLY_OR']"
86782,help2.1,"help2.1:correct:['cross outs::OPENING', 'hint:Either the light Full Sun or the light Partial Shade is the plant Green Onions:SIMPLE_OR_SAME_CAT', 'hint:Either the plant Green Onions or the plant Eggplant is the light Partial Sun:APPLY_OR', 'hint:Either the plant Potatoes is the light Full Sun or the plant Eggplant is the light Full Shade:APPLY_OR']",correct,"['cross outs::OPENING', 'hint:Either the light Full Sun or the light Partial Shade is the plant Green Onions:SIMPLE_OR_SAME_CAT', 'hint:Either the plant Green Onions or the plant Eggplant is the light Partial Sun:APPLY_OR', 'hint:Either the plant Potatoes is the light Full Sun or the plant Eggplant is the light Full Shade:APPLY_OR']"
32006,help2.1,"help2.1:correct:['hint:Either the light Full Sun or the light Partial Shade is the plant Green Onions:SIMPLE_OR_SAME_CAT', 'hint:Either the plant Green Onions or the plant Eggplant is the light Partial Sun:APPLY_OR', 'hint:Either the plant Potatoes is the light Full Sun or the plant Eggplant is the light Full Shade:APPLY_OR', 'transitives::OPENING']",correct,"['hint:Either the light Full Sun or the light Partial Shade is the plant Green Onions:SIMPLE_OR_SAME_CAT', 'hint:Either the plant Green Onions or the plant Eggplant is the light Partial Sun:APPLY_OR', 'hint:Either the plant Potatoes is the light Full Sun or the plant Eggplant is the light Full Shade:APPLY_OR', 'transitives::OPENING']"
16751,help2.2,help2.2:start:['start'],start,['start']
84525,help2.2,help2.2:success:['success'],success,['success']
88851,help2.2,help2.2:failure:['failure'],failure,['failure']
53676,help2.2,help2.2:partial:['partial'],partial,['partial']
89884,help2.2,help2.2:correct:['hint:The plant Broccoli is the light Partial Shade:APPLY_IS'],correct,['hint:The plant Broccoli is the light Partial Shade:APPLY_IS']
54482,help2.2,"help2.2:correct:['cross outs::CROSS_OUT', 'hint:The plant Broccoli is the light Partial Shade:APPLY_IS']",correct,"['cross outs::CROSS_OUT', 'hint:The plant Broccoli is the light Partial Shade:APPLY_IS']"
94106,help2.2,"help2.2:correct:['hint:Either the light Full Shade or the light Partial Sun is the plant Potatoes:SIMPLE_OR_SAME_CAT', 'hint:The plant Broccoli is the light Partial Shade:APPLY_IS']",correct,"['hint:Either the light Full Shade or the light Partial Sun is the plant Potatoes:SIMPLE_OR_SAME_CAT', 'hint:The plant Broccoli is the light Partial Shade:APPLY_IS']"
65469,help2.2,"help2.2:correct:['hint:Either the light Full Shade is the plant Eggplant or the light Full Shade is the plant Broccoli:SIMPLE_OR_SAME_CAT', 'hint:Either the light Full Shade or the light Partial Sun is the plant Potatoes:SIMPLE_OR_SAME_CAT', 'hint:The plant Broccoli is the light Partial Shade:APPLY_IS']",correct,"['hint:Either the light Full Shade is the plant Eggplant or the light Full Shade is the plant Broccoli:SIMPLE_OR_SAME_CAT', 'hint:Either the light Full Shade or the light Partial Sun is the plant Potatoes:SIMPLE_OR_SAME_CAT', 'hint:The plant Broccoli is the light Partial Shade:APPLY_IS']"
36150,help2.2,"help2.2:correct:['hint:Either the light Full Shade is the plant Eggplant or the light Full Shade is the plant Broccoli:OPENING', 'hint:Either the light Full Shade is the plant Eggplant or the light Full Shade is the plant Broccoli:SIMPLE_OR_SAME_CAT', 'hint:Either the light Full Shade or the light Partial Sun is the plant Potatoes:SIMPLE_OR_SAME_CAT', 'hint:The plant Broccoli is the light Partial Shade:APPLY_IS']",correct,"['hint:Either the light Full Shade is the plant Eggplant or the light Full Shade is the plant Broccoli:OPENING', 'hint:Either the light Full Shade is the plant Eggplant or the light Full Shade is the plant Broccoli:SIMPLE_OR_SAME_CAT', 'hint:Either the light Full Shade or the light Partial Sun is the plant Potatoes:SIMPLE_OR_SAME_CAT', 'hint:The plant Broccoli is the light Partial Shade:APPLY_IS']"
26594,help2.2,"help2.2:correct:['cross outs::CROSS_OUT', 'hint:Either the light Full Shade is the plant Eggplant or the light Full Shade is the plant Broccoli:SIMPLE_OR_SAME_CAT', 'hint:Either the light Full Shade or the light Partial Sun is the plant Potatoes:SIMPLE_OR_SAME_CAT', 'hint:The plant Broccoli is the light Partial Shade:APPLY_IS']",correct,"['cross outs::CROSS_OUT', 'hint:Either the light Full Shade is the plant Eggplant or the light Full Shade is the plant Broccoli:SIMPLE_OR_SAME_CAT', 'hint:Either the light Full Shade or the light Partial Sun is the plant Potatoes:SIMPLE_OR_SAME_CAT', 'hint:The plant Broccoli is the light Partial Shade:APPLY_IS']"
22028,help2.2,"help2.2:correct:['hint:Either the light Full Shade is the plant Eggplant or the light Full Shade is the plant Broccoli:SIMPLE_OR_SAME_CAT', 'hint:Either the light Full Shade or the light Partial Sun is the plant Potatoes:SIMPLE_OR_SAME_CAT', 'hint:The plant Broccoli is the light Partial Shade:APPLY_IS', 'transitives::OPENING']",correct,"['hint:Either the light Full Shade is the plant Eggplant or the light Full Shade is the plant Broccoli:SIMPLE_OR_SAME_CAT', 'hint:Either the light Full Shade or the light Partial Sun is the plant Potatoes:SIMPLE_OR_SAME_CAT', 'hint:The plant Broccoli is the light Partial Shade:APPLY_IS', 'transitives::OPENING']"
33463,help2.2,"help2.2:correct:['cross outs::OPENING', 'hint:Either the light Full Shade is the plant Eggplant or the light Full Shade is the plant Broccoli:SIMPLE_OR_SAME_CAT', 'hint:Either the light Full Shade or the light Partial Sun is the plant Potatoes:SIMPLE_OR_SAME_CAT', 'hint:The plant Broccoli is the light Partial Shade:APPLY_IS']",correct,"['cross outs::OPENING', 'hint:Either the light Full Shade is the plant Eggplant or the light Full Shade is the plant Broccoli:SIMPLE_OR_SAME_CAT', 'hint:Either the light Full Shade or the light Partial Sun is the plant Potatoes:SIMPLE_OR_SAME_CAT', 'hint:The plant Broccoli is the light Partial Shade:APPLY_IS']"
87392,help2.3,help2.3:start:['start'],start,['start']
46046,help2.3,help2.3:success:['success'],success,['success']
61551,help2.3,help2.3:failure:['failure'],failure,['failure']
25378,help2.3,help2.3:partial:['partial'],partial,['partial']
47447,help2.3,help2.3:correct:['hint:The light Full Sun is the plant Broccoli:APPLY_IS'],correct,['hint:The light Full Sun is the plant Broccoli:APPLY_IS']
75158,help2.3,"help2.3:correct:['cross outs::CROSS_OUT', 'hint:The light Full Sun is the plant Broccoli:APPLY_IS']",correct,"['cross outs::CROSS_OUT', 'hint:The light Full Sun is the plant Broccoli:APPLY_IS']"
54750,help2.3,"help2.3:correct:['hint:Either the light Full Shade or the light Partial Sun is the plant Potatoes:SIMPLE_OR_SAME_CAT', 'hint:The light Full Sun is the plant Broccoli:APPLY_IS']",correct,"['hint:Either the light Full Shade or the light Partial Sun is the plant Potatoes:SIMPLE_OR_SAME_CAT', 'hint:The light Full Sun is the plant Broccoli:APPLY_IS']"
33736,help2.3,"help2.3:correct:['hint:Either the light Full Shade is the plant Eggplant or the light Full Shade is the plant Broccoli:OPENING', 'hint:Either the light Full Shade or the light Partial Sun is the plant Potatoes:SIMPLE_OR_SAME_CAT', 'hint:The light Full Sun is the plant Broccoli:APPLY_IS']",correct,"['hint:Either the light Full Shade is the plant Eggplant or the light Full Shade is the plant Broccoli:OPENING', 'hint:Either the light Full Shade or the light Partial Sun is the plant Potatoes:SIMPLE_OR_SAME_CAT', 'hint:The light Full Sun is the plant Broccoli:APPLY_IS']"
94919,help2.3,"help2.3:correct:['hint:Either the light Full Shade is the plant Eggplant or the light Full Shade is the plant Broccoli:SIMPLE_OR_SAME_CAT', 'hint:Either the light Full Shade or the light Partial Sun is the plant Potatoes:SIMPLE_OR_SAME_CAT', 'hint:The light Full Sun is the plant Broccoli:APPLY_IS']",correct,"['hint:Either the light Full Shade is the plant Eggplant or the light Full Shade is the plant Broccoli:SIMPLE_OR_SAME_CAT', 'hint:Either the light Full Shade or the light Partial Sun is the plant Potatoes:SIMPLE_OR_SAME_CAT', 'hint:The light Full Sun is the plant Broccoli:APPLY_IS']"
13958,help2.3,"help2.3:correct:['cross outs::OPENING', 'hint:Either the light Full Shade is the plant Eggplant or the light Full Shade is the plant Broccoli:SIMPLE_OR_SAME_CAT', 'hint:Either the light Full Shade or the light Partial Sun is the plant Potatoes:SIMPLE_OR_SAME_CAT', 'hint:The light Full Sun is the plant Broccoli:APPLY_IS']",correct,"['cross outs::OPENING', 'hint:Either the light Full Shade is the plant Eggplant or the light Full Shade is the plant Broccoli:SIMPLE_OR_SAME_CAT', 'hint:Either the light Full Shade or the light Partial Sun is the plant Potatoes:SIMPLE_OR_SAME_CAT', 'hint:The light Full Sun is the plant Broccoli:APPLY_IS']"
21947,help2.3,"help2.3:correct:['cross outs::CROSS_OUT', 'hint:Either the light Full Shade is the plant Eggplant or the light Full Shade is the plant Broccoli:SIMPLE_OR_SAME_CAT', 'hint:Either the light Full Shade or the light Partial Sun is the plant Potatoes:SIMPLE_OR_SAME_CAT', 'hint:The light Full Sun is the plant Broccoli:APPLY_IS']",correct,"['cross outs::CROSS_OUT', 'hint:Either the light Full Shade is the plant Eggplant or the light Full Shade is the plant Broccoli:SIMPLE_OR_SAME_CAT', 'hint:Either the light Full Shade or the light Partial Sun is the plant Potatoes:SIMPLE_OR_SAME_CAT', 'hint:The light Full Sun is the plant Broccoli:APPLY_IS']"
51251,help2.3,"help2.3:correct:['hint:Either the light Full Shade is the plant Eggplant or the light Full Shade is the plant Broccoli:SIMPLE_OR_SAME_CAT', 'hint:Either the light Full Shade or the light Partial Sun is the plant Potatoes:SIMPLE_OR_SAME_CAT', 'hint:The light Full Sun is the plant Broccoli:APPLY_IS', 'unknown::None']",correct,"['hint:Either the light Full Shade is the plant Eggplant or the light Full Shade is the plant Broccoli:SIMPLE_OR_SAME_CAT', 'hint:Either the light Full Shade or the light Partial Sun is the plant Potatoes:SIMPLE_OR_SAME_CAT', 'hint:The light Full Sun is the plant Broccoli:APPLY_IS', 'unknown::None']"
56044,help2.3,"help2.3:correct:['hint:Either the light Full Shade is the plant Eggplant or the light Full Shade is the plant Broccoli:SIMPLE_OR_SAME_CAT', 'hint:Either the light Full Shade or the light Partial Sun is the plant Potatoes:SIMPLE_OR_SAME_CAT', 'hint:The light Full Sun is the plant Broccoli:APPLY_IS', 'transitives::OPENING']",correct,"['hint:Either the light Full Shade is the plant Eggplant or the light Full Shade is the plant Broccoli:SIMPLE_OR_SAME_CAT', 'hint:Either the light Full Shade or the light Partial Sun is the plant Potatoes:SIMPLE_OR_SAME_CAT', 'hint:The light Full Sun is the plant Broccoli:APPLY_IS', 'transitives::OPENING']"
16902,hub2.1,hub2.1:start:['start'],start,['start']
12549,hub2.1,hub2.1:success:['success'],success,['success']
68437,hub2.1,hub2.1:failure:['failure'],failure,['failure']
53558,hub2.1,hub2.1:partial:['partial'],partial,['partial']
50075,hub2.1,hub2.1:correct:['hint:The method whole is the ingredient Mushrooms:APPLY_IS'],correct,['hint:The method whole is the ingredient Mushrooms:APPLY_IS']
27139,hub2.1,"hub2.1:correct:['cross outs::CROSS_OUT', 'hint:The method whole is the ingredient Mushrooms:APPLY_IS']",correct,"['cross outs::CROSS_OUT', 'hint:The method whole is the ingredient Mushrooms:APPLY_IS']"
93386,hub2.1,"hub2.1:correct:['hint:The method whole is the ingredient Mushrooms:APPLY_IS', 'unknown::None']",correct,"['hint:The method whole is the ingredient Mushrooms:APPLY_IS', 'unknown::None']"
13324,hub2.1,"hub2.1:incorrect:['hint:The method whole is the ingredient Mushrooms:APPLY_IS', 'unknown::None']",incorrect,"['hint:The method whole is the ingredient Mushrooms:APPLY_IS', 'unknown::None']"
90995,hub2.1,"hub2.1:correct:['hint:Either the ingredient Onions or the ingredient Potatoes is the order 2nd:SIMPLE_OR_SAME_CAT', 'hint:The method whole is the ingredient Mushrooms:APPLY_IS']",correct,"['hint:Either the ingredient Onions or the ingredient Potatoes is the order 2nd:SIMPLE_OR_SAME_CAT', 'hint:The method whole is the ingredient Mushrooms:APPLY_IS']"
83067,hub2.1,"hub2.1:correct:['hint:Either the ingredient Onions or the ingredient Potatoes is the order 2nd:SIMPLE_OR_SAME_CAT', 'hint:The method whole is 2 orders before the method mashed:BEFORE_N_SPOTS_NOINFO', 'hint:The method whole is the ingredient Mushrooms:APPLY_IS']",correct,"['hint:Either the ingredient Onions or the ingredient Potatoes is the order 2nd:SIMPLE_OR_SAME_CAT', 'hint:The method whole is 2 orders before the method mashed:BEFORE_N_SPOTS_NOINFO', 'hint:The method whole is the ingredient Mushrooms:APPLY_IS']"
12415,hub2.1,"hub2.1:correct:['hint:Either the ingredient Onions or the ingredient Potatoes is the order 2nd:SIMPLE_OR_SAME_CAT', 'hint:The ingredient Potatoes is 1 orders before the ingredient Onions:BEFORE_N_SPOTS_NOINFO', 'hint:The method whole is 2 orders before the method mashed:BEFORE_N_SPOTS_NOINFO', 'hint:The method whole is the ingredient Mushrooms:APPLY_IS']",correct,"['hint:Either the ingredient Onions or the ingredient Potatoes is the order 2nd:SIMPLE_OR_SAME_CAT', 'hint:The ingredient Potatoes is 1 orders before the ingredient Onions:BEFORE_N_SPOTS_NOINFO', 'hint:The method whole is 2 orders before the method mashed:BEFORE_N_SPOTS_NOINFO', 'hint:The method whole is the ingredient Mushrooms:APPLY_IS']"
84059,hub2.1,"hub2.1:correct:['hint:Either the ingredient Onions or the ingredient Potatoes is the order 2nd:SIMPLE_OR_SAME_CAT', 'hint:The ingredient Potatoes is 1 orders before the ingredient Onions:BEFORE_N_SPOTS_NOINFO', 'hint:The method whole is 2 orders before the method mashed:BEFORE_N_SPOTS_NOINFO', 'hint:The method whole is the ingredient Mushrooms:APPLY_IS', 'openings::TRANS_SETS']",correct,"['hint:Either the ingredient Onions or the ingredient Potatoes is the order 2nd:SIMPLE_OR_SAME_CAT', 'hint:The ingredient Potatoes is 1 orders before the ingredient Onions:BEFORE_N_SPOTS_NOINFO', 'hint:The method whole is 2 orders before the method mashed:BEFORE_N_SPOTS_NOINFO', 'hint:The method whole is the ingredient Mushrooms:APPLY_IS', 'openings::TRANS_SETS']"
50627,hub2.1,"hub2.1:correct:['hint:Either the ingredient Onions or the ingredient Potatoes is the order 2nd:SIMPLE_OR_SAME_CAT', 'hint:The ingredient Potatoes is 1 orders before the ingredient Onions:BEFORE_N_SPOTS_NOINFO', 'hint:The method whole is 2 orders before the method mashed:BEFORE_N_SPOTS_NOINFO', 'hint:The method whole is the ingredient Mushrooms:APPLY_IS', 'openings::TRANS_SETS', 'transitives::OPENING']",correct,"['hint:Either the ingredient Onions or the ingredient Potatoes is the order 2nd:SIMPLE_OR_SAME_CAT', 'hint:The ingredient Potatoes is 1 orders before the ingredient Onions:BEFORE_N_SPOTS_NOINFO', 'hint:The method whole is 2 orders before the method mashed:BEFORE_N_SPOTS_NOINFO', 'hint:The method whole is the ingredient Mushrooms:APPLY_IS', 'openings::TRANS_SETS', 'transitives::OPENING']"
46505,hub2.1,"hub2.1:correct:['cross outs::CROSS_OUT', 'hint:Either the ingredient Onions or the ingredient Potatoes is the order 2nd:SIMPLE_OR_SAME_CAT', 'hint:The ingredient Potatoes is 1 orders before the ingredient Onions:BEFORE_N_SPOTS_NOINFO', 'hint:The method whole is 2 orders before the method mashed:BEFORE_N_SPOTS_NOINFO', 'hint:The method whole is the ingredient Mushrooms:APPLY_IS', 'openings::TRANS_SETS']",correct,"['cross outs::CROSS_OUT', 'hint:Either the ingredient Onions or the ingredient Potatoes is the order 2nd:SIMPLE_OR_SAME_CAT', 'hint:The ingredient Potatoes is 1 orders before the ingredient Onions:BEFORE_N_SPOTS_NOINFO', 'hint:The method whole is 2 orders before the method mashed:BEFORE_N_SPOTS_NOINFO', 'hint:The method whole is the ingredient Mushrooms:APPLY_IS', 'openings::TRANS_SETS']"
13270,hub2.1,"hub2.1:correct:['hint:Either the ingredient Onions or the ingredient Potatoes is the order 2nd:SIMPLE_OR_SAME_CAT', 'hint:The ingredient Potatoes is 1 orders before the ingredient Onions:BEFORE_N_SPOTS_NOINFO', 'hint:The method whole is 2 orders before the method mashed:BEFORE_N_SPOTS_NOINFO', 'hint:The method whole is the ingredient Mushrooms:APPLY_IS', 'openings::TRANS_ABC_TRUE', 'openings::TRANS_SETS']",correct,"['hint:Either the ingredient Onions or the ingredient Potatoes is the order 2nd:SIMPLE_OR_SAME_CAT', 'hint:The ingredient Potatoes is 1 orders before the ingredient Onions:BEFORE_N_SPOTS_NOINFO', 'hint:The method whole is 2 orders before the method mashed:BEFORE_N_SPOTS_NOINFO', 'hint:The method whole is the ingredient Mushrooms:APPLY_IS', 'openings::TRANS_ABC_TRUE', 'openings::TRANS_SETS']"
67849,hub2.1,"hub2.1:correct:['cross outs::CROSS_OUT', 'hint:Either the ingredient Onions or the ingredient Potatoes is the order 2nd:SIMPLE_OR_SAME_CAT', 'hint:The ingredient Potatoes is 1 orders before the ingredient Onions:BEFORE_N_SPOTS_NOINFO', 'hint:The method whole is 2 orders before the method mashed:BEFORE_N_SPOTS_NOINFO', 'hint:The method whole is the ingredient Mushrooms:APPLY_IS', 'openings::TRANS_ABC_TRUE', 'openings::TRANS_SETS']",correct,"['cross outs::CROSS_OUT', 'hint:Either the ingredient Onions or the ingredient Potatoes is the order 2nd:SIMPLE_OR_SAME_CAT', 'hint:The ingredient Potatoes is 1 orders before the ingredient Onions:BEFORE_N_SPOTS_NOINFO', 'hint:The method whole is 2 orders before the method mashed:BEFORE_N_SPOTS_NOINFO', 'hint:The method whole is the ingredient Mushrooms:APPLY_IS', 'openings::TRANS_ABC_TRUE', 'openings::TRANS_SETS']"
51317,hub2.1,"hub2.1:correct:['hint:Either the ingredient Onions or the ingredient Potatoes is the order 2nd:SIMPLE_OR_SAME_CAT', 'hint:Either the order 1st is the method mashed or the method halved is the ingredient Carrots:APPLY_OR', 'hint:The ingredient Potatoes is 1 orders before the ingredient Onions:BEFORE_N_SPOTS_NOINFO', 'hint:The method whole is 2 orders before the method mashed:BEFORE_N_SPOTS_NOINFO', 'hint:The method whole is the ingredient Mushrooms:APPLY_IS', 'openings::TRANS_ABC_TRUE', 'openings::TRANS_SETS']",correct,"['hint:Either the ingredient Onions or the ingredient Potatoes is the order 2nd:SIMPLE_OR_SAME_CAT', 'hint:Either the order 1st is the method mashed or the method halved is the ingredient Carrots:APPLY_OR', 'hint:The ingredient Potatoes is 1 orders before the ingredient Onions:BEFORE_N_SPOTS_NOINFO', 'hint:The method whole is 2 orders before the method mashed:BEFORE_N_SPOTS_NOINFO', 'hint:The method whole is the ingredient Mushrooms:APPLY_IS', 'openings::TRANS_ABC_TRUE', 'openings::TRANS_SETS']"
33364,hub2.1,"hub2.1:correct:['cross outs::CROSS_OUT', 'hint:Either the ingredient Onions or the ingredient Potatoes is the order 2nd:SIMPLE_OR_SAME_CAT', 'hint:Either the order 1st is the method mashed or the method halved is the ingredient Carrots:APPLY_OR', 'hint:The ingredient Potatoes is 1 orders before the ingredient Onions:BEFORE_N_SPOTS_NOINFO', 'hint:The method whole is 2 orders before the method mashed:BEFORE_N_SPOTS_NOINFO', 'hint:The method whole is the ingredient Mushrooms:APPLY_IS', 'openings::TRANS_ABC_TRUE', 'openings::TRANS_SETS']",correct,"['cross outs::CROSS_OUT', 'hint:Either the ingredient Onions or the ingredient Potatoes is the order 2nd:SIMPLE_OR_SAME_CAT', 'hint:Either the order 1st is the method mashed or the method halved is the ingredient Carrots:APPLY_OR', 'hint:The ingredient Potatoes is 1 orders before the ingredient Onions:BEFORE_N_SPOTS_NOINFO', 'hint:The method whole is 2 orders before the method mashed:BEFORE_N_SPOTS_NOINFO', 'hint:The method whole is the ingredient Mushrooms:APPLY_IS', 'openings::TRANS_ABC_TRUE', 'openings::TRANS_SETS']"
41321,hub2.1,"hub2.1:correct:['hint:Either the ingredient Onions or the ingredient Potatoes is the order 2nd:SIMPLE_OR_SAME_CAT', 'hint:Either the order 1st is the method mashed or the method halved is the ingredient Carrots:APPLY_OR', 'hint:The ingredient Potatoes is 1 orders before the ingredient Onions:BEFORE_N_SPOTS_NOINFO', 'hint:The method whole is 2 orders before the method mashed:APPLY_BEFORE_N_SPOTS', 'hint:The method whole is 2 orders before the method mashed:BEFORE_N_SPOTS_NOINFO', 'hint:The method whole is the ingredient Mushrooms:APPLY_IS', 'openings::TRANS_ABC_TRUE', 'openings::TRANS_SETS']",correct,"['hint:Either the ingredient Onions or the ingredient Potatoes is the order 2nd:SIMPLE_OR_SAME_CAT', 'hint:Either the order 1st is the method mashed or the method halved is the ingredient Carrots:APPLY_OR', 'hint:The ingredient Potatoes is 1 orders before the ingredient Onions:BEFORE_N_SPOTS_NOINFO', 'hint:The method whole is 2 orders before the method mashed:APPLY_BEFORE_N_SPOTS', 'hint:The method whole is 2 orders before the method mashed:BEFORE_N_SPOTS_NOINFO', 'hint:The method whole is the ingredient Mushrooms:APPLY_IS', 'openings::TRANS_ABC_TRUE', 'openings::TRANS_SETS']"
48465,hub2.1,"hub2.1:correct:['cross outs::CROSS_OUT', 'hint:Either the ingredient Onions or the ingredient Potatoes is the order 2nd:SIMPLE_OR_SAME_CAT', 'hint:Either the order 1st is the method mashed or the method halved is the ingredient Carrots:APPLY_OR', 'hint:The ingredient Potatoes is 1 orders before the ingredient Onions:BEFORE_N_SPOTS_NOINFO', 'hint:The method whole is 2 orders before the method mashed:APPLY_BEFORE_N_SPOTS', 'hint:The method whole is 2 orders before the method mashed:BEFORE_N_SPOTS_NOINFO', 'hint:The method whole is the ingredient Mushrooms:APPLY_IS', 'openings::TRANS_ABC_TRUE', 'openings::TRANS_SETS']",correct,"['cross outs::CROSS_OUT', 'hint:Either the ingredient Onions or the ingredient Potatoes is the order 2nd:SIMPLE_OR_SAME_CAT', 'hint:Either the order 1st is the method mashed or the method halved is the ingredient Carrots:APPLY_OR', 'hint:The ingredient Potatoes is 1 orders before the ingredient Onions:BEFORE_N_SPOTS_NOINFO', 'hint:The method whole is 2 orders before the method mashed:APPLY_BEFORE_N_SPOTS', 'hint:The method whole is 2 orders before the method mashed:BEFORE_N_SPOTS_NOINFO', 'hint:The method whole is the ingredient Mushrooms:APPLY_IS', 'openings::TRANS_ABC_TRUE', 'openings::TRANS_SETS']"
28761,hub2.1,"hub2.1:correct:['hint:Either the ingredient Onions or the ingredient Potatoes is the order 2nd:SIMPLE_OR_SAME_CAT', 'hint:Either the order 1st is the method mashed or the method halved is the ingredient Carrots:APPLY_OR', 'hint:The ingredient Potatoes is 1 orders before the ingredient Onions:BEFORE_N_SPOTS_NOINFO', 'hint:The method whole is 2 orders before the method mashed:APPLY_BEFORE_N_SPOTS', 'hint:The method whole is 2 orders before the method mashed:BEFORE_N_SPOTS_NOINFO', 'hint:The method whole is the ingredient Mushrooms:APPLY_IS', 'openings::TRANS_ABC_TRUE', 'openings::TRANS_SETS', 'transitives::OPENING']",correct,"['hint:Either the ingredient Onions or the ingredient Potatoes is the order 2nd:SIMPLE_OR_SAME_CAT', 'hint:Either the order 1st is the method mashed or the method halved is the ingredient Carrots:APPLY_OR', 'hint:The ingredient Potatoes is 1 orders before the ingredient Onions:BEFORE_N_SPOTS_NOINFO', 'hint:The method whole is 2 orders before the method mashed:APPLY_BEFORE_N_SPOTS', 'hint:The method whole is 2 orders before the method mashed:BEFORE_N_SPOTS_NOINFO', 'hint:The method whole is the ingredient Mushrooms:APPLY_IS', 'openings::TRANS_ABC_TRUE', 'openings::TRANS_SETS', 'transitives::OPENING']"
81236,hub2.1,"hub2.1:correct:['hint:Either the ingredient Onions or the ingredient Potatoes is the order 2nd:SIMPLE_OR_SAME_CAT', 'hint:Either the order 1st is the method mashed or the method halved is the ingredient Carrots:APPLY_OR', 'hint:The ingredient Potatoes is 1 orders before the ingredient Onions:BEFORE_N_SPOTS_NOINFO', 'hint:The method whole is 2 orders before the method mashed:APPLY_BEFORE_N_SPOTS', 'hint:The method whole is 2 orders before the method mashed:BEFORE_N_SPOTS_NOINFO', 'hint:The method whole is the ingredient Mushrooms:APPLY_IS', 'openings::OPENING', 'openings::TRANS_ABC_TRUE', 'openings::TRANS_SETS']",correct,"['hint:Either the ingredient Onions or the ingredient Potatoes is the order 2nd:SIMPLE_OR_SAME_CAT', 'hint:Either the order 1st is the method mashed or the method halved is the ingredient Carrots:APPLY_OR', 'hint:The ingredient Potatoes is 1 orders before the ingredient Onions:BEFORE_N_SPOTS_NOINFO', 'hint:The method whole is 2 orders before the method mashed:APPLY_BEFORE_N_SPOTS', 'hint:The method whole is 2 orders before the method mashed:BEFORE_N_SPOTS_NOINFO', 'hint:The method whole is the ingredient Mushrooms:APPLY_IS', 'openings::OPENING', 'openings::TRANS_ABC_TRUE', 'openings::TRANS_SETS']"
65864,hub2.1,"hub2.1:correct:['hint:Either the ingredient Onions or the ingredient Potatoes is the order 2nd:SIMPLE_OR_SAME_CAT', 'hint:Either the order 1st is the method mashed or the method halved is the ingredient Carrots:APPLY_OR', 'hint:The ingredient Potatoes is 1 orders before the ingredient Onions:BEFORE_N_SPOTS_NOINFO', 'hint:The ingredient Potatoes is 1 orders before the ingredient Onions:OPENING', 'hint:The method whole is 2 orders before the method mashed:APPLY_BEFORE_N_SPOTS', 'hint:The method whole is 2 orders before the method mashed:BEFORE_N_SPOTS_NOINFO', 'hint:The method whole is the ingredient Mushrooms:APPLY_IS', 'openings::TRANS_ABC_TRUE', 'openings::TRANS_SETS']",correct,"['hint:Either the ingredient Onions or the ingredient Potatoes is the order 2nd:SIMPLE_OR_SAME_CAT', 'hint:Either the order 1st is the method mashed or the method halved is the ingredient Carrots:APPLY_OR', 'hint:The ingredient Potatoes is 1 orders before the ingredient Onions:BEFORE_N_SPOTS_NOINFO', 'hint:The ingredient Potatoes is 1 orders before the ingredient Onions:OPENING', 'hint:The method whole is 2 orders before the method mashed:APPLY_BEFORE_N_SPOTS', 'hint:The method whole is 2 orders before the method mashed:BEFORE_N_SPOTS_NOINFO', 'hint:The method whole is the ingredient Mushrooms:APPLY_IS', 'openings::TRANS_ABC_TRUE', 'openings::TRANS_SETS']"
30337,hub2.1,"hub2.1:correct:['cross outs::OPENING', 'hint:Either the ingredient Onions or the ingredient Potatoes is the order 2nd:SIMPLE_OR_SAME_CAT', 'hint:Either the order 1st is the method mashed or the method halved is the ingredient Carrots:APPLY_OR', 'hint:The ingredient Potatoes is 1 orders before the ingredient Onions:BEFORE_N_SPOTS_NOINFO', 'hint:The method whole is 2 orders before the method mashed:APPLY_BEFORE_N_SPOTS', 'hint:The method whole is 2 orders before the method mashed:BEFORE_N_SPOTS_NOINFO', 'hint:The method whole is the ingredient Mushrooms:APPLY_IS', 'openings::TRANS_ABC_TRUE', 'openings::TRANS_SETS']",correct,"['cross outs::OPENING', 'hint:Either the ingredient Onions or the ingredient Potatoes is the order 2nd:SIMPLE_OR_SAME_CAT', 'hint:Either the order 1st is the method mashed or the method halved is the ingredient Carrots:APPLY_OR', 'hint:The ingredient Potatoes is 1 orders before the ingredient Onions:BEFORE_N_SPOTS_NOINFO', 'hint:The method whole is 2 orders before the method mashed:APPLY_BEFORE_N_SPOTS', 'hint:The method whole is 2 orders before the method mashed:BEFORE_N_SPOTS_NOINFO', 'hint:The method whole is the ingredient Mushrooms:APPLY_IS', 'openings::TRANS_ABC_TRUE', 'openings::TRANS_SETS']"
18243,hub2.2,hub2.2:start:['start'],start,['start']
90393,hub2.2,hub2.2:success:['success'],success,['success']
21450,hub2.2,hub2.2:failure:['failure'],failure,['failure']
44070,hub2.2,hub2.2:partial:['partial'],partial,['partial']
64222,hub2.2,hub2.2:correct:['hint:The order 4th is the method halved:APPLY_IS'],correct,['hint:The order 4th is the method halved:APPLY_IS']
11381,hub2.2,"hub2.2:correct:['hint:The method mashed is the ingredient Carrots:APPLY_IS', 'hint:The order 4th is the method halved:APPLY_IS']",correct,"['hint:The method mashed is the ingredient Carrots:APPLY_IS', 'hint:The order 4th is the method halved:APPLY_IS']"
82188,hub2.2,"hub2.2:correct:['hint:The ingredient Onions is the order 4th:APPLY_IS', 'hint:The method mashed is the ingredient Carrots:APPLY_IS', 'hint:The order 4th is the method halved:APPLY_IS']",correct,"['hint:The ingredient Onions is the order 4th:APPLY_IS', 'hint:The method mashed is the ingredient Carrots:APPLY_IS', 'hint:The order 4th is the method halved:APPLY_IS']"
85387,hub2.2,"hub2.2:correct:['cross outs::CROSS_OUT', 'hint:The ingredient Onions is the order 4th:APPLY_IS', 'hint:The method mashed is the ingredient Carrots:APPLY_IS', 'hint:The order 4th is the method halved:APPLY_IS']",correct,"['cross outs::CROSS_OUT', 'hint:The ingredient Onions is the order 4th:APPLY_IS', 'hint:The method mashed is the ingredient Carrots:APPLY_IS', 'hint:The order 4th is the method halved:APPLY_IS']"
63744,hub2.2,"hub2.2:correct:['hint:The ingredient Onions is the order 4th:APPLY_IS', 'hint:The method chopped is 1 orders before the method mashed:BEFORE_N_SPOTS_SHIFT', 'hint:The method mashed is the ingredient Carrots:APPLY_IS', 'hint:The order 4th is the method halved:APPLY_IS']",correct,"['hint:The ingredient Onions is the order 4th:APPLY_IS', 'hint:The method chopped is 1 orders before the method mashed:BEFORE_N_SPOTS_SHIFT', 'hint:The method mashed is the ingredient Carrots:APPLY_IS', 'hint:The order 4th is the method halved:APPLY_IS']"
12693,hub2.2,"hub2.2:correct:['hint:The ingredient Onions is the order 4th:APPLY_IS', 'hint:The method chopped is 1 orders before the method mashed:BEFORE_NOINFO', 'hint:The method chopped is 1 orders before the method mashed:BEFORE_N_SPOTS_SHIFT', 'hint:The method mashed is the ingredient Carrots:APPLY_IS', 'hint:The order 4th is the method halved:APPLY_IS']",correct,"['hint:The ingredient Onions is the order 4th:APPLY_IS', 'hint:The method chopped is 1 orders before the method mashed:BEFORE_NOINFO', 'hint:The method chopped is 1 orders before the method mashed:BEFORE_N_SPOTS_SHIFT', 'hint:The method mashed is the ingredient Carrots:APPLY_IS', 'hint:The order 4th is the method halved:APPLY_IS']"
23700,hub2.2,"hub2.2:correct:['hint:The ingredient Carrots is 1 orders before the ingredient Mushrooms:BEFORE_N_SPOTS_SHIFT', 'hint:The ingredient Onions is the order 4th:APPLY_IS', 'hint:The method chopped is 1 orders before the method mashed:BEFORE_NOINFO', 'hint:The method chopped is 1 orders before the method mashed:BEFORE_N_SPOTS_SHIFT', 'hint:The method mashed is the ingredient Carrots:APPLY_IS', 'hint:The order 4th is the method halved:APPLY_IS']",correct,"['hint:The ingredient Carrots is 1 orders before the ingredient Mushrooms:BEFORE_N_SPOTS_SHIFT', 'hint:The ingredient Onions is the order 4th:APPLY_IS', 'hint:The method chopped is 1 orders before the method mashed:BEFORE_NOINFO', 'hint:The method chopped is 1 orders before the method mashed:BEFORE_N_SPOTS_SHIFT', 'hint:The method mashed is the ingredient Carrots:APPLY_IS', 'hint:The order 4th is the method halved:APPLY_IS']"
45317,hub2.2,"hub2.2:correct:['hint:The ingredient Carrots is 1 orders before the ingredient Mushrooms:BEFORE_NOINFO', 'hint:The ingredient Carrots is 1 orders before the ingredient Mushrooms:BEFORE_N_SPOTS_SHIFT', 'hint:The ingredient Onions is the order 4th:APPLY_IS', 'hint:The method chopped is 1 orders before the method mashed:BEFORE_NOINFO', 'hint:The method chopped is 1 orders before the method mashed:BEFORE_N_SPOTS_SHIFT', 'hint:The method mashed is the ingredient Carrots:APPLY_IS', 'hint:The order 4th is the method halved:APPLY_IS']",correct,"['hint:The ingredient Carrots is 1 orders before the ingredient Mushrooms:BEFORE_NOINFO', 'hint:The ingredient Carrots is 1 orders before the ingredient Mushrooms:BEFORE_N_SPOTS_SHIFT', 'hint:The ingredient Onions is the order 4th:APPLY_IS', 'hint:The method chopped is 1 orders before the method mashed:BEFORE_NOINFO', 'hint:The method chopped is 1 orders before the method mashed:BEFORE_N_SPOTS_SHIFT', 'hint:The method mashed is the ingredient Carrots:APPLY_IS', 'hint:The order 4th is the method halved:APPLY_IS']"
44854,hub2.2,"hub2.2:correct:['hint:The ingredient Carrots is 1 orders before the ingredient Mushrooms:BEFORE_NOINFO', 'hint:The ingredient Carrots is 1 orders before the ingredient Mushrooms:BEFORE_N_SPOTS_SHIFT', 'hint:The ingredient Onions is the order 4th:APPLY_IS', 'hint:The method chopped is 1 orders before the method mashed:BEFORE_NOINFO', 'hint:The method chopped is 1 orders before the method mashed:BEFORE_N_SPOTS_SHIFT', 'hint:The method mashed is the ingredient Carrots:APPLY_IS', 'hint:The order 4th is the method halved:APPLY_IS', 'openings::TRANS_ABC_TRUE']",correct,"['hint:The ingredient Carrots is 1 orders before the ingredient Mushrooms:BEFORE_NOINFO', 'hint:The ingredient Carrots is 1 orders before the ingredient Mushrooms:BEFORE_N_SPOTS_SHIFT', 'hint:The ingredient Onions is the order 4th:APPLY_IS', 'hint:The method chopped is 1 orders before the method mashed:BEFORE_NOINFO', 'hint:The method chopped is 1 orders before the method mashed:BEFORE_N_SPOTS_SHIFT', 'hint:The method mashed is the ingredient Carrots:APPLY_IS', 'hint:The order 4th is the method halved:APPLY_IS', 'openings::TRANS_ABC_TRUE']"
50498,hub2.2,"hub2.2:correct:['cross outs::CROSS_OUT', 'hint:The ingredient Carrots is 1 orders before the ingredient Mushrooms:BEFORE_NOINFO', 'hint:The ingredient Carrots is 1 orders before the ingredient Mushrooms:BEFORE_N_SPOTS_SHIFT', 'hint:The ingredient Onions is the order 4th:APPLY_IS', 'hint:The method chopped is 1 orders before the method mashed:BEFORE_NOINFO', 'hint:The method chopped is 1 orders before the method mashed:BEFORE_N_SPOTS_SHIFT', 'hint:The method mashed is the ingredient Carrots:APPLY_IS', 'hint:The order 4th is the method halved:APPLY_IS', 'openings::TRANS_ABC_TRUE']",correct,"['cross outs::CROSS_OUT', 'hint:The ingredient Carrots is 1 orders before the ingredient Mushrooms:BEFORE_NOINFO', 'hint:The ingredient Carrots is 1 orders before the ingredient Mushrooms:BEFORE_N_SPOTS_SHIFT', 'hint:The ingredient Onions is the order 4th:APPLY_IS', 'hint:The method chopped is 1 orders before the method mashed:BEFORE_NOINFO', 'hint:The method chopped is 1 orders before the method mashed:BEFORE_N_SPOTS_SHIFT', 'hint:The method mashed is the ingredient Carrots:APPLY_IS', 'hint:The order 4th is the method halved:APPLY_IS', 'openings::TRANS_ABC_TRUE']"
49450,hub2.2,"hub2.2:correct:['hint:The ingredient Carrots is 1 orders before the ingredient Mushrooms:BEFORE_NOINFO', 'hint:The ingredient Carrots is 1 orders before the ingredient Mushrooms:BEFORE_N_SPOTS_SHIFT', 'hint:The ingredient Onions is the order 4th:APPLY_IS', 'hint:The method chopped is 1 orders before the method mashed:BEFORE_NOINFO', 'hint:The method chopped is 1 orders before the method mashed:BEFORE_N_SPOTS_SHIFT', 'hint:The method mashed is the ingredient Carrots:APPLY_IS', 'hint:The order 4th is the method halved:APPLY_IS', 'openings::TRANS_ABC_TRUE', 'openings::TRANS_SETS']",correct,"['hint:The ingredient Carrots is 1 orders before the ingredient Mushrooms:BEFORE_NOINFO', 'hint:The ingredient Carrots is 1 orders before the ingredient Mushrooms:BEFORE_N_SPOTS_SHIFT', 'hint:The ingredient Onions is the order 4th:APPLY_IS', 'hint:The method chopped is 1 orders before the method mashed:BEFORE_NOINFO', 'hint:The method chopped is 1 orders before the method mashed:BEFORE_N_SPOTS_SHIFT', 'hint:The method mashed is the ingredient Carrots:APPLY_IS', 'hint:The order 4th is the method halved:APPLY_IS', 'openings::TRANS_ABC_TRUE', 'openings::TRANS_SETS']"
33825,hub2.2,"hub2.2:correct:['hint:The ingredient Carrots is 1 orders before the ingredient Mushrooms:BEFORE_NOINFO', 'hint:The ingredient Carrots is 1 orders before the ingredient Mushrooms:BEFORE_N_SPOTS_SHIFT', 'hint:The ingredient Onions is the order 4th:APPLY_IS', 'hint:The method chopped is 1 orders before the method mashed:BEFORE_NOINFO', 'hint:The method chopped is 1 orders before the method mashed:BEFORE_N_SPOTS_SHIFT', 'hint:The method mashed is the ingredient Carrots:APPLY_IS', 'hint:The order 4th is the method halved:APPLY_IS', 'openings::TRANS_ABC_TRUE', 'openings::TRANS_SETS', 'transitives::OPENING']",correct,"['hint:The ingredient Carrots is 1 orders before the ingredient Mushrooms:BEFORE_NOINFO', 'hint:The ingredient Carrots is 1 orders before the ingredient Mushrooms:BEFORE_N_SPOTS_SHIFT', 'hint:The ingredient Onions is the order 4th:APPLY_IS', 'hint:The method chopped is 1 orders before the method mashed:BEFORE_NOINFO', 'hint:The method chopped is 1 orders before the method mashed:BEFORE_N_SPOTS_SHIFT', 'hint:The method mashed is the ingredient Carrots:APPLY_IS', 'hint:The order 4th is the method halved:APPLY_IS', 'openings::TRANS_ABC_TRUE', 'openings::TRANS_SETS', 'transitives::OPENING']"
29787,hub2.2,"hub2.2:correct:['cross outs::CROSS_OUT', 'hint:The ingredient Carrots is 1 orders before the ingredient Mushrooms:BEFORE_NOINFO', 'hint:The ingredient Carrots is 1 orders before the ingredient Mushrooms:BEFORE_N_SPOTS_SHIFT', 'hint:The ingredient Onions is the order 4th:APPLY_IS', 'hint:The method chopped is 1 orders before the method mashed:BEFORE_NOINFO', 'hint:The method chopped is 1 orders before the method mashed:BEFORE_N_SPOTS_SHIFT', 'hint:The method mashed is the ingredient Carrots:APPLY_IS', 'hint:The order 4th is the method halved:APPLY_IS', 'openings::TRANS_ABC_TRUE', 'openings::TRANS_SETS']",correct,"['cross outs::CROSS_OUT', 'hint:The ingredient Carrots is 1 orders before the ingredient Mushrooms:BEFORE_NOINFO', 'hint:The ingredient Carrots is 1 orders before the ingredient Mushrooms:BEFORE_N_SPOTS_SHIFT', 'hint:The ingredient Onions is the order 4th:APPLY_IS', 'hint:The method chopped is 1 orders before the method mashed:BEFORE_NOINFO', 'hint:The method chopped is 1 orders before the method mashed:BEFORE_N_SPOTS_SHIFT', 'hint:The method mashed is the ingredient Carrots:APPLY_IS', 'hint:The order 4th is the method halved:APPLY_IS', 'openings::TRANS_ABC_TRUE', 'openings::TRANS_SETS']"
34676,hub2.3,hub2.3:start:['start'],start,['start']
22263,hub2.3,hub2.3:success:['success'],success,['success']
53462,hub2.3,hub2.3:failure:['failure'],failure,['failure']
57561,hub2.3,hub2.3:partial:['partial'],partial,['partial']
55709,hub2.3,hub2.3:correct:['hint:The method mashed is the order 2nd:APPLY_IS'],correct,['hint:The method mashed is the order 2nd:APPLY_IS']
49480,hub2.3,"hub2.3:correct:['hint:The method chopped is the ingredient Carrots:APPLY_IS', 'hint:The method mashed is the order 2nd:APPLY_IS']",correct,"['hint:The method chopped is the ingredient Carrots:APPLY_IS', 'hint:The method mashed is the order 2nd:APPLY_IS']"
60813,hub2.3,"hub2.3:correct:['hint:The method chopped is the ingredient Carrots:APPLY_IS', 'hint:The method mashed is the order 2nd:APPLY_IS', 'hint:The method whole is the order 1st:APPLY_IS']",correct,"['hint:The method chopped is the ingredient Carrots:APPLY_IS', 'hint:The method mashed is the order 2nd:APPLY_IS', 'hint:The method whole is the order 1st:APPLY_IS']"
23115,hub2.3,"hub2.3:correct:['cross outs::CROSS_OUT', 'hint:The method chopped is the ingredient Carrots:APPLY_IS', 'hint:The method mashed is the order 2nd:APPLY_IS', 'hint:The method whole is the order 1st:APPLY_IS']",correct,"['cross outs::CROSS_OUT', 'hint:The method chopped is the ingredient Carrots:APPLY_IS', 'hint:The method mashed is the order 2nd:APPLY_IS', 'hint:The method whole is the order 1st:APPLY_IS']"
70423,hub2.3,"hub2.3:correct:['hint:The method chopped is the ingredient Carrots:APPLY_IS', 'hint:The method mashed is the order 2nd:APPLY_IS', 'hint:The method whole is 1 orders before the ingredient Mushrooms:BEFORE_DIFF_CAT', 'hint:The method whole is the order 1st:APPLY_IS']",correct,"['hint:The method chopped is the ingredient Carrots:APPLY_IS', 'hint:The method mashed is the order 2nd:APPLY_IS', 'hint:The method whole is 1 orders before the ingredient Mushrooms:BEFORE_DIFF_CAT', 'hint:The method whole is the order 1st:APPLY_IS']"
87653,hub2.3,"hub2.3:correct:['hint:The method chopped is the ingredient Carrots:APPLY_IS', 'hint:The method mashed is the order 2nd:APPLY_IS', 'hint:The method whole is 1 orders before the ingredient Mushrooms:APPLY_BEFORE_ONE_SPOT', 'hint:The method whole is 1 orders before the ingredient Mushrooms:BEFORE_DIFF_CAT', 'hint:The method whole is the order 1st:APPLY_IS']",correct,"['hint:The method chopped is the ingredient Carrots:APPLY_IS', 'hint:The method mashed is the order 2nd:APPLY_IS', 'hint:The method whole is 1 orders before the ingredient Mushrooms:APPLY_BEFORE_ONE_SPOT', 'hint:The method whole is 1 orders before the ingredient Mushrooms:BEFORE_DIFF_CAT', 'hint:The method whole is the order 1st:APPLY_IS']"
45925,hub2.3,"hub2.3:correct:['cross outs::CROSS_OUT', 'hint:The method chopped is the ingredient Carrots:APPLY_IS', 'hint:The method mashed is the order 2nd:APPLY_IS', 'hint:The method whole is 1 orders before the ingredient Mushrooms:APPLY_BEFORE_ONE_SPOT', 'hint:The method whole is 1 orders before the ingredient Mushrooms:BEFORE_DIFF_CAT', 'hint:The method whole is the order 1st:APPLY_IS']",correct,"['cross outs::CROSS_OUT', 'hint:The method chopped is the ingredient Carrots:APPLY_IS', 'hint:The method mashed is the order 2nd:APPLY_IS', 'hint:The method whole is 1 orders before the ingredient Mushrooms:APPLY_BEFORE_ONE_SPOT', 'hint:The method whole is 1 orders before the ingredient Mushrooms:BEFORE_DIFF_CAT', 'hint:The method whole is the order 1st:APPLY_IS']"
62607,hub2.3,"hub2.3:correct:['hint:The method chopped is the ingredient Carrots:APPLY_IS', 'hint:The method mashed is the order 2nd:APPLY_IS', 'hint:The method whole is 1 orders before the ingredient Mushrooms:APPLY_BEFORE_ONE_SPOT', 'hint:The method whole is 1 orders before the ingredient Mushrooms:BEFORE_DIFF_CAT', 'hint:The method whole is the order 1st:APPLY_IS', 'openings::OPENING']",correct,"['hint:The method chopped is the ingredient Carrots:APPLY_IS', 'hint:The method mashed is the order 2nd:APPLY_IS', 'hint:The method whole is 1 orders before the ingredient Mushrooms:APPLY_BEFORE_ONE_SPOT', 'hint:The method whole is 1 orders before the ingredient Mushrooms:BEFORE_DIFF_CAT', 'hint:The method whole is the order 1st:APPLY_IS', 'openings::OPENING']"
77883,hub2.3,"hub2.3:correct:['hint:The ingredient Mushrooms is 1 orders before the ingredient Potatoes:APPLY_BEFORE_ONE_SPOT', 'hint:The method chopped is the ingredient Carrots:APPLY_IS', 'hint:The method mashed is the order 2nd:APPLY_IS', 'hint:The method whole is 1 orders before the ingredient Mushrooms:APPLY_BEFORE_ONE_SPOT', 'hint:The method whole is 1 orders before the ingredient Mushrooms:BEFORE_DIFF_CAT', 'hint:The method whole is the order 1st:APPLY_IS']",correct,"['hint:The ingredient Mushrooms is 1 orders before the ingredient Potatoes:APPLY_BEFORE_ONE_SPOT', 'hint:The method chopped is the ingredient Carrots:APPLY_IS', 'hint:The method mashed is the order 2nd:APPLY_IS', 'hint:The method whole is 1 orders before the ingredient Mushrooms:APPLY_BEFORE_ONE_SPOT', 'hint:The method whole is 1 orders before the ingredient Mushrooms:BEFORE_DIFF_CAT', 'hint:The method whole is the order 1st:APPLY_IS']"
98261,hub2.3,"hub2.3:correct:['cross outs::CROSS_OUT', 'hint:The ingredient Mushrooms is 1 orders before the ingredient Potatoes:APPLY_BEFORE_ONE_SPOT', 'hint:The method chopped is the ingredient Carrots:APPLY_IS', 'hint:The method mashed is the order 2nd:APPLY_IS', 'hint:The method whole is 1 orders before the ingredient Mushrooms:APPLY_BEFORE_ONE_SPOT', 'hint:The method whole is 1 orders before the ingredient Mushrooms:BEFORE_DIFF_CAT', 'hint:The method whole is the order 1st:APPLY_IS']",correct,"['cross outs::CROSS_OUT', 'hint:The ingredient Mushrooms is 1 orders before the ingredient Potatoes:APPLY_BEFORE_ONE_SPOT', 'hint:The method chopped is the ingredient Carrots:APPLY_IS', 'hint:The method mashed is the order 2nd:APPLY_IS', 'hint:The method whole is 1 orders before the ingredient Mushrooms:APPLY_BEFORE_ONE_SPOT', 'hint:The method whole is 1 orders before the ingredient Mushrooms:BEFORE_DIFF_CAT', 'hint:The method whole is the order 1st:APPLY_IS']"
17269,hub2.3,"hub2.3:correct:['hint:The ingredient Mushrooms is 1 orders before the ingredient Potatoes:APPLY_BEFORE_ONE_SPOT', 'hint:The method chopped is the ingredient Carrots:APPLY_IS', 'hint:The method mashed is the order 2nd:APPLY_IS', 'hint:The method whole is 1 orders before the ingredient Mushrooms:APPLY_BEFORE_ONE_SPOT', 'hint:The method whole is 1 orders before the ingredient Mushrooms:BEFORE_DIFF_CAT', 'hint:The method whole is the order 1st:APPLY_IS', 'openings::OPENING']",correct,"['hint:The ingredient Mushrooms is 1 orders before the ingredient Potatoes:APPLY_BEFORE_ONE_SPOT', 'hint:The method chopped is the ingredient Carrots:APPLY_IS', 'hint:The method mashed is the order 2nd:APPLY_IS', 'hint:The method whole is 1 orders before the ingredient Mushrooms:APPLY_BEFORE_ONE_SPOT', 'hint:The method whole is 1 orders before the ingredient Mushrooms:BEFORE_DIFF_CAT', 'hint:The method whole is the order 1st:APPLY_IS', 'openings::OPENING']"
64543,hub2.3,"hub2.3:correct:['hint:The ingredient Mushrooms is 1 orders before the ingredient Potatoes:APPLY_BEFORE_ONE_SPOT', 'hint:The method chopped is the ingredient Carrots:APPLY_IS', 'hint:The method mashed is the order 2nd:APPLY_IS', 'hint:The method whole is 1 orders before the ingredient Mushrooms:APPLY_BEFORE_ONE_SPOT', 'hint:The method whole is 1 orders before the ingredient Mushrooms:BEFORE_DIFF_CAT', 'hint:The method whole is the order 1st:APPLY_IS', 'transitives::OPENING']",correct,"['hint:The ingredient Mushrooms is 1 orders before the ingredient Potatoes:APPLY_BEFORE_ONE_SPOT', 'hint:The method chopped is the ingredient Carrots:APPLY_IS', 'hint:The method mashed is the order 2nd:APPLY_IS', 'hint:The method whole is 1 orders before the ingredient Mushrooms:APPLY_BEFORE_ONE_SPOT', 'hint:The method whole is 1 orders before the ingredient Mushrooms:BEFORE_DIFF_CAT', 'hint:The method whole is the order 1st:APPLY_IS', 'transitives::OPENING']"
42936,hub2.3,"hub2.3:correct:['cross outs::OPENING', 'hint:The ingredient Mushrooms is 1 orders before the ingredient Potatoes:APPLY_BEFORE_ONE_SPOT', 'hint:The method chopped is the ingredient Carrots:APPLY_IS', 'hint:The method mashed is the order 2nd:APPLY_IS', 'hint:The method whole is 1 orders before the ingredient Mushrooms:APPLY_BEFORE_ONE_SPOT', 'hint:The method whole is 1 orders before the ingredient Mushrooms:BEFORE_DIFF_CAT', 'hint:The method whole is the order 1st:APPLY_IS']",correct,"['cross outs::OPENING', 'hint:The ingredient Mushrooms is 1 orders before the ingredient Potatoes:APPLY_BEFORE_ONE_SPOT', 'hint:The method chopped is the ingredient Carrots:APPLY_IS', 'hint:The method mashed is the order 2nd:APPLY_IS', 'hint:The method whole is 1 orders before the ingredient Mushrooms:APPLY_BEFORE_ONE_SPOT', 'hint:The method whole is 1 orders before the ingredient Mushrooms:BEFORE_DIFF_CAT', 'hint:The method whole is the order 1st:APPLY_IS']"
88881,spoke1.1,spoke1.1:start:['start'],start,['start']
28119,spoke1.1,spoke1.1:success:['success'],success,['success']
21794,spoke1.1,spoke1.1:failure:['failure'],failure,['failure']
98631,spoke1.1,spoke1.1:partial:['partial'],partial,['partial']
48229,spoke1.1,spoke1.1:correct:['hint:The shapes Bowtie is the order 1:APPLY_IS'],correct,['hint:The shapes Bowtie is the order 1:APPLY_IS']
49183,spoke1.1,"spoke1.1:correct:['hint:Either the shapes Bowtie or the shapes Linguine is the order 2:APPLY_OR', 'hint:The shapes Bowtie is the order 1:APPLY_IS']",correct,"['hint:Either the shapes Bowtie or the shapes Linguine is the order 2:APPLY_OR', 'hint:The shapes Bowtie is the order 1:APPLY_IS']"
97564,spoke1.1,"spoke1.1:correct:['hint:Either the shapes Bowtie or the shapes Linguine is the order 2:APPLY_OR', 'hint:The shapes Bowtie is 2 orders before the shapes Shell:APPLY_BEFORE_N_SPOTS', 'hint:The shapes Bowtie is the order 1:APPLY_IS']",correct,"['hint:Either the shapes Bowtie or the shapes Linguine is the order 2:APPLY_OR', 'hint:The shapes Bowtie is 2 orders before the shapes Shell:APPLY_BEFORE_N_SPOTS', 'hint:The shapes Bowtie is the order 1:APPLY_IS']"
99167,spoke1.1,"spoke1.1:correct:['hint:Either the shapes Bowtie or the shapes Linguine is the order 2:APPLY_OR', 'hint:The shapes Bowtie is 2 orders before the shapes Shell:APPLY_BEFORE_N_SPOTS', 'hint:The shapes Bowtie is the order 1:APPLY_IS', 'transitives::OPENING']",correct,"['hint:Either the shapes Bowtie or the shapes Linguine is the order 2:APPLY_OR', 'hint:The shapes Bowtie is 2 orders before the shapes Shell:APPLY_BEFORE_N_SPOTS', 'hint:The shapes Bowtie is the order 1:APPLY_IS', 'transitives::OPENING']"
91335,spoke1.2,spoke1.2:start:['start'],start,['start']
23821,spoke1.2,spoke1.2:success:['success'],success,['success']
77791,spoke1.2,spoke1.2:failure:['failure'],failure,['failure']
11972,spoke1.2,spoke1.2:partial:['partial'],partial,['partial']
59789,spoke1.2,spoke1.2:correct:['hint:The shapes Shell is the order 1:APPLY_IS'],correct,['hint:The shapes Shell is the order 1:APPLY_IS']
30436,spoke1.2,"spoke1.2:correct:['hint:The shapes Shell is 2 orders before the shapes Elbow:APPLY_BEFORE_N_SPOTS', 'hint:The shapes Shell is the order 1:APPLY_IS']",correct,"['hint:The shapes Shell is 2 orders before the shapes Elbow:APPLY_BEFORE_N_SPOTS', 'hint:The shapes Shell is the order 1:APPLY_IS']"
89867,spoke1.2,"spoke1.2:correct:['hint:Either the shapes Elbow is the order 3 or the shapes Linguine is the order 2:APPLY_OR', 'hint:The shapes Shell is 2 orders before the shapes Elbow:APPLY_BEFORE_N_SPOTS', 'hint:The shapes Shell is the order 1:APPLY_IS']",correct,"['hint:Either the shapes Elbow is the order 3 or the shapes Linguine is the order 2:APPLY_OR', 'hint:The shapes Shell is 2 orders before the shapes Elbow:APPLY_BEFORE_N_SPOTS', 'hint:The shapes Shell is the order 1:APPLY_IS']"
78622,spoke1.2,"spoke1.2:correct:['hint:Either the shapes Elbow is the order 3 or the shapes Linguine is the order 2:APPLY_OR', 'hint:The shapes Shell is 2 orders before the shapes Elbow:APPLY_BEFORE_N_SPOTS', 'hint:The shapes Shell is the order 1:APPLY_IS', 'transitives::OPENING']",correct,"['hint:Either the shapes Elbow is the order 3 or the shapes Linguine is the order 2:APPLY_OR', 'hint:The shapes Shell is 2 orders before the shapes Elbow:APPLY_BEFORE_N_SPOTS', 'hint:The shapes Shell is the order 1:APPLY_IS', 'transitives::OPENING']"
52752,spoke1.3,spoke1.3:start:['start'],start,['start']
17752,spoke1.3,spoke1.3:success:['success'],success,['success']
45477,spoke1.3,spoke1.3:failure:['failure'],failure,['failure']
30053,spoke1.3,spoke1.3:partial:['partial'],partial,['partial']
63419,spoke1.3,spoke1.3:correct:['hint:The order 2 is the shapes Shell:APPLY_IS'],correct,['hint:The order 2 is the shapes Shell:APPLY_IS']
30527,spoke1.3,"spoke1.3:correct:['hint:Either the shapes Elbow is the order 2 or the order 1 is the shapes Linguine:APPLY_OR', 'hint:The order 2 is the shapes Shell:APPLY_IS']",correct,"['hint:Either the shapes Elbow is the order 2 or the order 1 is the shapes Linguine:APPLY_OR', 'hint:The order 2 is the shapes Shell:APPLY_IS']"
53875,spoke1.3,"spoke1.3:correct:['hint:Either the shapes Elbow is the order 2 or the order 1 is the shapes Linguine:APPLY_OR', 'hint:The order 2 is the shapes Shell:APPLY_IS', 'hint:The shapes Shell is 2 orders before the shapes Bowtie:OPENING']",correct,"['hint:Either the shapes Elbow is the order 2 or the order 1 is the shapes Linguine:APPLY_OR', 'hint:The order 2 is the shapes Shell:APPLY_IS', 'hint:The shapes Shell is 2 orders before the shapes Bowtie:OPENING']"
71199,spoke1.3,"spoke1.3:correct:['hint:Either the shapes Elbow is the order 2 or the order 1 is the shapes Linguine:APPLY_OR', 'hint:The order 2 is the shapes Shell:APPLY_IS', 'transitives::OPENING']",correct,"['hint:Either the shapes Elbow is the order 2 or the order 1 is the shapes Linguine:APPLY_OR', 'hint:The order 2 is the shapes Shell:APPLY_IS', 'transitives::OPENING']"
78460,spoke2.1,spoke2.1:start:['start'],start,['start']
17375,spoke2.1,spoke2.1:success:['success'],success,['success']
54680,spoke2.1,spoke2.1:failure:['failure'],failure,['failure']
21675,spoke2.1,spoke2.1:partial:['partial'],partial,['partial']
12816,spoke2.1,spoke2.1:correct:['hint:The plant Eggplant was not the water 20oz:APPLY_NOT'],correct,['hint:The plant Eggplant was not the water 20oz:APPLY_NOT']
66067,spoke2.1,"spoke2.1:correct:['hint:The plant Eggplant is 2 waters before the plant Green Onions:OPENING', 'hint:The plant Eggplant was not the water 20oz:APPLY_NOT']",correct,"['hint:The plant Eggplant is 2 waters before the plant Green Onions:OPENING', 'hint:The plant Eggplant was not the water 20oz:APPLY_NOT']"
99578,spoke2.1,"spoke2.1:correct:['hint:The plant Eggplant is 2 waters before the plant Green Onions:APPLY_BEFORE_N_SPOTS', 'hint:The plant Eggplant was not the water 20oz:APPLY_NOT']",correct,"['hint:The plant Eggplant is 2 waters before the plant Green Onions:APPLY_BEFORE_N_SPOTS', 'hint:The plant Eggplant was not the water 20oz:APPLY_NOT']"
12250,spoke2.1,"spoke2.1:correct:['hint:Either the water 60oz is the plant Potatoes or the water 80oz is the plant Broccoli:APPLY_OR', 'hint:The plant Eggplant is 2 waters before the plant Green Onions:APPLY_BEFORE_N_SPOTS', 'hint:The plant Eggplant was not the water 20oz:APPLY_NOT']",correct,"['hint:Either the water 60oz is the plant Potatoes or the water 80oz is the plant Broccoli:APPLY_OR', 'hint:The plant Eggplant is 2 waters before the plant Green Onions:APPLY_BEFORE_N_SPOTS', 'hint:The plant Eggplant was not the water 20oz:APPLY_NOT']"
44168,spoke2.1,"spoke2.1:correct:['hint:Either the water 60oz is the plant Potatoes or the water 80oz is the plant Broccoli:APPLY_OR', 'hint:The plant Eggplant is 2 waters before the plant Green Onions:APPLY_BEFORE_N_SPOTS', 'hint:The plant Eggplant was not the water 20oz:APPLY_NOT', 'transitives::OPENING']",correct,"['hint:Either the water 60oz is the plant Potatoes or the water 80oz is the plant Broccoli:APPLY_OR', 'hint:The plant Eggplant is 2 waters before the plant Green Onions:APPLY_BEFORE_N_SPOTS', 'hint:The plant Eggplant was not the water 20oz:APPLY_NOT', 'transitives::OPENING']"
76631,spoke2.2,spoke2.2:start:['start'],start,['start']
29061,spoke2.2,spoke2.2:success:['success'],success,['success']
28337,spoke2.2,spoke2.2:failure:['failure'],failure,['failure']
28947,spoke2.2,spoke2.2:partial:['partial'],partial,['partial']
42023,spoke2.2,spoke2.2:correct:['unknown::None'],correct,['unknown::None']
54068,spoke2.2,spoke2.2:correct:['hint:Either the plant Green Onions is the water 40oz or the plant Potatoes is the water 20oz:APPLY_OR'],correct,['hint:Either the plant Green Onions is the water 40oz or the plant Potatoes is the water 20oz:APPLY_OR']
53287,spoke2.2,"spoke2.2:correct:['hint:Either the plant Green Onions is the water 40oz or the plant Potatoes is the water 20oz:APPLY_OR', 'hint:Either the plant Potatoes is the water 20oz or the plant Broccoli is the water 40oz:APPLY_OR']",correct,"['hint:Either the plant Green Onions is the water 40oz or the plant Potatoes is the water 20oz:APPLY_OR', 'hint:Either the plant Potatoes is the water 20oz or the plant Broccoli is the water 40oz:APPLY_OR']"
40932,spoke2.2,"spoke2.2:correct:['cross outs::OPENING', 'hint:Either the plant Green Onions is the water 40oz or the plant Potatoes is the water 20oz:APPLY_OR', 'hint:Either the plant Potatoes is the water 20oz or the plant Broccoli is the water 40oz:APPLY_OR']",correct,"['cross outs::OPENING', 'hint:Either the plant Green Onions is the water 40oz or the plant Potatoes is the water 20oz:APPLY_OR', 'hint:Either the plant Potatoes is the water 20oz or the plant Broccoli is the water 40oz:APPLY_OR']"
80062,spoke2.2,"spoke2.2:correct:['hint:Either the plant Green Onions is the water 40oz or the plant Potatoes is the water 20oz:APPLY_OR', 'hint:Either the plant Potatoes is the water 20oz or the plant Broccoli is the water 40oz:APPLY_OR', 'hint:The plant Eggplant is 2 waters before the plant Broccoli:OPENING']",correct,"['hint:Either the plant Green Onions is the water 40oz or the plant Potatoes is the water 20oz:APPLY_OR', 'hint:Either the plant Potatoes is the water 20oz or the plant Broccoli is the water 40oz:APPLY_OR', 'hint:The plant Eggplant is 2 waters before the plant Broccoli:OPENING']"
11084,spoke2.2,"spoke2.2:correct:['hint:Either the plant Green Onions is the water 40oz or the plant Potatoes is the water 20oz:APPLY_OR', 'hint:Either the plant Potatoes is the water 20oz or the plant Broccoli is the water 40oz:APPLY_OR', 'transitives::OPENING']",correct,"['hint:Either the plant Green Onions is the water 40oz or the plant Potatoes is the water 20oz:APPLY_OR', 'hint:Either the plant Potatoes is the water 20oz or the plant Broccoli is the water 40oz:APPLY_OR', 'transitives::OPENING']"
36302,spoke2.3,spoke2.3:start:['start'],start,['start']
14028,spoke2.3,spoke2.3:success:['success'],success,['success']
31660,spoke2.3,spoke2.3:failure:['failure'],failure,['failure']
13812,spoke2.3,spoke2.3:partial:['partial'],partial,['partial']
12923,spoke2.3,spoke2.3:correct:['hint:The plant Broccoli is 2 waters before the plant Green Onions:BEFORE_N_SPOTS_NOINFO'],correct,['hint:The plant Broccoli is 2 waters before the plant Green Onions:BEFORE_N_SPOTS_NOINFO']
47365,spoke2.3,"spoke2.3:correct:['hint:Either the plant Broccoli is the water 80oz or the water 80oz is the plant Eggplant:APPLY_OR', 'hint:The plant Broccoli is 2 waters before the plant Green Onions:BEFORE_N_SPOTS_NOINFO']",correct,"['hint:Either the plant Broccoli is the water 80oz or the water 80oz is the plant Eggplant:APPLY_OR', 'hint:The plant Broccoli is 2 waters before the plant Green Onions:BEFORE_N_SPOTS_NOINFO']"
87867,spoke2.3,"spoke2.3:correct:['cross outs::CROSS_OUT', 'hint:Either the plant Broccoli is the water 80oz or the water 80oz is the plant Eggplant:APPLY_OR', 'hint:The plant Broccoli is 2 waters before the plant Green Onions:BEFORE_N_SPOTS_NOINFO']",correct,"['cross outs::CROSS_OUT', 'hint:Either the plant Broccoli is the water 80oz or the water 80oz is the plant Eggplant:APPLY_OR', 'hint:The plant Broccoli is 2 waters before the plant Green Onions:BEFORE_N_SPOTS_NOINFO']"
30011,spoke2.3,"spoke2.3:correct:['hint:Either the plant Broccoli is the water 80oz or the water 80oz is the plant Eggplant:APPLY_OR', 'hint:The plant Broccoli is 2 waters before the plant Green Onions:BEFORE_N_SPOTS_NOINFO', 'transitives::OPENING']",correct,"['hint:Either the plant Broccoli is the water 80oz or the water 80oz is the plant Eggplant:APPLY_OR', 'hint:The plant Broccoli is 2 waters before the plant Green Onions:BEFORE_N_SPOTS_NOINFO', 'transitives::OPENING']"
90402,spoke2.3,"spoke2.3:correct:['hint:Either the plant Broccoli is the water 80oz or the water 80oz is the plant Eggplant:APPLY_OR', 'hint:Either the plant Potatoes or the plant Eggplant is the water 40oz:OPENING', 'hint:The plant Broccoli is 2 waters before the plant Green Onions:BEFORE_N_SPOTS_NOINFO']",correct,"['hint:Either the plant Broccoli is the water 80oz or the water 80oz is the plant Eggplant:APPLY_OR', 'hint:Either the plant Potatoes or the plant Eggplant is the water 40oz:OPENING', 'hint:The plant Broccoli is 2 waters before the plant Green Onions:BEFORE_N_SPOTS_NOINFO']"
10775,spoke2.3,"spoke2.3:correct:['cross outs::OPENING', 'hint:Either the plant Broccoli is the water 80oz or the water 80oz is the plant Eggplant:APPLY_OR', 'hint:The plant Broccoli is 2 waters before the plant Green Onions:BEFORE_N_SPOTS_NOINFO']",correct,"['cross outs::OPENING', 'hint:Either the plant Broccoli is the water 80oz or the water 80oz is the plant Eggplant:APPLY_OR', 'hint:The plant Broccoli is 2 waters before the plant Green Onions:BEFORE_N_SPOTS_NOINFO']"
