Id,PuzzleId,State,GridValue,MoveIds
20145,spoke_sunlight,spoke_sunlight:start:['start'],start,['start']
28405,spoke_sunlight,spoke_sunlight:success:['success'],success,['success']
37951,spoke_sunlight,spoke_sunlight:failure:['failure'],failure,['failure']
88934,spoke_sunlight,spoke_sunlight:partial:['partial'],partial,['partial']
75664,spoke_sunlight,spoke_sunlight:correct:['hint:The plants Tomato is the hours 2hr:APPLY_IS'],correct,['hint:The plants Tomato is the hours 2hr:APPLY_IS']
91027,spoke_sunlight,"spoke_sunlight:correct:['hint:Either the plants Spinach is the hours 4hr or the plants Tomato is the hours 6hr:APPLY_OR', 'hint:The plants Tomato is the hours 2hr:APPLY_IS']",correct,"['hint:Either the plants Spinach is the hours 4hr or the plants Tomato is the hours 6hr:APPLY_OR', 'hint:The plants Tomato is the hours 2hr:APPLY_IS']"
10278,spoke_sunlight,"spoke_sunlight:correct:['hint:Either the plants Spinach is the hours 4hr or the plants Tomato is the hours 6hr:APPLY_OR', 'hint:The plants Tomato is 2 hourss before the plants Cauliflower:APPLY_BEFORE_N_SPOTS', 'hint:The plants Tomato is the hours 2hr:APPLY_IS']",correct,"['hint:Either the plants Spinach is the hours 4hr or the plants Tomato is the hours 6hr:APPLY_OR', 'hint:The plants Tomato is 2 hourss before the plants Cauliflower:APPLY_BEFORE_N_SPOTS', 'hint:The plants Tomato is the hours 2hr:APPLY_IS']"
63134,spoke_sunlight,"spoke_sunlight:correct:['hint:Either the plants Spinach is the hours 4hr or the plants Tomato is the hours 6hr:APPLY_OR', 'hint:The plants Tomato is 2 hourss before the plants Cauliflower:APPLY_BEFORE_N_SPOTS', 'hint:The plants Tomato is the hours 2hr:APPLY_IS', 'transitives::OPENING']",correct,"['hint:Either the plants Spinach is the hours 4hr or the plants Tomato is the hours 6hr:APPLY_OR', 'hint:The plants Tomato is 2 hourss before the plants Cauliflower:APPLY_BEFORE_N_SPOTS', 'hint:The plants Tomato is the hours 2hr:APPLY_IS', 'transitives::OPENING']"
54023,spoke_sunlight_alt,spoke_sunlight_alt:start:['start'],start,['start']
40578,spoke_sunlight_alt,spoke_sunlight_alt:success:['success'],success,['success']
58084,spoke_sunlight_alt,spoke_sunlight_alt:failure:['failure'],failure,['failure']
62275,spoke_sunlight_alt,spoke_sunlight_alt:partial:['partial'],partial,['partial']
29380,spoke_sunlight_alt,spoke_sunlight_alt:correct:['hint:Either the plants Pumpkin or the plants Cauliflower is the hours 2hr:SIMPLE_OR_SAME_CAT'],correct,['hint:Either the plants Pumpkin or the plants Cauliflower is the hours 2hr:SIMPLE_OR_SAME_CAT']
95321,spoke_sunlight_alt,"spoke_sunlight_alt:correct:['hint:Either the plants Pumpkin or the plants Cauliflower is the hours 2hr:SIMPLE_OR_SAME_CAT', 'hint:The plants Pumpkin is 1 hourss before the plants Spinach:BEFORE_N_SPOTS_NOINFO']",correct,"['hint:Either the plants Pumpkin or the plants Cauliflower is the hours 2hr:SIMPLE_OR_SAME_CAT', 'hint:The plants Pumpkin is 1 hourss before the plants Spinach:BEFORE_N_SPOTS_NOINFO']"
77241,spoke_sunlight_alt,"spoke_sunlight_alt:correct:['hint:Either the plants Pumpkin or the plants Cauliflower is the hours 2hr:SIMPLE_OR_SAME_CAT', 'hint:The plants Pumpkin is 1 hourss before the plants Spinach:BEFORE_N_SPOTS_NOINFO', 'hint:The plants Tomato is 2 hourss before the plants Spinach:BEFORE_N_SPOTS_NOINFO']",correct,"['hint:Either the plants Pumpkin or the plants Cauliflower is the hours 2hr:SIMPLE_OR_SAME_CAT', 'hint:The plants Pumpkin is 1 hourss before the plants Spinach:BEFORE_N_SPOTS_NOINFO', 'hint:The plants Tomato is 2 hourss before the plants Spinach:BEFORE_N_SPOTS_NOINFO']"
59157,spoke_sunlight_alt,"spoke_sunlight_alt:correct:['hint:Either the plants Pumpkin or the plants Cauliflower is the hours 2hr:SIMPLE_OR_SAME_CAT', 'hint:The plants Pumpkin is 1 hourss before the plants Spinach:BEFORE_N_SPOTS_NOINFO', 'hint:The plants Tomato is 2 hourss before the plants Spinach:BEFORE_N_SPOTS_NOINFO', 'transitives::OPENING']",correct,"['hint:Either the plants Pumpkin or the plants Cauliflower is the hours 2hr:SIMPLE_OR_SAME_CAT', 'hint:The plants Pumpkin is 1 hourss before the plants Spinach:BEFORE_N_SPOTS_NOINFO', 'hint:The plants Tomato is 2 hourss before the plants Spinach:BEFORE_N_SPOTS_NOINFO', 'transitives::OPENING']"
54302,spoke_sunlight_alt,"spoke_sunlight_alt:correct:['cross outs::CROSS_OUT', 'hint:Either the plants Pumpkin or the plants Cauliflower is the hours 2hr:SIMPLE_OR_SAME_CAT', 'hint:The plants Pumpkin is 1 hourss before the plants Spinach:BEFORE_N_SPOTS_NOINFO', 'hint:The plants Tomato is 2 hourss before the plants Spinach:BEFORE_N_SPOTS_NOINFO']",correct,"['cross outs::CROSS_OUT', 'hint:Either the plants Pumpkin or the plants Cauliflower is the hours 2hr:SIMPLE_OR_SAME_CAT', 'hint:The plants Pumpkin is 1 hourss before the plants Spinach:BEFORE_N_SPOTS_NOINFO', 'hint:The plants Tomato is 2 hourss before the plants Spinach:BEFORE_N_SPOTS_NOINFO']"
72591,spoke_sunlight_alt,"spoke_sunlight_alt:correct:['hint:Either the plants Pumpkin or the plants Cauliflower is the hours 2hr:SIMPLE_OR_SAME_CAT', 'hint:The plants Pumpkin is 1 hourss before the plants Spinach:BEFORE_N_SPOTS_NOINFO', 'hint:The plants Pumpkin is 1 hourss before the plants Spinach:OPENING', 'hint:The plants Tomato is 2 hourss before the plants Spinach:BEFORE_N_SPOTS_NOINFO']",correct,"['hint:Either the plants Pumpkin or the plants Cauliflower is the hours 2hr:SIMPLE_OR_SAME_CAT', 'hint:The plants Pumpkin is 1 hourss before the plants Spinach:BEFORE_N_SPOTS_NOINFO', 'hint:The plants Pumpkin is 1 hourss before the plants Spinach:OPENING', 'hint:The plants Tomato is 2 hourss before the plants Spinach:BEFORE_N_SPOTS_NOINFO']"
92785,spoke_sunlight_alt,"spoke_sunlight_alt:correct:['cross outs::OPENING', 'hint:Either the plants Pumpkin or the plants Cauliflower is the hours 2hr:SIMPLE_OR_SAME_CAT', 'hint:The plants Pumpkin is 1 hourss before the plants Spinach:BEFORE_N_SPOTS_NOINFO', 'hint:The plants Tomato is 2 hourss before the plants Spinach:BEFORE_N_SPOTS_NOINFO']",correct,"['cross outs::OPENING', 'hint:Either the plants Pumpkin or the plants Cauliflower is the hours 2hr:SIMPLE_OR_SAME_CAT', 'hint:The plants Pumpkin is 1 hourss before the plants Spinach:BEFORE_N_SPOTS_NOINFO', 'hint:The plants Tomato is 2 hourss before the plants Spinach:BEFORE_N_SPOTS_NOINFO']"
64024,spoke_harvest,spoke_harvest:start:['start'],start,['start']
74614,spoke_harvest,spoke_harvest:success:['success'],success,['success']
69031,spoke_harvest,spoke_harvest:failure:['failure'],failure,['failure']
39664,spoke_harvest,spoke_harvest:partial:['partial'],partial,['partial']
53573,spoke_harvest,spoke_harvest:correct:['hint:The plant Eggplant is the days 60:APPLY_IS'],correct,['hint:The plant Eggplant is the days 60:APPLY_IS']
56077,spoke_harvest,"spoke_harvest:correct:['cross outs::CROSS_OUT', 'hint:The plant Eggplant is the days 60:APPLY_IS']",correct,"['cross outs::CROSS_OUT', 'hint:The plant Eggplant is the days 60:APPLY_IS']"
10531,spoke_harvest,"spoke_harvest:correct:['hint:The plant Eggplant is the days 60:APPLY_IS', 'hint:The plant Green Onions is at least 1 days before the plant Eggplant:BEFORE_N_SPOTS_NOINFO']",correct,"['hint:The plant Eggplant is the days 60:APPLY_IS', 'hint:The plant Green Onions is at least 1 days before the plant Eggplant:BEFORE_N_SPOTS_NOINFO']"
26278,spoke_harvest,"spoke_harvest:correct:['hint:The plant Eggplant is the days 60:APPLY_IS', 'hint:The plant Green Onions is at least 1 days before the plant Eggplant:BEFORE_N_SPOTS_NOINFO', 'hint:The plant Green Onions is at least 1 days before the plant Eggplant:OPENING']",correct,"['hint:The plant Eggplant is the days 60:APPLY_IS', 'hint:The plant Green Onions is at least 1 days before the plant Eggplant:BEFORE_N_SPOTS_NOINFO', 'hint:The plant Green Onions is at least 1 days before the plant Eggplant:OPENING']"
20769,spoke_harvest,"spoke_harvest:correct:['cross outs::CROSS_OUT', 'hint:The plant Eggplant is the days 60:APPLY_IS', 'hint:The plant Green Onions is at least 1 days before the plant Eggplant:BEFORE_N_SPOTS_NOINFO']",correct,"['cross outs::CROSS_OUT', 'hint:The plant Eggplant is the days 60:APPLY_IS', 'hint:The plant Green Onions is at least 1 days before the plant Eggplant:BEFORE_N_SPOTS_NOINFO']"
92760,spoke_harvest,"spoke_harvest:correct:['hint:Either the plant Green Onions or the plant Potatoes is the days 120:OPENING', 'hint:The plant Eggplant is the days 60:APPLY_IS', 'hint:The plant Green Onions is at least 1 days before the plant Eggplant:BEFORE_N_SPOTS_NOINFO']",correct,"['hint:Either the plant Green Onions or the plant Potatoes is the days 120:OPENING', 'hint:The plant Eggplant is the days 60:APPLY_IS', 'hint:The plant Green Onions is at least 1 days before the plant Eggplant:BEFORE_N_SPOTS_NOINFO']"
88314,spoke_harvest,"spoke_harvest:correct:['cross outs::OPENING', 'hint:The plant Eggplant is the days 60:APPLY_IS', 'hint:The plant Green Onions is at least 1 days before the plant Eggplant:BEFORE_N_SPOTS_NOINFO']",correct,"['cross outs::OPENING', 'hint:The plant Eggplant is the days 60:APPLY_IS', 'hint:The plant Green Onions is at least 1 days before the plant Eggplant:BEFORE_N_SPOTS_NOINFO']"
64541,spoke_water,spoke_water:start:['start'],start,['start']
30642,spoke_water,spoke_water:success:['success'],success,['success']
61038,spoke_water,spoke_water:failure:['failure'],failure,['failure']
61300,spoke_water,spoke_water:partial:['partial'],partial,['partial']
64346,spoke_water,spoke_water:correct:['hint:The plants Carrots is the amounts 40oz:APPLY_IS'],correct,['hint:The plants Carrots is the amounts 40oz:APPLY_IS']
91645,spoke_water,"spoke_water:correct:['cross outs::CROSS_OUT', 'hint:The plants Carrots is the amounts 40oz:APPLY_IS']",correct,"['cross outs::CROSS_OUT', 'hint:The plants Carrots is the amounts 40oz:APPLY_IS']"
89487,spoke_water,"spoke_water:correct:['hint:The plants Carrots is the amounts 40oz:APPLY_IS', 'hint:The plants Green Onions is at least 1 amounts before the plants Carrots:BEFORE_N_SPOTS_NOINFO']",correct,"['hint:The plants Carrots is the amounts 40oz:APPLY_IS', 'hint:The plants Green Onions is at least 1 amounts before the plants Carrots:BEFORE_N_SPOTS_NOINFO']"
98141,spoke_water,"spoke_water:correct:['hint:The plants Carrots is the amounts 40oz:APPLY_IS', 'hint:The plants Green Onions is at least 1 amounts before the plants Carrots:BEFORE_N_SPOTS_NOINFO', 'hint:The plants Green Onions is at least 1 amounts before the plants Carrots:OPENING']",correct,"['hint:The plants Carrots is the amounts 40oz:APPLY_IS', 'hint:The plants Green Onions is at least 1 amounts before the plants Carrots:BEFORE_N_SPOTS_NOINFO', 'hint:The plants Green Onions is at least 1 amounts before the plants Carrots:OPENING']"
63693,spoke_water,"spoke_water:correct:['cross outs::CROSS_OUT', 'hint:The plants Carrots is the amounts 40oz:APPLY_IS', 'hint:The plants Green Onions is at least 1 amounts before the plants Carrots:BEFORE_N_SPOTS_NOINFO']",correct,"['cross outs::CROSS_OUT', 'hint:The plants Carrots is the amounts 40oz:APPLY_IS', 'hint:The plants Green Onions is at least 1 amounts before the plants Carrots:BEFORE_N_SPOTS_NOINFO']"
59195,spoke_water,"spoke_water:correct:['hint:Either the plants Green Onions or the plants Potatoes is the amounts 80oz:OPENING', 'hint:The plants Carrots is the amounts 40oz:APPLY_IS', 'hint:The plants Green Onions is at least 1 amounts before the plants Carrots:BEFORE_N_SPOTS_NOINFO']",correct,"['hint:Either the plants Green Onions or the plants Potatoes is the amounts 80oz:OPENING', 'hint:The plants Carrots is the amounts 40oz:APPLY_IS', 'hint:The plants Green Onions is at least 1 amounts before the plants Carrots:BEFORE_N_SPOTS_NOINFO']"
59085,spoke_water,"spoke_water:correct:['hint:The plants Carrots is the amounts 40oz:APPLY_IS', 'hint:The plants Green Onions is at least 1 amounts before the plants Carrots:BEFORE_N_SPOTS_NOINFO', 'transitives::OPENING']",correct,"['hint:The plants Carrots is the amounts 40oz:APPLY_IS', 'hint:The plants Green Onions is at least 1 amounts before the plants Carrots:BEFORE_N_SPOTS_NOINFO', 'transitives::OPENING']"
67843,spoke_protein,spoke_protein:start:['start'],start,['start']
64424,spoke_protein,spoke_protein:success:['success'],success,['success']
35727,spoke_protein,spoke_protein:failure:['failure'],failure,['failure']
90083,spoke_protein,spoke_protein:partial:['partial'],partial,['partial']
10782,spoke_protein,spoke_protein:correct:['hint:The food Eggs is the grams 15g:APPLY_IS'],correct,['hint:The food Eggs is the grams 15g:APPLY_IS']
92133,spoke_protein,"spoke_protein:correct:['hint:The food Eggs is the grams 15g:APPLY_IS', 'unknown::None']",correct,"['hint:The food Eggs is the grams 15g:APPLY_IS', 'unknown::None']"
36531,spoke_protein,"spoke_protein:correct:['hint:The food Eggs is the grams 15g:APPLY_IS', 'hint:The food Fish is 1 gramss before the food Peanuts:OPENING']",correct,"['hint:The food Eggs is the grams 15g:APPLY_IS', 'hint:The food Fish is 1 gramss before the food Peanuts:OPENING']"
52583,spoke_protein,"spoke_protein:correct:['hint:The food Eggs is the grams 15g:APPLY_IS', 'transitives::OPENING']",correct,"['hint:The food Eggs is the grams 15g:APPLY_IS', 'transitives::OPENING']"
27829,spoke_pasta,spoke_pasta:start:['start'],start,['start']
67627,spoke_pasta,spoke_pasta:success:['success'],success,['success']
79706,spoke_pasta,spoke_pasta:failure:['failure'],failure,['failure']
45458,spoke_pasta,spoke_pasta:partial:['partial'],partial,['partial']
59546,spoke_pasta,spoke_pasta:correct:['hint:The sauces Alfredo is the shapes Penne:APPLY_IS'],correct,['hint:The sauces Alfredo is the shapes Penne:APPLY_IS']
12754,spoke_pasta,"spoke_pasta:correct:['hint:Either the sauces Carbonara is the shapes Linguine or the shapes Bowtie is the sauces Alfredo:APPLY_OR', 'hint:The sauces Alfredo is the shapes Penne:APPLY_IS']",correct,"['hint:Either the sauces Carbonara is the shapes Linguine or the shapes Bowtie is the sauces Alfredo:APPLY_OR', 'hint:The sauces Alfredo is the shapes Penne:APPLY_IS']"
42312,spoke_pasta,"spoke_pasta:correct:['hint:Either the sauces Carbonara is the shapes Linguine or the shapes Bowtie is the sauces Alfredo:APPLY_OR', 'hint:Either the shapes Elbow or the shapes Penne is the sauces Tomato:OPENING', 'hint:The sauces Alfredo is the shapes Penne:APPLY_IS']",correct,"['hint:Either the sauces Carbonara is the shapes Linguine or the shapes Bowtie is the sauces Alfredo:APPLY_OR', 'hint:Either the shapes Elbow or the shapes Penne is the sauces Tomato:OPENING', 'hint:The sauces Alfredo is the shapes Penne:APPLY_IS']"
45021,spoke_pasta,"spoke_pasta:correct:['hint:Either the sauces Carbonara is the shapes Linguine or the shapes Bowtie is the sauces Alfredo:APPLY_OR', 'hint:The sauces Alfredo is the shapes Penne:APPLY_IS', 'transitives::OPENING']",correct,"['hint:Either the sauces Carbonara is the shapes Linguine or the shapes Bowtie is the sauces Alfredo:APPLY_OR', 'hint:The sauces Alfredo is the shapes Penne:APPLY_IS', 'transitives::OPENING']"
67779,hub_soup,hub_soup:start:['start'],start,['start']
47587,hub_soup,hub_soup:success:['success'],success,['success']
10410,hub_soup,hub_soup:failure:['failure'],failure,['failure']
51908,hub_soup,hub_soup:partial:['partial'],partial,['partial']
59800,hub_soup,hub_soup:correct:['hint:The ingredient Tomatoes is the order 4th:APPLY_IS'],correct,['hint:The ingredient Tomatoes is the order 4th:APPLY_IS']
60720,hub_soup,"hub_soup:correct:['cross outs::CROSS_OUT', 'hint:The ingredient Tomatoes is the order 4th:APPLY_IS']",correct,"['cross outs::CROSS_OUT', 'hint:The ingredient Tomatoes is the order 4th:APPLY_IS']"
94055,hub_soup,"hub_soup:correct:['hint:The ingredient Pasta is 2 orders before the ingredient Beans:BEFORE_NOINFO', 'hint:The ingredient Tomatoes is the order 4th:APPLY_IS']",correct,"['hint:The ingredient Pasta is 2 orders before the ingredient Beans:BEFORE_NOINFO', 'hint:The ingredient Tomatoes is the order 4th:APPLY_IS']"
56986,hub_soup,"hub_soup:correct:['hint:The ingredient Pasta is 2 orders before the ingredient Beans:BEFORE_NOINFO', 'hint:The ingredient Pasta is 2 orders before the ingredient Beans:OPENING', 'hint:The ingredient Tomatoes is the order 4th:APPLY_IS']",correct,"['hint:The ingredient Pasta is 2 orders before the ingredient Beans:BEFORE_NOINFO', 'hint:The ingredient Pasta is 2 orders before the ingredient Beans:OPENING', 'hint:The ingredient Tomatoes is the order 4th:APPLY_IS']"
37512,hub_soup,"hub_soup:correct:['cross outs::CROSS_OUT', 'hint:The ingredient Pasta is 2 orders before the ingredient Beans:BEFORE_NOINFO', 'hint:The ingredient Tomatoes is the order 4th:APPLY_IS']",correct,"['cross outs::CROSS_OUT', 'hint:The ingredient Pasta is 2 orders before the ingredient Beans:BEFORE_NOINFO', 'hint:The ingredient Tomatoes is the order 4th:APPLY_IS']"
97621,hub_soup,"hub_soup:correct:['hint:The ingredient Pasta is 2 orders before the ingredient Beans:BEFORE_NOINFO', 'hint:The ingredient Tomatoes is the order 4th:APPLY_IS', 'transitives::OPENING']",correct,"['hint:The ingredient Pasta is 2 orders before the ingredient Beans:BEFORE_NOINFO', 'hint:The ingredient Tomatoes is the order 4th:APPLY_IS', 'transitives::OPENING']"
22539,hub_soup,"hub_soup:correct:['hint:The ingredient Pasta is 2 orders before the ingredient Beans:BEFORE_NOINFO', 'hint:The ingredient Tomatoes is 2 cups before the ingredient Beans:BEFORE_N_SPOTS_NOINFO', 'hint:The ingredient Tomatoes is the order 4th:APPLY_IS']",correct,"['hint:The ingredient Pasta is 2 orders before the ingredient Beans:BEFORE_NOINFO', 'hint:The ingredient Tomatoes is 2 cups before the ingredient Beans:BEFORE_N_SPOTS_NOINFO', 'hint:The ingredient Tomatoes is the order 4th:APPLY_IS']"
66207,hub_soup,"hub_soup:correct:['hint:The ingredient Beans is 1 cups before the ingredient Carrots:BEFORE_N_SPOTS_NOINFO', 'hint:The ingredient Pasta is 2 orders before the ingredient Beans:BEFORE_NOINFO', 'hint:The ingredient Tomatoes is 2 cups before the ingredient Beans:BEFORE_N_SPOTS_NOINFO', 'hint:The ingredient Tomatoes is the order 4th:APPLY_IS']",correct,"['hint:The ingredient Beans is 1 cups before the ingredient Carrots:BEFORE_N_SPOTS_NOINFO', 'hint:The ingredient Pasta is 2 orders before the ingredient Beans:BEFORE_NOINFO', 'hint:The ingredient Tomatoes is 2 cups before the ingredient Beans:BEFORE_N_SPOTS_NOINFO', 'hint:The ingredient Tomatoes is the order 4th:APPLY_IS']"
92622,hub_soup,"hub_soup:correct:['hint:The ingredient Beans is 1 cups before the ingredient Carrots:BEFORE_N_SPOTS_NOINFO', 'hint:The ingredient Pasta is 2 orders before the ingredient Beans:BEFORE_NOINFO', 'hint:The ingredient Tomatoes is 2 cups before the ingredient Beans:BEFORE_N_SPOTS_NOINFO', 'hint:The ingredient Tomatoes is the order 4th:APPLY_IS', 'transitives::OPENING']",correct,"['hint:The ingredient Beans is 1 cups before the ingredient Carrots:BEFORE_N_SPOTS_NOINFO', 'hint:The ingredient Pasta is 2 orders before the ingredient Beans:BEFORE_NOINFO', 'hint:The ingredient Tomatoes is 2 cups before the ingredient Beans:BEFORE_N_SPOTS_NOINFO', 'hint:The ingredient Tomatoes is the order 4th:APPLY_IS', 'transitives::OPENING']"
13453,hub_soup,"hub_soup:correct:['cross outs::CROSS_OUT', 'hint:The ingredient Beans is 1 cups before the ingredient Carrots:BEFORE_N_SPOTS_NOINFO', 'hint:The ingredient Pasta is 2 orders before the ingredient Beans:BEFORE_NOINFO', 'hint:The ingredient Tomatoes is 2 cups before the ingredient Beans:BEFORE_N_SPOTS_NOINFO', 'hint:The ingredient Tomatoes is the order 4th:APPLY_IS']",correct,"['cross outs::CROSS_OUT', 'hint:The ingredient Beans is 1 cups before the ingredient Carrots:BEFORE_N_SPOTS_NOINFO', 'hint:The ingredient Pasta is 2 orders before the ingredient Beans:BEFORE_NOINFO', 'hint:The ingredient Tomatoes is 2 cups before the ingredient Beans:BEFORE_N_SPOTS_NOINFO', 'hint:The ingredient Tomatoes is the order 4th:APPLY_IS']"
54112,hub_soup,"hub_soup:incorrect:['hint:The ingredient Beans is 1 cups before the ingredient Carrots:BEFORE_N_SPOTS_NOINFO', 'hint:The ingredient Pasta is 2 orders before the ingredient Beans:BEFORE_NOINFO', 'hint:The ingredient Tomatoes is 2 cups before the ingredient Beans:BEFORE_N_SPOTS_NOINFO', 'hint:The ingredient Tomatoes is the order 4th:APPLY_IS', 'unknown::None']",incorrect,"['hint:The ingredient Beans is 1 cups before the ingredient Carrots:BEFORE_N_SPOTS_NOINFO', 'hint:The ingredient Pasta is 2 orders before the ingredient Beans:BEFORE_NOINFO', 'hint:The ingredient Tomatoes is 2 cups before the ingredient Beans:BEFORE_N_SPOTS_NOINFO', 'hint:The ingredient Tomatoes is the order 4th:APPLY_IS', 'unknown::None']"
58811,hub_soup,"hub_soup:incorrect:['cross outs::OPENING', 'hint:The ingredient Beans is 1 cups before the ingredient Carrots:BEFORE_N_SPOTS_NOINFO', 'hint:The ingredient Pasta is 2 orders before the ingredient Beans:BEFORE_NOINFO', 'hint:The ingredient Tomatoes is 2 cups before the ingredient Beans:BEFORE_N_SPOTS_NOINFO', 'hint:The ingredient Tomatoes is the order 4th:APPLY_IS']",incorrect,"['cross outs::OPENING', 'hint:The ingredient Beans is 1 cups before the ingredient Carrots:BEFORE_N_SPOTS_NOINFO', 'hint:The ingredient Pasta is 2 orders before the ingredient Beans:BEFORE_NOINFO', 'hint:The ingredient Tomatoes is 2 cups before the ingredient Beans:BEFORE_N_SPOTS_NOINFO', 'hint:The ingredient Tomatoes is the order 4th:APPLY_IS']"
80833,hub_soup,"hub_soup:incorrect:['hint:The ingredient Beans is 1 cups before the ingredient Carrots:BEFORE_N_SPOTS_NOINFO', 'hint:The ingredient Pasta is 2 orders before the ingredient Beans:BEFORE_NOINFO', 'hint:The ingredient Tomatoes is 2 cups before the ingredient Beans:BEFORE_N_SPOTS_NOINFO', 'hint:The ingredient Tomatoes is 2 cups before the ingredient Beans:OPENING', 'hint:The ingredient Tomatoes is the order 4th:APPLY_IS']",incorrect,"['hint:The ingredient Beans is 1 cups before the ingredient Carrots:BEFORE_N_SPOTS_NOINFO', 'hint:The ingredient Pasta is 2 orders before the ingredient Beans:BEFORE_NOINFO', 'hint:The ingredient Tomatoes is 2 cups before the ingredient Beans:BEFORE_N_SPOTS_NOINFO', 'hint:The ingredient Tomatoes is 2 cups before the ingredient Beans:OPENING', 'hint:The ingredient Tomatoes is the order 4th:APPLY_IS']"
35125,hub_soup,"hub_soup:incorrect:['hint:The ingredient Beans is 1 cups before the ingredient Carrots:BEFORE_N_SPOTS_NOINFO', 'hint:The ingredient Pasta is 2 orders before the ingredient Beans:BEFORE_NOINFO', 'hint:The ingredient Tomatoes is 2 cups before the ingredient Beans:BEFORE_N_SPOTS_NOINFO', 'hint:The ingredient Tomatoes is 2 cups before the ingredient Beans:BEFORE_N_SPOTS_SHIFT', 'hint:The ingredient Tomatoes is the order 4th:APPLY_IS']",incorrect,"['hint:The ingredient Beans is 1 cups before the ingredient Carrots:BEFORE_N_SPOTS_NOINFO', 'hint:The ingredient Pasta is 2 orders before the ingredient Beans:BEFORE_NOINFO', 'hint:The ingredient Tomatoes is 2 cups before the ingredient Beans:BEFORE_N_SPOTS_NOINFO', 'hint:The ingredient Tomatoes is 2 cups before the ingredient Beans:BEFORE_N_SPOTS_SHIFT', 'hint:The ingredient Tomatoes is the order 4th:APPLY_IS']"
60247,hub_soup,"hub_soup:correct:['hint:The ingredient Beans is 1 cups before the ingredient Carrots:BEFORE_N_SPOTS_NOINFO', 'hint:The ingredient Pasta is 2 orders before the ingredient Beans:BEFORE_NOINFO', 'hint:The ingredient Tomatoes is 2 cups before the ingredient Beans:BEFORE_N_SPOTS_NOINFO', 'hint:The ingredient Tomatoes is 2 cups before the ingredient Beans:BEFORE_N_SPOTS_SHIFT', 'hint:The ingredient Tomatoes is the order 4th:APPLY_IS', 'unknown::None']",correct,"['hint:The ingredient Beans is 1 cups before the ingredient Carrots:BEFORE_N_SPOTS_NOINFO', 'hint:The ingredient Pasta is 2 orders before the ingredient Beans:BEFORE_NOINFO', 'hint:The ingredient Tomatoes is 2 cups before the ingredient Beans:BEFORE_N_SPOTS_NOINFO', 'hint:The ingredient Tomatoes is 2 cups before the ingredient Beans:BEFORE_N_SPOTS_SHIFT', 'hint:The ingredient Tomatoes is the order 4th:APPLY_IS', 'unknown::None']"
28757,hub_soup,"hub_soup:correct:['cross outs::OPENING', 'hint:The ingredient Beans is 1 cups before the ingredient Carrots:BEFORE_N_SPOTS_NOINFO', 'hint:The ingredient Pasta is 2 orders before the ingredient Beans:BEFORE_NOINFO', 'hint:The ingredient Tomatoes is 2 cups before the ingredient Beans:BEFORE_N_SPOTS_NOINFO', 'hint:The ingredient Tomatoes is 2 cups before the ingredient Beans:BEFORE_N_SPOTS_SHIFT', 'hint:The ingredient Tomatoes is the order 4th:APPLY_IS']",correct,"['cross outs::OPENING', 'hint:The ingredient Beans is 1 cups before the ingredient Carrots:BEFORE_N_SPOTS_NOINFO', 'hint:The ingredient Pasta is 2 orders before the ingredient Beans:BEFORE_NOINFO', 'hint:The ingredient Tomatoes is 2 cups before the ingredient Beans:BEFORE_N_SPOTS_NOINFO', 'hint:The ingredient Tomatoes is 2 cups before the ingredient Beans:BEFORE_N_SPOTS_SHIFT', 'hint:The ingredient Tomatoes is the order 4th:APPLY_IS']"
98964,hub_soup_alt,hub_soup_alt:start:['start'],start,['start']
51168,hub_soup_alt,hub_soup_alt:success:['success'],success,['success']
79741,hub_soup_alt,hub_soup_alt:failure:['failure'],failure,['failure']
27674,hub_soup_alt,hub_soup_alt:partial:['partial'],partial,['partial']
70101,hub_soup_alt,hub_soup_alt:correct:['hint:The ingredient Beans is 1 cups before the ingredient Carrots:BEFORE_N_SPOTS_NOINFO'],correct,['hint:The ingredient Beans is 1 cups before the ingredient Carrots:BEFORE_N_SPOTS_NOINFO']
73471,hub_soup_alt,"hub_soup_alt:correct:['hint:Either the cup 2 cups or the ingredient Beans is the order 4th:SIMPLE_OR_DIFF_CAT', 'hint:The ingredient Beans is 1 cups before the ingredient Carrots:BEFORE_N_SPOTS_NOINFO']",correct,"['hint:Either the cup 2 cups or the ingredient Beans is the order 4th:SIMPLE_OR_DIFF_CAT', 'hint:The ingredient Beans is 1 cups before the ingredient Carrots:BEFORE_N_SPOTS_NOINFO']"
24694,hub_soup_alt,"hub_soup_alt:correct:['hint:Either the cup 2 cups or the ingredient Beans is the order 4th:SIMPLE_OR_DIFF_CAT', 'hint:The ingredient Beans is 1 cups before the ingredient Carrots:BEFORE_N_SPOTS_NOINFO', 'hint:The ingredient Beans is 2 orders before the ingredient Carrots:BEFORE_N_SPOTS_NOINFO']",correct,"['hint:Either the cup 2 cups or the ingredient Beans is the order 4th:SIMPLE_OR_DIFF_CAT', 'hint:The ingredient Beans is 1 cups before the ingredient Carrots:BEFORE_N_SPOTS_NOINFO', 'hint:The ingredient Beans is 2 orders before the ingredient Carrots:BEFORE_N_SPOTS_NOINFO']"
31992,hub_soup_alt,"hub_soup_alt:correct:['hint:Either the cup 2 cups or the ingredient Beans is the order 4th:SIMPLE_OR_DIFF_CAT', 'hint:The ingredient Beans is 1 cups before the ingredient Carrots:BEFORE_N_SPOTS_NOINFO', 'hint:The ingredient Beans is 2 orders before the ingredient Carrots:BEFORE_N_SPOTS_NOINFO', 'hint:The ingredient Pasta is 2 cups before the ingredient Carrots:BEFORE_N_SPOTS_NOINFO']",correct,"['hint:Either the cup 2 cups or the ingredient Beans is the order 4th:SIMPLE_OR_DIFF_CAT', 'hint:The ingredient Beans is 1 cups before the ingredient Carrots:BEFORE_N_SPOTS_NOINFO', 'hint:The ingredient Beans is 2 orders before the ingredient Carrots:BEFORE_N_SPOTS_NOINFO', 'hint:The ingredient Pasta is 2 cups before the ingredient Carrots:BEFORE_N_SPOTS_NOINFO']"
63063,hub_soup_alt,"hub_soup_alt:correct:['hint:Either the cup 2 cups or the ingredient Beans is the order 4th:SIMPLE_OR_DIFF_CAT', 'hint:The ingredient Beans is 1 cups before the ingredient Carrots:BEFORE_N_SPOTS_NOINFO', 'hint:The ingredient Beans is 1 cups before the ingredient Carrots:OPENING', 'hint:The ingredient Beans is 2 orders before the ingredient Carrots:BEFORE_N_SPOTS_NOINFO', 'hint:The ingredient Pasta is 2 cups before the ingredient Carrots:BEFORE_N_SPOTS_NOINFO']",correct,"['hint:Either the cup 2 cups or the ingredient Beans is the order 4th:SIMPLE_OR_DIFF_CAT', 'hint:The ingredient Beans is 1 cups before the ingredient Carrots:BEFORE_N_SPOTS_NOINFO', 'hint:The ingredient Beans is 1 cups before the ingredient Carrots:OPENING', 'hint:The ingredient Beans is 2 orders before the ingredient Carrots:BEFORE_N_SPOTS_NOINFO', 'hint:The ingredient Pasta is 2 cups before the ingredient Carrots:BEFORE_N_SPOTS_NOINFO']"
67649,hub_soup_alt,"hub_soup_alt:correct:['cross outs::OPENING', 'hint:Either the cup 2 cups or the ingredient Beans is the order 4th:SIMPLE_OR_DIFF_CAT', 'hint:The ingredient Beans is 1 cups before the ingredient Carrots:BEFORE_N_SPOTS_NOINFO', 'hint:The ingredient Beans is 2 orders before the ingredient Carrots:BEFORE_N_SPOTS_NOINFO', 'hint:The ingredient Pasta is 2 cups before the ingredient Carrots:BEFORE_N_SPOTS_NOINFO']",correct,"['cross outs::OPENING', 'hint:Either the cup 2 cups or the ingredient Beans is the order 4th:SIMPLE_OR_DIFF_CAT', 'hint:The ingredient Beans is 1 cups before the ingredient Carrots:BEFORE_N_SPOTS_NOINFO', 'hint:The ingredient Beans is 2 orders before the ingredient Carrots:BEFORE_N_SPOTS_NOINFO', 'hint:The ingredient Pasta is 2 cups before the ingredient Carrots:BEFORE_N_SPOTS_NOINFO']"
85936,hub_soup_alt,"hub_soup_alt:correct:['cross outs::CROSS_OUT', 'hint:Either the cup 2 cups or the ingredient Beans is the order 4th:SIMPLE_OR_DIFF_CAT', 'hint:The ingredient Beans is 1 cups before the ingredient Carrots:BEFORE_N_SPOTS_NOINFO', 'hint:The ingredient Beans is 2 orders before the ingredient Carrots:BEFORE_N_SPOTS_NOINFO', 'hint:The ingredient Pasta is 2 cups before the ingredient Carrots:BEFORE_N_SPOTS_NOINFO']",correct,"['cross outs::CROSS_OUT', 'hint:Either the cup 2 cups or the ingredient Beans is the order 4th:SIMPLE_OR_DIFF_CAT', 'hint:The ingredient Beans is 1 cups before the ingredient Carrots:BEFORE_N_SPOTS_NOINFO', 'hint:The ingredient Beans is 2 orders before the ingredient Carrots:BEFORE_N_SPOTS_NOINFO', 'hint:The ingredient Pasta is 2 cups before the ingredient Carrots:BEFORE_N_SPOTS_NOINFO']"
84000,hub_soup_alt,"hub_soup_alt:correct:['hint:Either the cup 2 cups or the ingredient Beans is the order 4th:APPLY_OR', 'hint:Either the cup 2 cups or the ingredient Beans is the order 4th:SIMPLE_OR_DIFF_CAT', 'hint:The ingredient Beans is 1 cups before the ingredient Carrots:BEFORE_N_SPOTS_NOINFO', 'hint:The ingredient Beans is 2 orders before the ingredient Carrots:BEFORE_N_SPOTS_NOINFO', 'hint:The ingredient Pasta is 2 cups before the ingredient Carrots:BEFORE_N_SPOTS_NOINFO']",correct,"['hint:Either the cup 2 cups or the ingredient Beans is the order 4th:APPLY_OR', 'hint:Either the cup 2 cups or the ingredient Beans is the order 4th:SIMPLE_OR_DIFF_CAT', 'hint:The ingredient Beans is 1 cups before the ingredient Carrots:BEFORE_N_SPOTS_NOINFO', 'hint:The ingredient Beans is 2 orders before the ingredient Carrots:BEFORE_N_SPOTS_NOINFO', 'hint:The ingredient Pasta is 2 cups before the ingredient Carrots:BEFORE_N_SPOTS_NOINFO']"
99733,hub_soup_alt,"hub_soup_alt:correct:['hint:Either the cup 2 cups or the ingredient Beans is the order 4th:APPLY_OR', 'hint:Either the cup 2 cups or the ingredient Beans is the order 4th:SIMPLE_OR_DIFF_CAT', 'hint:The ingredient Beans is 1 cups before the ingredient Carrots:BEFORE_N_SPOTS_NOINFO', 'hint:The ingredient Beans is 2 orders before the ingredient Carrots:BEFORE_N_SPOTS_NOINFO', 'hint:The ingredient Pasta is 2 cups before the ingredient Carrots:BEFORE_N_SPOTS_NOINFO', 'hint:The ingredient Pasta is 2 cups before the ingredient Carrots:OPENING']",correct,"['hint:Either the cup 2 cups or the ingredient Beans is the order 4th:APPLY_OR', 'hint:Either the cup 2 cups or the ingredient Beans is the order 4th:SIMPLE_OR_DIFF_CAT', 'hint:The ingredient Beans is 1 cups before the ingredient Carrots:BEFORE_N_SPOTS_NOINFO', 'hint:The ingredient Beans is 2 orders before the ingredient Carrots:BEFORE_N_SPOTS_NOINFO', 'hint:The ingredient Pasta is 2 cups before the ingredient Carrots:BEFORE_N_SPOTS_NOINFO', 'hint:The ingredient Pasta is 2 cups before the ingredient Carrots:OPENING']"
27395,hub_soup_alt,"hub_soup_alt:correct:['cross outs::CROSS_OUT', 'hint:Either the cup 2 cups or the ingredient Beans is the order 4th:APPLY_OR', 'hint:Either the cup 2 cups or the ingredient Beans is the order 4th:SIMPLE_OR_DIFF_CAT', 'hint:The ingredient Beans is 1 cups before the ingredient Carrots:BEFORE_N_SPOTS_NOINFO', 'hint:The ingredient Beans is 2 orders before the ingredient Carrots:BEFORE_N_SPOTS_NOINFO', 'hint:The ingredient Pasta is 2 cups before the ingredient Carrots:BEFORE_N_SPOTS_NOINFO']",correct,"['cross outs::CROSS_OUT', 'hint:Either the cup 2 cups or the ingredient Beans is the order 4th:APPLY_OR', 'hint:Either the cup 2 cups or the ingredient Beans is the order 4th:SIMPLE_OR_DIFF_CAT', 'hint:The ingredient Beans is 1 cups before the ingredient Carrots:BEFORE_N_SPOTS_NOINFO', 'hint:The ingredient Beans is 2 orders before the ingredient Carrots:BEFORE_N_SPOTS_NOINFO', 'hint:The ingredient Pasta is 2 cups before the ingredient Carrots:BEFORE_N_SPOTS_NOINFO']"
10710,hub_soup_alt,"hub_soup_alt:correct:['hint:Either the cup 2 cups or the ingredient Beans is the order 4th:APPLY_OR', 'hint:Either the cup 2 cups or the ingredient Beans is the order 4th:SIMPLE_OR_DIFF_CAT', 'hint:The ingredient Beans is 1 cups before the ingredient Carrots:BEFORE_N_SPOTS_NOINFO', 'hint:The ingredient Beans is 2 orders before the ingredient Carrots:BEFORE_N_SPOTS_NOINFO', 'hint:The ingredient Pasta is 2 cups before the ingredient Carrots:BEFORE_N_SPOTS_NOINFO', 'transitives::OPENING']",correct,"['hint:Either the cup 2 cups or the ingredient Beans is the order 4th:APPLY_OR', 'hint:Either the cup 2 cups or the ingredient Beans is the order 4th:SIMPLE_OR_DIFF_CAT', 'hint:The ingredient Beans is 1 cups before the ingredient Carrots:BEFORE_N_SPOTS_NOINFO', 'hint:The ingredient Beans is 2 orders before the ingredient Carrots:BEFORE_N_SPOTS_NOINFO', 'hint:The ingredient Pasta is 2 cups before the ingredient Carrots:BEFORE_N_SPOTS_NOINFO', 'transitives::OPENING']"
16504,hub_soup_alt,"hub_soup_alt:correct:['hint:Either the cup 2 cups or the ingredient Beans is the order 4th:APPLY_OR', 'hint:Either the cup 2 cups or the ingredient Beans is the order 4th:SIMPLE_OR_DIFF_CAT', 'hint:The ingredient Beans is 1 cups before the ingredient Carrots:BEFORE_N_SPOTS_NOINFO', 'hint:The ingredient Beans is 2 orders before the ingredient Carrots:BEFORE_N_SPOTS_NOINFO', 'hint:The ingredient Pasta is 2 cups before the ingredient Carrots:BEFORE_N_SPOTS_NOINFO', 'openings::TRANS_ABC_TRUE']",correct,"['hint:Either the cup 2 cups or the ingredient Beans is the order 4th:APPLY_OR', 'hint:Either the cup 2 cups or the ingredient Beans is the order 4th:SIMPLE_OR_DIFF_CAT', 'hint:The ingredient Beans is 1 cups before the ingredient Carrots:BEFORE_N_SPOTS_NOINFO', 'hint:The ingredient Beans is 2 orders before the ingredient Carrots:BEFORE_N_SPOTS_NOINFO', 'hint:The ingredient Pasta is 2 cups before the ingredient Carrots:BEFORE_N_SPOTS_NOINFO', 'openings::TRANS_ABC_TRUE']"
52424,hub_soup_alt,"hub_soup_alt:correct:['cross outs::CROSS_OUT', 'hint:Either the cup 2 cups or the ingredient Beans is the order 4th:APPLY_OR', 'hint:Either the cup 2 cups or the ingredient Beans is the order 4th:SIMPLE_OR_DIFF_CAT', 'hint:The ingredient Beans is 1 cups before the ingredient Carrots:BEFORE_N_SPOTS_NOINFO', 'hint:The ingredient Beans is 2 orders before the ingredient Carrots:BEFORE_N_SPOTS_NOINFO', 'hint:The ingredient Pasta is 2 cups before the ingredient Carrots:BEFORE_N_SPOTS_NOINFO', 'openings::TRANS_ABC_TRUE']",correct,"['cross outs::CROSS_OUT', 'hint:Either the cup 2 cups or the ingredient Beans is the order 4th:APPLY_OR', 'hint:Either the cup 2 cups or the ingredient Beans is the order 4th:SIMPLE_OR_DIFF_CAT', 'hint:The ingredient Beans is 1 cups before the ingredient Carrots:BEFORE_N_SPOTS_NOINFO', 'hint:The ingredient Beans is 2 orders before the ingredient Carrots:BEFORE_N_SPOTS_NOINFO', 'hint:The ingredient Pasta is 2 cups before the ingredient Carrots:BEFORE_N_SPOTS_NOINFO', 'openings::TRANS_ABC_TRUE']"
15099,hub_soup_alt,"hub_soup_alt:correct:['hint:Either the cup 2 cups or the ingredient Beans is the order 4th:APPLY_OR', 'hint:Either the cup 2 cups or the ingredient Beans is the order 4th:SIMPLE_OR_DIFF_CAT', 'hint:The ingredient Beans is 1 cups before the ingredient Carrots:BEFORE_N_SPOTS_NOINFO', 'hint:The ingredient Beans is 2 orders before the ingredient Carrots:BEFORE_N_SPOTS_NOINFO', 'hint:The ingredient Pasta is 2 cups before the ingredient Carrots:BEFORE_N_SPOTS_NOINFO', 'openings::TRANS_ABC_TRUE', 'transitives::OPENING']",correct,"['hint:Either the cup 2 cups or the ingredient Beans is the order 4th:APPLY_OR', 'hint:Either the cup 2 cups or the ingredient Beans is the order 4th:SIMPLE_OR_DIFF_CAT', 'hint:The ingredient Beans is 1 cups before the ingredient Carrots:BEFORE_N_SPOTS_NOINFO', 'hint:The ingredient Beans is 2 orders before the ingredient Carrots:BEFORE_N_SPOTS_NOINFO', 'hint:The ingredient Pasta is 2 cups before the ingredient Carrots:BEFORE_N_SPOTS_NOINFO', 'openings::TRANS_ABC_TRUE', 'transitives::OPENING']"
34201,hub_soup_alt,"hub_soup_alt:correct:['hint:Either the cup 2 cups or the ingredient Beans is the order 4th:APPLY_OR', 'hint:Either the cup 2 cups or the ingredient Beans is the order 4th:SIMPLE_OR_DIFF_CAT', 'hint:The ingredient Beans is 1 cups before the ingredient Carrots:BEFORE_N_SPOTS_NOINFO', 'hint:The ingredient Beans is 2 orders before the ingredient Carrots:BEFORE_N_SPOTS_NOINFO', 'hint:The ingredient Beans is 2 orders before the ingredient Carrots:OPENING', 'hint:The ingredient Pasta is 2 cups before the ingredient Carrots:BEFORE_N_SPOTS_NOINFO', 'openings::TRANS_ABC_TRUE']",correct,"['hint:Either the cup 2 cups or the ingredient Beans is the order 4th:APPLY_OR', 'hint:Either the cup 2 cups or the ingredient Beans is the order 4th:SIMPLE_OR_DIFF_CAT', 'hint:The ingredient Beans is 1 cups before the ingredient Carrots:BEFORE_N_SPOTS_NOINFO', 'hint:The ingredient Beans is 2 orders before the ingredient Carrots:BEFORE_N_SPOTS_NOINFO', 'hint:The ingredient Beans is 2 orders before the ingredient Carrots:OPENING', 'hint:The ingredient Pasta is 2 cups before the ingredient Carrots:BEFORE_N_SPOTS_NOINFO', 'openings::TRANS_ABC_TRUE']"
23155,hub_soup_alt,"hub_soup_alt:correct:['cross outs::OPENING', 'hint:Either the cup 2 cups or the ingredient Beans is the order 4th:APPLY_OR', 'hint:Either the cup 2 cups or the ingredient Beans is the order 4th:SIMPLE_OR_DIFF_CAT', 'hint:The ingredient Beans is 1 cups before the ingredient Carrots:BEFORE_N_SPOTS_NOINFO', 'hint:The ingredient Beans is 2 orders before the ingredient Carrots:BEFORE_N_SPOTS_NOINFO', 'hint:The ingredient Pasta is 2 cups before the ingredient Carrots:BEFORE_N_SPOTS_NOINFO', 'openings::TRANS_ABC_TRUE']",correct,"['cross outs::OPENING', 'hint:Either the cup 2 cups or the ingredient Beans is the order 4th:APPLY_OR', 'hint:Either the cup 2 cups or the ingredient Beans is the order 4th:SIMPLE_OR_DIFF_CAT', 'hint:The ingredient Beans is 1 cups before the ingredient Carrots:BEFORE_N_SPOTS_NOINFO', 'hint:The ingredient Beans is 2 orders before the ingredient Carrots:BEFORE_N_SPOTS_NOINFO', 'hint:The ingredient Pasta is 2 cups before the ingredient Carrots:BEFORE_N_SPOTS_NOINFO', 'openings::TRANS_ABC_TRUE']"
57905,help1.1,help1.1:start:['start'],start,['start']
41116,help1.1,help1.1:success:['success'],success,['success']
67780,help1.1,help1.1:failure:['failure'],failure,['failure']
60412,help1.1,help1.1:partial:['partial'],partial,['partial']
93419,help1.1,help1.1:correct:['hint:The shape Shell was not the sauce Tomato:APPLY_NOT'],correct,['hint:The shape Shell was not the sauce Tomato:APPLY_NOT']
61674,help1.1,"help1.1:correct:['hint:The sauce Alfredo is the shape Bowtie:APPLY_IS', 'hint:The shape Shell was not the sauce Tomato:APPLY_NOT']",correct,"['hint:The sauce Alfredo is the shape Bowtie:APPLY_IS', 'hint:The shape Shell was not the sauce Tomato:APPLY_NOT']"
44770,help1.1,"help1.1:correct:['cross outs::CROSS_OUT', 'hint:The sauce Alfredo is the shape Bowtie:APPLY_IS', 'hint:The shape Shell was not the sauce Tomato:APPLY_NOT']",correct,"['cross outs::CROSS_OUT', 'hint:The sauce Alfredo is the shape Bowtie:APPLY_IS', 'hint:The shape Shell was not the sauce Tomato:APPLY_NOT']"
35687,help1.1,"help1.1:correct:['hint:Either the shape Elbow is the sauce Carbonara or the shape Shell is the sauce Alfredo:APPLY_OR', 'hint:The sauce Alfredo is the shape Bowtie:APPLY_IS', 'hint:The shape Shell was not the sauce Tomato:APPLY_NOT']",correct,"['hint:Either the shape Elbow is the sauce Carbonara or the shape Shell is the sauce Alfredo:APPLY_OR', 'hint:The sauce Alfredo is the shape Bowtie:APPLY_IS', 'hint:The shape Shell was not the sauce Tomato:APPLY_NOT']"
10260,help1.1,"help1.1:correct:['cross outs::OPENING', 'hint:Either the shape Elbow is the sauce Carbonara or the shape Shell is the sauce Alfredo:APPLY_OR', 'hint:The sauce Alfredo is the shape Bowtie:APPLY_IS', 'hint:The shape Shell was not the sauce Tomato:APPLY_NOT']",correct,"['cross outs::OPENING', 'hint:Either the shape Elbow is the sauce Carbonara or the shape Shell is the sauce Alfredo:APPLY_OR', 'hint:The sauce Alfredo is the shape Bowtie:APPLY_IS', 'hint:The shape Shell was not the sauce Tomato:APPLY_NOT']"
67234,help1.2,help1.2:start:['start'],start,['start']
41155,help1.2,help1.2:success:['success'],success,['success']
34997,help1.2,help1.2:failure:['failure'],failure,['failure']
58962,help1.2,help1.2:partial:['partial'],partial,['partial']
32471,help1.2,help1.2:correct:['hint:The shape Linguine was not the sauce Carbonara:APPLY_NOT'],correct,['hint:The shape Linguine was not the sauce Carbonara:APPLY_NOT']
86556,help1.2,"help1.2:correct:['hint:The shape Bowtie is the sauce Alfredo:APPLY_IS', 'hint:The shape Linguine was not the sauce Carbonara:APPLY_NOT']",correct,"['hint:The shape Bowtie is the sauce Alfredo:APPLY_IS', 'hint:The shape Linguine was not the sauce Carbonara:APPLY_NOT']"
10263,help1.2,"help1.2:correct:['cross outs::CROSS_OUT', 'hint:The shape Bowtie is the sauce Alfredo:APPLY_IS', 'hint:The shape Linguine was not the sauce Carbonara:APPLY_NOT']",correct,"['cross outs::CROSS_OUT', 'hint:The shape Bowtie is the sauce Alfredo:APPLY_IS', 'hint:The shape Linguine was not the sauce Carbonara:APPLY_NOT']"
34133,help1.2,"help1.2:correct:['hint:Either the shape Elbow is the sauce Pesto or the shape Bowtie is the sauce Tomato:APPLY_OR', 'hint:The shape Bowtie is the sauce Alfredo:APPLY_IS', 'hint:The shape Linguine was not the sauce Carbonara:APPLY_NOT']",correct,"['hint:Either the shape Elbow is the sauce Pesto or the shape Bowtie is the sauce Tomato:APPLY_OR', 'hint:The shape Bowtie is the sauce Alfredo:APPLY_IS', 'hint:The shape Linguine was not the sauce Carbonara:APPLY_NOT']"
84494,help1.2,"help1.2:correct:['cross outs::CROSS_OUT', 'hint:Either the shape Elbow is the sauce Pesto or the shape Bowtie is the sauce Tomato:APPLY_OR', 'hint:The shape Bowtie is the sauce Alfredo:APPLY_IS', 'hint:The shape Linguine was not the sauce Carbonara:APPLY_NOT']",correct,"['cross outs::CROSS_OUT', 'hint:Either the shape Elbow is the sauce Pesto or the shape Bowtie is the sauce Tomato:APPLY_OR', 'hint:The shape Bowtie is the sauce Alfredo:APPLY_IS', 'hint:The shape Linguine was not the sauce Carbonara:APPLY_NOT']"
55167,help1.2,"help1.2:correct:['hint:Either the shape Elbow is the sauce Pesto or the shape Bowtie is the sauce Tomato:APPLY_OR', 'hint:The shape Bowtie is the sauce Alfredo:APPLY_IS', 'hint:The shape Linguine was not the sauce Carbonara:APPLY_NOT', 'transitives::OPENING']",correct,"['hint:Either the shape Elbow is the sauce Pesto or the shape Bowtie is the sauce Tomato:APPLY_OR', 'hint:The shape Bowtie is the sauce Alfredo:APPLY_IS', 'hint:The shape Linguine was not the sauce Carbonara:APPLY_NOT', 'transitives::OPENING']"
34670,help1.2,"help1.2:correct:['cross outs::OPENING', 'hint:Either the shape Elbow is the sauce Pesto or the shape Bowtie is the sauce Tomato:APPLY_OR', 'hint:The shape Bowtie is the sauce Alfredo:APPLY_IS', 'hint:The shape Linguine was not the sauce Carbonara:APPLY_NOT']",correct,"['cross outs::OPENING', 'hint:Either the shape Elbow is the sauce Pesto or the shape Bowtie is the sauce Tomato:APPLY_OR', 'hint:The shape Bowtie is the sauce Alfredo:APPLY_IS', 'hint:The shape Linguine was not the sauce Carbonara:APPLY_NOT']"
96285,help1.3,help1.3:start:['start'],start,['start']
36097,help1.3,help1.3:success:['success'],success,['success']
64858,help1.3,help1.3:failure:['failure'],failure,['failure']
74571,help1.3,help1.3:partial:['partial'],partial,['partial']
76694,help1.3,help1.3:correct:['hint:The sauce Alfredo is the shape Elbow:APPLY_IS'],correct,['hint:The sauce Alfredo is the shape Elbow:APPLY_IS']
84669,help1.3,"help1.3:correct:['hint:The sauce Alfredo is the shape Elbow:APPLY_IS', 'hint:The shape Shell was not the sauce Tomato:APPLY_NOT']",correct,"['hint:The sauce Alfredo is the shape Elbow:APPLY_IS', 'hint:The shape Shell was not the sauce Tomato:APPLY_NOT']"
89888,help1.3,"help1.3:correct:['cross outs::CROSS_OUT', 'hint:The sauce Alfredo is the shape Elbow:APPLY_IS', 'hint:The shape Shell was not the sauce Tomato:APPLY_NOT']",correct,"['cross outs::CROSS_OUT', 'hint:The sauce Alfredo is the shape Elbow:APPLY_IS', 'hint:The shape Shell was not the sauce Tomato:APPLY_NOT']"
32153,help1.3,"help1.3:correct:['hint:Either the shape Linguine or the shape Elbow is the sauce Carbonara:APPLY_OR', 'hint:The sauce Alfredo is the shape Elbow:APPLY_IS', 'hint:The shape Shell was not the sauce Tomato:APPLY_NOT']",correct,"['hint:Either the shape Linguine or the shape Elbow is the sauce Carbonara:APPLY_OR', 'hint:The sauce Alfredo is the shape Elbow:APPLY_IS', 'hint:The shape Shell was not the sauce Tomato:APPLY_NOT']"
26535,help1.3,"help1.3:correct:['cross outs::CROSS_OUT', 'hint:Either the shape Linguine or the shape Elbow is the sauce Carbonara:APPLY_OR', 'hint:The sauce Alfredo is the shape Elbow:APPLY_IS', 'hint:The shape Shell was not the sauce Tomato:APPLY_NOT']",correct,"['cross outs::CROSS_OUT', 'hint:Either the shape Linguine or the shape Elbow is the sauce Carbonara:APPLY_OR', 'hint:The sauce Alfredo is the shape Elbow:APPLY_IS', 'hint:The shape Shell was not the sauce Tomato:APPLY_NOT']"
15154,help1.3,"help1.3:correct:['hint:Either the shape Linguine or the shape Elbow is the sauce Carbonara:APPLY_OR', 'hint:The sauce Alfredo is the shape Elbow:APPLY_IS', 'hint:The shape Shell was not the sauce Tomato:APPLY_NOT', 'transitives::OPENING']",correct,"['hint:Either the shape Linguine or the shape Elbow is the sauce Carbonara:APPLY_OR', 'hint:The sauce Alfredo is the shape Elbow:APPLY_IS', 'hint:The shape Shell was not the sauce Tomato:APPLY_NOT', 'transitives::OPENING']"
53443,help1.3,"help1.3:correct:['cross outs::OPENING', 'hint:Either the shape Linguine or the shape Elbow is the sauce Carbonara:APPLY_OR', 'hint:The sauce Alfredo is the shape Elbow:APPLY_IS', 'hint:The shape Shell was not the sauce Tomato:APPLY_NOT']",correct,"['cross outs::OPENING', 'hint:Either the shape Linguine or the shape Elbow is the sauce Carbonara:APPLY_OR', 'hint:The sauce Alfredo is the shape Elbow:APPLY_IS', 'hint:The shape Shell was not the sauce Tomato:APPLY_NOT']"
67714,help2.1,help2.1:start:['start'],start,['start']
94882,help2.1,help2.1:success:['success'],success,['success']
71382,help2.1,help2.1:failure:['failure'],failure,['failure']
60904,help2.1,help2.1:partial:['partial'],partial,['partial']
27056,help2.1,help2.1:correct:['hint:Either the light Full Sun or the light Partial Shade is the plant Green Onions:SIMPLE_OR_SAME_CAT'],correct,['hint:Either the light Full Sun or the light Partial Shade is the plant Green Onions:SIMPLE_OR_SAME_CAT']
86368,help2.1,"help2.1:correct:['hint:Either the light Full Sun or the light Partial Shade is the plant Green Onions:SIMPLE_OR_SAME_CAT', 'hint:Either the plant Green Onions or the plant Eggplant is the light Partial Sun:APPLY_OR']",correct,"['hint:Either the light Full Sun or the light Partial Shade is the plant Green Onions:SIMPLE_OR_SAME_CAT', 'hint:Either the plant Green Onions or the plant Eggplant is the light Partial Sun:APPLY_OR']"
59621,help2.1,"help2.1:correct:['cross outs::CROSS_OUT', 'hint:Either the light Full Sun or the light Partial Shade is the plant Green Onions:SIMPLE_OR_SAME_CAT', 'hint:Either the plant Green Onions or the plant Eggplant is the light Partial Sun:APPLY_OR']",correct,"['cross outs::CROSS_OUT', 'hint:Either the light Full Sun or the light Partial Shade is the plant Green Onions:SIMPLE_OR_SAME_CAT', 'hint:Either the plant Green Onions or the plant Eggplant is the light Partial Sun:APPLY_OR']"
21088,help2.1,"help2.1:correct:['hint:Either the light Full Sun or the light Partial Shade is the plant Green Onions:SIMPLE_OR_SAME_CAT', 'hint:Either the plant Green Onions or the plant Eggplant is the light Partial Sun:APPLY_OR', 'hint:Either the plant Potatoes is the light Full Sun or the plant Eggplant is the light Full Shade:APPLY_OR']",correct,"['hint:Either the light Full Sun or the light Partial Shade is the plant Green Onions:SIMPLE_OR_SAME_CAT', 'hint:Either the plant Green Onions or the plant Eggplant is the light Partial Sun:APPLY_OR', 'hint:Either the plant Potatoes is the light Full Sun or the plant Eggplant is the light Full Shade:APPLY_OR']"
18985,help2.1,"help2.1:correct:['cross outs::CROSS_OUT', 'hint:Either the light Full Sun or the light Partial Shade is the plant Green Onions:SIMPLE_OR_SAME_CAT', 'hint:Either the plant Green Onions or the plant Eggplant is the light Partial Sun:APPLY_OR', 'hint:Either the plant Potatoes is the light Full Sun or the plant Eggplant is the light Full Shade:APPLY_OR']",correct,"['cross outs::CROSS_OUT', 'hint:Either the light Full Sun or the light Partial Shade is the plant Green Onions:SIMPLE_OR_SAME_CAT', 'hint:Either the plant Green Onions or the plant Eggplant is the light Partial Sun:APPLY_OR', 'hint:Either the plant Potatoes is the light Full Sun or the plant Eggplant is the light Full Shade:APPLY_OR']"
65418,help2.1,"help2.1:correct:['cross outs::OPENING', 'hint:Either the light Full Sun or the light Partial Shade is the plant Green Onions:SIMPLE_OR_SAME_CAT', 'hint:Either the plant Green Onions or the plant Eggplant is the light Partial Sun:APPLY_OR', 'hint:Either the plant Potatoes is the light Full Sun or the plant Eggplant is the light Full Shade:APPLY_OR']",correct,"['cross outs::OPENING', 'hint:Either the light Full Sun or the light Partial Shade is the plant Green Onions:SIMPLE_OR_SAME_CAT', 'hint:Either the plant Green Onions or the plant Eggplant is the light Partial Sun:APPLY_OR', 'hint:Either the plant Potatoes is the light Full Sun or the plant Eggplant is the light Full Shade:APPLY_OR']"
18420,help2.1,"help2.1:correct:['hint:Either the light Full Sun or the light Partial Shade is the plant Green Onions:SIMPLE_OR_SAME_CAT', 'hint:Either the plant Green Onions or the plant Eggplant is the light Partial Sun:APPLY_OR', 'hint:Either the plant Potatoes is the light Full Sun or the plant Eggplant is the light Full Shade:APPLY_OR', 'transitives::OPENING']",correct,"['hint:Either the light Full Sun or the light Partial Shade is the plant Green Onions:SIMPLE_OR_SAME_CAT', 'hint:Either the plant Green Onions or the plant Eggplant is the light Partial Sun:APPLY_OR', 'hint:Either the plant Potatoes is the light Full Sun or the plant Eggplant is the light Full Shade:APPLY_OR', 'transitives::OPENING']"
63642,help2.2,help2.2:start:['start'],start,['start']
62387,help2.2,help2.2:success:['success'],success,['success']
76459,help2.2,help2.2:failure:['failure'],failure,['failure']
51650,help2.2,help2.2:partial:['partial'],partial,['partial']
15947,help2.2,help2.2:correct:['hint:The plant Broccoli is the light Partial Shade:APPLY_IS'],correct,['hint:The plant Broccoli is the light Partial Shade:APPLY_IS']
13944,help2.2,"help2.2:correct:['cross outs::CROSS_OUT', 'hint:The plant Broccoli is the light Partial Shade:APPLY_IS']",correct,"['cross outs::CROSS_OUT', 'hint:The plant Broccoli is the light Partial Shade:APPLY_IS']"
20200,help2.2,"help2.2:correct:['hint:Either the light Full Shade or the light Partial Sun is the plant Potatoes:SIMPLE_OR_SAME_CAT', 'hint:The plant Broccoli is the light Partial Shade:APPLY_IS']",correct,"['hint:Either the light Full Shade or the light Partial Sun is the plant Potatoes:SIMPLE_OR_SAME_CAT', 'hint:The plant Broccoli is the light Partial Shade:APPLY_IS']"
89607,help2.2,"help2.2:correct:['hint:Either the light Full Shade is the plant Eggplant or the light Full Shade is the plant Broccoli:SIMPLE_OR_SAME_CAT', 'hint:Either the light Full Shade or the light Partial Sun is the plant Potatoes:SIMPLE_OR_SAME_CAT', 'hint:The plant Broccoli is the light Partial Shade:APPLY_IS']",correct,"['hint:Either the light Full Shade is the plant Eggplant or the light Full Shade is the plant Broccoli:SIMPLE_OR_SAME_CAT', 'hint:Either the light Full Shade or the light Partial Sun is the plant Potatoes:SIMPLE_OR_SAME_CAT', 'hint:The plant Broccoli is the light Partial Shade:APPLY_IS']"
66908,help2.2,"help2.2:correct:['hint:Either the light Full Shade is the plant Eggplant or the light Full Shade is the plant Broccoli:OPENING', 'hint:Either the light Full Shade is the plant Eggplant or the light Full Shade is the plant Broccoli:SIMPLE_OR_SAME_CAT', 'hint:Either the light Full Shade or the light Partial Sun is the plant Potatoes:SIMPLE_OR_SAME_CAT', 'hint:The plant Broccoli is the light Partial Shade:APPLY_IS']",correct,"['hint:Either the light Full Shade is the plant Eggplant or the light Full Shade is the plant Broccoli:OPENING', 'hint:Either the light Full Shade is the plant Eggplant or the light Full Shade is the plant Broccoli:SIMPLE_OR_SAME_CAT', 'hint:Either the light Full Shade or the light Partial Sun is the plant Potatoes:SIMPLE_OR_SAME_CAT', 'hint:The plant Broccoli is the light Partial Shade:APPLY_IS']"
76561,help2.2,"help2.2:correct:['cross outs::CROSS_OUT', 'hint:Either the light Full Shade is the plant Eggplant or the light Full Shade is the plant Broccoli:SIMPLE_OR_SAME_CAT', 'hint:Either the light Full Shade or the light Partial Sun is the plant Potatoes:SIMPLE_OR_SAME_CAT', 'hint:The plant Broccoli is the light Partial Shade:APPLY_IS']",correct,"['cross outs::CROSS_OUT', 'hint:Either the light Full Shade is the plant Eggplant or the light Full Shade is the plant Broccoli:SIMPLE_OR_SAME_CAT', 'hint:Either the light Full Shade or the light Partial Sun is the plant Potatoes:SIMPLE_OR_SAME_CAT', 'hint:The plant Broccoli is the light Partial Shade:APPLY_IS']"
58281,help2.2,"help2.2:correct:['hint:Either the light Full Shade is the plant Eggplant or the light Full Shade is the plant Broccoli:SIMPLE_OR_SAME_CAT', 'hint:Either the light Full Shade or the light Partial Sun is the plant Potatoes:SIMPLE_OR_SAME_CAT', 'hint:The plant Broccoli is the light Partial Shade:APPLY_IS', 'transitives::OPENING']",correct,"['hint:Either the light Full Shade is the plant Eggplant or the light Full Shade is the plant Broccoli:SIMPLE_OR_SAME_CAT', 'hint:Either the light Full Shade or the light Partial Sun is the plant Potatoes:SIMPLE_OR_SAME_CAT', 'hint:The plant Broccoli is the light Partial Shade:APPLY_IS', 'transitives::OPENING']"
66966,help2.2,"help2.2:correct:['cross outs::OPENING', 'hint:Either the light Full Shade is the plant Eggplant or the light Full Shade is the plant Broccoli:SIMPLE_OR_SAME_CAT', 'hint:Either the light Full Shade or the light Partial Sun is the plant Potatoes:SIMPLE_OR_SAME_CAT', 'hint:The plant Broccoli is the light Partial Shade:APPLY_IS']",correct,"['cross outs::OPENING', 'hint:Either the light Full Shade is the plant Eggplant or the light Full Shade is the plant Broccoli:SIMPLE_OR_SAME_CAT', 'hint:Either the light Full Shade or the light Partial Sun is the plant Potatoes:SIMPLE_OR_SAME_CAT', 'hint:The plant Broccoli is the light Partial Shade:APPLY_IS']"
58748,help2.3,help2.3:start:['start'],start,['start']
55164,help2.3,help2.3:success:['success'],success,['success']
93573,help2.3,help2.3:failure:['failure'],failure,['failure']
37151,help2.3,help2.3:partial:['partial'],partial,['partial']
57769,help2.3,help2.3:correct:['hint:The light Full Sun is the plant Broccoli:APPLY_IS'],correct,['hint:The light Full Sun is the plant Broccoli:APPLY_IS']
53660,help2.3,"help2.3:correct:['cross outs::CROSS_OUT', 'hint:The light Full Sun is the plant Broccoli:APPLY_IS']",correct,"['cross outs::CROSS_OUT', 'hint:The light Full Sun is the plant Broccoli:APPLY_IS']"
59054,help2.3,"help2.3:correct:['hint:Either the light Full Shade or the light Partial Sun is the plant Potatoes:SIMPLE_OR_SAME_CAT', 'hint:The light Full Sun is the plant Broccoli:APPLY_IS']",correct,"['hint:Either the light Full Shade or the light Partial Sun is the plant Potatoes:SIMPLE_OR_SAME_CAT', 'hint:The light Full Sun is the plant Broccoli:APPLY_IS']"
28125,help2.3,"help2.3:correct:['hint:Either the light Full Shade is the plant Eggplant or the light Full Shade is the plant Broccoli:OPENING', 'hint:Either the light Full Shade or the light Partial Sun is the plant Potatoes:SIMPLE_OR_SAME_CAT', 'hint:The light Full Sun is the plant Broccoli:APPLY_IS']",correct,"['hint:Either the light Full Shade is the plant Eggplant or the light Full Shade is the plant Broccoli:OPENING', 'hint:Either the light Full Shade or the light Partial Sun is the plant Potatoes:SIMPLE_OR_SAME_CAT', 'hint:The light Full Sun is the plant Broccoli:APPLY_IS']"
33232,help2.3,"help2.3:correct:['hint:Either the light Full Shade is the plant Eggplant or the light Full Shade is the plant Broccoli:SIMPLE_OR_SAME_CAT', 'hint:Either the light Full Shade or the light Partial Sun is the plant Potatoes:SIMPLE_OR_SAME_CAT', 'hint:The light Full Sun is the plant Broccoli:APPLY_IS']",correct,"['hint:Either the light Full Shade is the plant Eggplant or the light Full Shade is the plant Broccoli:SIMPLE_OR_SAME_CAT', 'hint:Either the light Full Shade or the light Partial Sun is the plant Potatoes:SIMPLE_OR_SAME_CAT', 'hint:The light Full Sun is the plant Broccoli:APPLY_IS']"
10717,help2.3,"help2.3:correct:['cross outs::OPENING', 'hint:Either the light Full Shade is the plant Eggplant or the light Full Shade is the plant Broccoli:SIMPLE_OR_SAME_CAT', 'hint:Either the light Full Shade or the light Partial Sun is the plant Potatoes:SIMPLE_OR_SAME_CAT', 'hint:The light Full Sun is the plant Broccoli:APPLY_IS']",correct,"['cross outs::OPENING', 'hint:Either the light Full Shade is the plant Eggplant or the light Full Shade is the plant Broccoli:SIMPLE_OR_SAME_CAT', 'hint:Either the light Full Shade or the light Partial Sun is the plant Potatoes:SIMPLE_OR_SAME_CAT', 'hint:The light Full Sun is the plant Broccoli:APPLY_IS']"
21158,help2.3,"help2.3:correct:['cross outs::CROSS_OUT', 'hint:Either the light Full Shade is the plant Eggplant or the light Full Shade is the plant Broccoli:SIMPLE_OR_SAME_CAT', 'hint:Either the light Full Shade or the light Partial Sun is the plant Potatoes:SIMPLE_OR_SAME_CAT', 'hint:The light Full Sun is the plant Broccoli:APPLY_IS']",correct,"['cross outs::CROSS_OUT', 'hint:Either the light Full Shade is the plant Eggplant or the light Full Shade is the plant Broccoli:SIMPLE_OR_SAME_CAT', 'hint:Either the light Full Shade or the light Partial Sun is the plant Potatoes:SIMPLE_OR_SAME_CAT', 'hint:The light Full Sun is the plant Broccoli:APPLY_IS']"
38837,help2.3,"help2.3:correct:['hint:Either the light Full Shade is the plant Eggplant or the light Full Shade is the plant Broccoli:SIMPLE_OR_SAME_CAT', 'hint:Either the light Full Shade or the light Partial Sun is the plant Potatoes:SIMPLE_OR_SAME_CAT', 'hint:The light Full Sun is the plant Broccoli:APPLY_IS', 'transitives::OPENING']",correct,"['hint:Either the light Full Shade is the plant Eggplant or the light Full Shade is the plant Broccoli:SIMPLE_OR_SAME_CAT', 'hint:Either the light Full Shade or the light Partial Sun is the plant Potatoes:SIMPLE_OR_SAME_CAT', 'hint:The light Full Sun is the plant Broccoli:APPLY_IS', 'transitives::OPENING']"
21807,hub2.1,hub2.1:start:['start'],start,['start']
93873,hub2.1,hub2.1:success:['success'],success,['success']
66469,hub2.1,hub2.1:failure:['failure'],failure,['failure']
26482,hub2.1,hub2.1:partial:['partial'],partial,['partial']
50100,hub2.1,hub2.1:correct:['hint:The method whole is the ingredient Mushrooms:APPLY_IS'],correct,['hint:The method whole is the ingredient Mushrooms:APPLY_IS']
68430,hub2.1,"hub2.1:correct:['cross outs::CROSS_OUT', 'hint:The method whole is the ingredient Mushrooms:APPLY_IS']",correct,"['cross outs::CROSS_OUT', 'hint:The method whole is the ingredient Mushrooms:APPLY_IS']"
68731,hub2.1,"hub2.1:correct:['hint:The method whole is the ingredient Mushrooms:APPLY_IS', 'unknown::None']",correct,"['hint:The method whole is the ingredient Mushrooms:APPLY_IS', 'unknown::None']"
19000,hub2.1,"hub2.1:incorrect:['hint:The method whole is the ingredient Mushrooms:APPLY_IS', 'unknown::None']",incorrect,"['hint:The method whole is the ingredient Mushrooms:APPLY_IS', 'unknown::None']"
53888,hub2.1,"hub2.1:correct:['hint:Either the ingredient Onions or the ingredient Potatoes is the order 2nd:SIMPLE_OR_SAME_CAT', 'hint:The method whole is the ingredient Mushrooms:APPLY_IS']",correct,"['hint:Either the ingredient Onions or the ingredient Potatoes is the order 2nd:SIMPLE_OR_SAME_CAT', 'hint:The method whole is the ingredient Mushrooms:APPLY_IS']"
59558,hub2.1,"hub2.1:correct:['hint:Either the ingredient Onions or the ingredient Potatoes is the order 2nd:SIMPLE_OR_SAME_CAT', 'hint:The method whole is 2 orders before the method mashed:BEFORE_N_SPOTS_NOINFO', 'hint:The method whole is the ingredient Mushrooms:APPLY_IS']",correct,"['hint:Either the ingredient Onions or the ingredient Potatoes is the order 2nd:SIMPLE_OR_SAME_CAT', 'hint:The method whole is 2 orders before the method mashed:BEFORE_N_SPOTS_NOINFO', 'hint:The method whole is the ingredient Mushrooms:APPLY_IS']"
20240,hub2.1,"hub2.1:correct:['hint:Either the ingredient Onions or the ingredient Potatoes is the order 2nd:SIMPLE_OR_SAME_CAT', 'hint:The ingredient Potatoes is 1 orders before the ingredient Onions:BEFORE_N_SPOTS_NOINFO', 'hint:The method whole is 2 orders before the method mashed:BEFORE_N_SPOTS_NOINFO', 'hint:The method whole is the ingredient Mushrooms:APPLY_IS']",correct,"['hint:Either the ingredient Onions or the ingredient Potatoes is the order 2nd:SIMPLE_OR_SAME_CAT', 'hint:The ingredient Potatoes is 1 orders before the ingredient Onions:BEFORE_N_SPOTS_NOINFO', 'hint:The method whole is 2 orders before the method mashed:BEFORE_N_SPOTS_NOINFO', 'hint:The method whole is the ingredient Mushrooms:APPLY_IS']"
26639,hub2.1,"hub2.1:correct:['hint:Either the ingredient Onions or the ingredient Potatoes is the order 2nd:SIMPLE_OR_SAME_CAT', 'hint:The ingredient Potatoes is 1 orders before the ingredient Onions:BEFORE_N_SPOTS_NOINFO', 'hint:The method whole is 2 orders before the method mashed:BEFORE_N_SPOTS_NOINFO', 'hint:The method whole is the ingredient Mushrooms:APPLY_IS', 'openings::TRANS_SETS']",correct,"['hint:Either the ingredient Onions or the ingredient Potatoes is the order 2nd:SIMPLE_OR_SAME_CAT', 'hint:The ingredient Potatoes is 1 orders before the ingredient Onions:BEFORE_N_SPOTS_NOINFO', 'hint:The method whole is 2 orders before the method mashed:BEFORE_N_SPOTS_NOINFO', 'hint:The method whole is the ingredient Mushrooms:APPLY_IS', 'openings::TRANS_SETS']"
20401,hub2.1,"hub2.1:correct:['hint:Either the ingredient Onions or the ingredient Potatoes is the order 2nd:SIMPLE_OR_SAME_CAT', 'hint:The ingredient Potatoes is 1 orders before the ingredient Onions:BEFORE_N_SPOTS_NOINFO', 'hint:The method whole is 2 orders before the method mashed:BEFORE_N_SPOTS_NOINFO', 'hint:The method whole is the ingredient Mushrooms:APPLY_IS', 'openings::TRANS_SETS', 'transitives::OPENING']",correct,"['hint:Either the ingredient Onions or the ingredient Potatoes is the order 2nd:SIMPLE_OR_SAME_CAT', 'hint:The ingredient Potatoes is 1 orders before the ingredient Onions:BEFORE_N_SPOTS_NOINFO', 'hint:The method whole is 2 orders before the method mashed:BEFORE_N_SPOTS_NOINFO', 'hint:The method whole is the ingredient Mushrooms:APPLY_IS', 'openings::TRANS_SETS', 'transitives::OPENING']"
95407,hub2.1,"hub2.1:correct:['cross outs::CROSS_OUT', 'hint:Either the ingredient Onions or the ingredient Potatoes is the order 2nd:SIMPLE_OR_SAME_CAT', 'hint:The ingredient Potatoes is 1 orders before the ingredient Onions:BEFORE_N_SPOTS_NOINFO', 'hint:The method whole is 2 orders before the method mashed:BEFORE_N_SPOTS_NOINFO', 'hint:The method whole is the ingredient Mushrooms:APPLY_IS', 'openings::TRANS_SETS']",correct,"['cross outs::CROSS_OUT', 'hint:Either the ingredient Onions or the ingredient Potatoes is the order 2nd:SIMPLE_OR_SAME_CAT', 'hint:The ingredient Potatoes is 1 orders before the ingredient Onions:BEFORE_N_SPOTS_NOINFO', 'hint:The method whole is 2 orders before the method mashed:BEFORE_N_SPOTS_NOINFO', 'hint:The method whole is the ingredient Mushrooms:APPLY_IS', 'openings::TRANS_SETS']"
84931,hub2.1,"hub2.1:correct:['hint:Either the ingredient Onions or the ingredient Potatoes is the order 2nd:SIMPLE_OR_SAME_CAT', 'hint:The ingredient Potatoes is 1 orders before the ingredient Onions:BEFORE_N_SPOTS_NOINFO', 'hint:The method whole is 2 orders before the method mashed:BEFORE_N_SPOTS_NOINFO', 'hint:The method whole is the ingredient Mushrooms:APPLY_IS', 'openings::TRANS_ABC_TRUE', 'openings::TRANS_SETS']",correct,"['hint:Either the ingredient Onions or the ingredient Potatoes is the order 2nd:SIMPLE_OR_SAME_CAT', 'hint:The ingredient Potatoes is 1 orders before the ingredient Onions:BEFORE_N_SPOTS_NOINFO', 'hint:The method whole is 2 orders before the method mashed:BEFORE_N_SPOTS_NOINFO', 'hint:The method whole is the ingredient Mushrooms:APPLY_IS', 'openings::TRANS_ABC_TRUE', 'openings::TRANS_SETS']"
69870,hub2.1,"hub2.1:correct:['cross outs::CROSS_OUT', 'hint:Either the ingredient Onions or the ingredient Potatoes is the order 2nd:SIMPLE_OR_SAME_CAT', 'hint:The ingredient Potatoes is 1 orders before the ingredient Onions:BEFORE_N_SPOTS_NOINFO', 'hint:The method whole is 2 orders before the method mashed:BEFORE_N_SPOTS_NOINFO', 'hint:The method whole is the ingredient Mushrooms:APPLY_IS', 'openings::TRANS_ABC_TRUE', 'openings::TRANS_SETS']",correct,"['cross outs::CROSS_OUT', 'hint:Either the ingredient Onions or the ingredient Potatoes is the order 2nd:SIMPLE_OR_SAME_CAT', 'hint:The ingredient Potatoes is 1 orders before the ingredient Onions:BEFORE_N_SPOTS_NOINFO', 'hint:The method whole is 2 orders before the method mashed:BEFORE_N_SPOTS_NOINFO', 'hint:The method whole is the ingredient Mushrooms:APPLY_IS', 'openings::TRANS_ABC_TRUE', 'openings::TRANS_SETS']"
49017,hub2.1,"hub2.1:correct:['hint:Either the ingredient Onions or the ingredient Potatoes is the order 2nd:SIMPLE_OR_SAME_CAT', 'hint:Either the order 1st is the method mashed or the method halved is the ingredient Carrots:APPLY_OR', 'hint:The ingredient Potatoes is 1 orders before the ingredient Onions:BEFORE_N_SPOTS_NOINFO', 'hint:The method whole is 2 orders before the method mashed:BEFORE_N_SPOTS_NOINFO', 'hint:The method whole is the ingredient Mushrooms:APPLY_IS', 'openings::TRANS_ABC_TRUE', 'openings::TRANS_SETS']",correct,"['hint:Either the ingredient Onions or the ingredient Potatoes is the order 2nd:SIMPLE_OR_SAME_CAT', 'hint:Either the order 1st is the method mashed or the method halved is the ingredient Carrots:APPLY_OR', 'hint:The ingredient Potatoes is 1 orders before the ingredient Onions:BEFORE_N_SPOTS_NOINFO', 'hint:The method whole is 2 orders before the method mashed:BEFORE_N_SPOTS_NOINFO', 'hint:The method whole is the ingredient Mushrooms:APPLY_IS', 'openings::TRANS_ABC_TRUE', 'openings::TRANS_SETS']"
58492,hub2.1,"hub2.1:correct:['cross outs::CROSS_OUT', 'hint:Either the ingredient Onions or the ingredient Potatoes is the order 2nd:SIMPLE_OR_SAME_CAT', 'hint:Either the order 1st is the method mashed or the method halved is the ingredient Carrots:APPLY_OR', 'hint:The ingredient Potatoes is 1 orders before the ingredient Onions:BEFORE_N_SPOTS_NOINFO', 'hint:The method whole is 2 orders before the method mashed:BEFORE_N_SPOTS_NOINFO', 'hint:The method whole is the ingredient Mushrooms:APPLY_IS', 'openings::TRANS_ABC_TRUE', 'openings::TRANS_SETS']",correct,"['cross outs::CROSS_OUT', 'hint:Either the ingredient Onions or the ingredient Potatoes is the order 2nd:SIMPLE_OR_SAME_CAT', 'hint:Either the order 1st is the method mashed or the method halved is the ingredient Carrots:APPLY_OR', 'hint:The ingredient Potatoes is 1 orders before the ingredient Onions:BEFORE_N_SPOTS_NOINFO', 'hint:The method whole is 2 orders before the method mashed:BEFORE_N_SPOTS_NOINFO', 'hint:The method whole is the ingredient Mushrooms:APPLY_IS', 'openings::TRANS_ABC_TRUE', 'openings::TRANS_SETS']"
58747,hub2.1,"hub2.1:correct:['hint:Either the ingredient Onions or the ingredient Potatoes is the order 2nd:SIMPLE_OR_SAME_CAT', 'hint:Either the order 1st is the method mashed or the method halved is the ingredient Carrots:APPLY_OR', 'hint:The ingredient Potatoes is 1 orders before the ingredient Onions:BEFORE_N_SPOTS_NOINFO', 'hint:The method whole is 2 orders before the method mashed:APPLY_BEFORE_N_SPOTS', 'hint:The method whole is 2 orders before the method mashed:BEFORE_N_SPOTS_NOINFO', 'hint:The method whole is the ingredient Mushrooms:APPLY_IS', 'openings::TRANS_ABC_TRUE', 'openings::TRANS_SETS']",correct,"['hint:Either the ingredient Onions or the ingredient Potatoes is the order 2nd:SIMPLE_OR_SAME_CAT', 'hint:Either the order 1st is the method mashed or the method halved is the ingredient Carrots:APPLY_OR', 'hint:The ingredient Potatoes is 1 orders before the ingredient Onions:BEFORE_N_SPOTS_NOINFO', 'hint:The method whole is 2 orders before the method mashed:APPLY_BEFORE_N_SPOTS', 'hint:The method whole is 2 orders before the method mashed:BEFORE_N_SPOTS_NOINFO', 'hint:The method whole is the ingredient Mushrooms:APPLY_IS', 'openings::TRANS_ABC_TRUE', 'openings::TRANS_SETS']"
93312,hub2.1,"hub2.1:correct:['cross outs::CROSS_OUT', 'hint:Either the ingredient Onions or the ingredient Potatoes is the order 2nd:SIMPLE_OR_SAME_CAT', 'hint:Either the order 1st is the method mashed or the method halved is the ingredient Carrots:APPLY_OR', 'hint:The ingredient Potatoes is 1 orders before the ingredient Onions:BEFORE_N_SPOTS_NOINFO', 'hint:The method whole is 2 orders before the method mashed:APPLY_BEFORE_N_SPOTS', 'hint:The method whole is 2 orders before the method mashed:BEFORE_N_SPOTS_NOINFO', 'hint:The method whole is the ingredient Mushrooms:APPLY_IS', 'openings::TRANS_ABC_TRUE', 'openings::TRANS_SETS']",correct,"['cross outs::CROSS_OUT', 'hint:Either the ingredient Onions or the ingredient Potatoes is the order 2nd:SIMPLE_OR_SAME_CAT', 'hint:Either the order 1st is the method mashed or the method halved is the ingredient Carrots:APPLY_OR', 'hint:The ingredient Potatoes is 1 orders before the ingredient Onions:BEFORE_N_SPOTS_NOINFO', 'hint:The method whole is 2 orders before the method mashed:APPLY_BEFORE_N_SPOTS', 'hint:The method whole is 2 orders before the method mashed:BEFORE_N_SPOTS_NOINFO', 'hint:The method whole is the ingredient Mushrooms:APPLY_IS', 'openings::TRANS_ABC_TRUE', 'openings::TRANS_SETS']"
12582,hub2.1,"hub2.1:correct:['hint:Either the ingredient Onions or the ingredient Potatoes is the order 2nd:SIMPLE_OR_SAME_CAT', 'hint:Either the order 1st is the method mashed or the method halved is the ingredient Carrots:APPLY_OR', 'hint:The ingredient Potatoes is 1 orders before the ingredient Onions:BEFORE_N_SPOTS_NOINFO', 'hint:The method whole is 2 orders before the method mashed:APPLY_BEFORE_N_SPOTS', 'hint:The method whole is 2 orders before the method mashed:BEFORE_N_SPOTS_NOINFO', 'hint:The method whole is the ingredient Mushrooms:APPLY_IS', 'openings::TRANS_ABC_TRUE', 'openings::TRANS_SETS', 'transitives::OPENING']",correct,"['hint:Either the ingredient Onions or the ingredient Potatoes is the order 2nd:SIMPLE_OR_SAME_CAT', 'hint:Either the order 1st is the method mashed or the method halved is the ingredient Carrots:APPLY_OR', 'hint:The ingredient Potatoes is 1 orders before the ingredient Onions:BEFORE_N_SPOTS_NOINFO', 'hint:The method whole is 2 orders before the method mashed:APPLY_BEFORE_N_SPOTS', 'hint:The method whole is 2 orders before the method mashed:BEFORE_N_SPOTS_NOINFO', 'hint:The method whole is the ingredient Mushrooms:APPLY_IS', 'openings::TRANS_ABC_TRUE', 'openings::TRANS_SETS', 'transitives::OPENING']"
64966,hub2.1,"hub2.1:correct:['hint:Either the ingredient Onions or the ingredient Potatoes is the order 2nd:SIMPLE_OR_SAME_CAT', 'hint:Either the order 1st is the method mashed or the method halved is the ingredient Carrots:APPLY_OR', 'hint:The ingredient Potatoes is 1 orders before the ingredient Onions:BEFORE_N_SPOTS_NOINFO', 'hint:The method whole is 2 orders before the method mashed:APPLY_BEFORE_N_SPOTS', 'hint:The method whole is 2 orders before the method mashed:BEFORE_N_SPOTS_NOINFO', 'hint:The method whole is the ingredient Mushrooms:APPLY_IS', 'openings::OPENING', 'openings::TRANS_ABC_TRUE', 'openings::TRANS_SETS']",correct,"['hint:Either the ingredient Onions or the ingredient Potatoes is the order 2nd:SIMPLE_OR_SAME_CAT', 'hint:Either the order 1st is the method mashed or the method halved is the ingredient Carrots:APPLY_OR', 'hint:The ingredient Potatoes is 1 orders before the ingredient Onions:BEFORE_N_SPOTS_NOINFO', 'hint:The method whole is 2 orders before the method mashed:APPLY_BEFORE_N_SPOTS', 'hint:The method whole is 2 orders before the method mashed:BEFORE_N_SPOTS_NOINFO', 'hint:The method whole is the ingredient Mushrooms:APPLY_IS', 'openings::OPENING', 'openings::TRANS_ABC_TRUE', 'openings::TRANS_SETS']"
17980,hub2.1,"hub2.1:correct:['hint:Either the ingredient Onions or the ingredient Potatoes is the order 2nd:SIMPLE_OR_SAME_CAT', 'hint:Either the order 1st is the method mashed or the method halved is the ingredient Carrots:APPLY_OR', 'hint:The ingredient Potatoes is 1 orders before the ingredient Onions:BEFORE_N_SPOTS_NOINFO', 'hint:The ingredient Potatoes is 1 orders before the ingredient Onions:OPENING', 'hint:The method whole is 2 orders before the method mashed:APPLY_BEFORE_N_SPOTS', 'hint:The method whole is 2 orders before the method mashed:BEFORE_N_SPOTS_NOINFO', 'hint:The method whole is the ingredient Mushrooms:APPLY_IS', 'openings::TRANS_ABC_TRUE', 'openings::TRANS_SETS']",correct,"['hint:Either the ingredient Onions or the ingredient Potatoes is the order 2nd:SIMPLE_OR_SAME_CAT', 'hint:Either the order 1st is the method mashed or the method halved is the ingredient Carrots:APPLY_OR', 'hint:The ingredient Potatoes is 1 orders before the ingredient Onions:BEFORE_N_SPOTS_NOINFO', 'hint:The ingredient Potatoes is 1 orders before the ingredient Onions:OPENING', 'hint:The method whole is 2 orders before the method mashed:APPLY_BEFORE_N_SPOTS', 'hint:The method whole is 2 orders before the method mashed:BEFORE_N_SPOTS_NOINFO', 'hint:The method whole is the ingredient Mushrooms:APPLY_IS', 'openings::TRANS_ABC_TRUE', 'openings::TRANS_SETS']"
21219,hub2.1,"hub2.1:correct:['cross outs::OPENING', 'hint:Either the ingredient Onions or the ingredient Potatoes is the order 2nd:SIMPLE_OR_SAME_CAT', 'hint:Either the order 1st is the method mashed or the method halved is the ingredient Carrots:APPLY_OR', 'hint:The ingredient Potatoes is 1 orders before the ingredient Onions:BEFORE_N_SPOTS_NOINFO', 'hint:The method whole is 2 orders before the method mashed:APPLY_BEFORE_N_SPOTS', 'hint:The method whole is 2 orders before the method mashed:BEFORE_N_SPOTS_NOINFO', 'hint:The method whole is the ingredient Mushrooms:APPLY_IS', 'openings::TRANS_ABC_TRUE', 'openings::TRANS_SETS']",correct,"['cross outs::OPENING', 'hint:Either the ingredient Onions or the ingredient Potatoes is the order 2nd:SIMPLE_OR_SAME_CAT', 'hint:Either the order 1st is the method mashed or the method halved is the ingredient Carrots:APPLY_OR', 'hint:The ingredient Potatoes is 1 orders before the ingredient Onions:BEFORE_N_SPOTS_NOINFO', 'hint:The method whole is 2 orders before the method mashed:APPLY_BEFORE_N_SPOTS', 'hint:The method whole is 2 orders before the method mashed:BEFORE_N_SPOTS_NOINFO', 'hint:The method whole is the ingredient Mushrooms:APPLY_IS', 'openings::TRANS_ABC_TRUE', 'openings::TRANS_SETS']"
24303,hub2.2,hub2.2:start:['start'],start,['start']
68873,hub2.2,hub2.2:success:['success'],success,['success']
37866,hub2.2,hub2.2:failure:['failure'],failure,['failure']
24589,hub2.2,hub2.2:partial:['partial'],partial,['partial']
63687,hub2.2,hub2.2:correct:['hint:The order 4th is the method halved:APPLY_IS'],correct,['hint:The order 4th is the method halved:APPLY_IS']
63143,hub2.2,"hub2.2:correct:['hint:The method mashed is the ingredient Carrots:APPLY_IS', 'hint:The order 4th is the method halved:APPLY_IS']",correct,"['hint:The method mashed is the ingredient Carrots:APPLY_IS', 'hint:The order 4th is the method halved:APPLY_IS']"
53262,hub2.2,"hub2.2:correct:['hint:The ingredient Onions is the order 4th:APPLY_IS', 'hint:The method mashed is the ingredient Carrots:APPLY_IS', 'hint:The order 4th is the method halved:APPLY_IS']",correct,"['hint:The ingredient Onions is the order 4th:APPLY_IS', 'hint:The method mashed is the ingredient Carrots:APPLY_IS', 'hint:The order 4th is the method halved:APPLY_IS']"
40599,hub2.2,"hub2.2:correct:['cross outs::CROSS_OUT', 'hint:The ingredient Onions is the order 4th:APPLY_IS', 'hint:The method mashed is the ingredient Carrots:APPLY_IS', 'hint:The order 4th is the method halved:APPLY_IS']",correct,"['cross outs::CROSS_OUT', 'hint:The ingredient Onions is the order 4th:APPLY_IS', 'hint:The method mashed is the ingredient Carrots:APPLY_IS', 'hint:The order 4th is the method halved:APPLY_IS']"
44971,hub2.2,"hub2.2:correct:['hint:The ingredient Onions is the order 4th:APPLY_IS', 'hint:The method chopped is 1 orders before the method mashed:BEFORE_N_SPOTS_SHIFT', 'hint:The method mashed is the ingredient Carrots:APPLY_IS', 'hint:The order 4th is the method halved:APPLY_IS']",correct,"['hint:The ingredient Onions is the order 4th:APPLY_IS', 'hint:The method chopped is 1 orders before the method mashed:BEFORE_N_SPOTS_SHIFT', 'hint:The method mashed is the ingredient Carrots:APPLY_IS', 'hint:The order 4th is the method halved:APPLY_IS']"
18524,hub2.2,"hub2.2:correct:['hint:The ingredient Onions is the order 4th:APPLY_IS', 'hint:The method chopped is 1 orders before the method mashed:BEFORE_NOINFO', 'hint:The method chopped is 1 orders before the method mashed:BEFORE_N_SPOTS_SHIFT', 'hint:The method mashed is the ingredient Carrots:APPLY_IS', 'hint:The order 4th is the method halved:APPLY_IS']",correct,"['hint:The ingredient Onions is the order 4th:APPLY_IS', 'hint:The method chopped is 1 orders before the method mashed:BEFORE_NOINFO', 'hint:The method chopped is 1 orders before the method mashed:BEFORE_N_SPOTS_SHIFT', 'hint:The method mashed is the ingredient Carrots:APPLY_IS', 'hint:The order 4th is the method halved:APPLY_IS']"
39828,hub2.2,"hub2.2:correct:['hint:The ingredient Carrots is 1 orders before the ingredient Mushrooms:BEFORE_N_SPOTS_SHIFT', 'hint:The ingredient Onions is the order 4th:APPLY_IS', 'hint:The method chopped is 1 orders before the method mashed:BEFORE_NOINFO', 'hint:The method chopped is 1 orders before the method mashed:BEFORE_N_SPOTS_SHIFT', 'hint:The method mashed is the ingredient Carrots:APPLY_IS', 'hint:The order 4th is the method halved:APPLY_IS']",correct,"['hint:The ingredient Carrots is 1 orders before the ingredient Mushrooms:BEFORE_N_SPOTS_SHIFT', 'hint:The ingredient Onions is the order 4th:APPLY_IS', 'hint:The method chopped is 1 orders before the method mashed:BEFORE_NOINFO', 'hint:The method chopped is 1 orders before the method mashed:BEFORE_N_SPOTS_SHIFT', 'hint:The method mashed is the ingredient Carrots:APPLY_IS', 'hint:The order 4th is the method halved:APPLY_IS']"
38203,hub2.2,"hub2.2:correct:['hint:The ingredient Carrots is 1 orders before the ingredient Mushrooms:BEFORE_NOINFO', 'hint:The ingredient Carrots is 1 orders before the ingredient Mushrooms:BEFORE_N_SPOTS_SHIFT', 'hint:The ingredient Onions is the order 4th:APPLY_IS', 'hint:The method chopped is 1 orders before the method mashed:BEFORE_NOINFO', 'hint:The method chopped is 1 orders before the method mashed:BEFORE_N_SPOTS_SHIFT', 'hint:The method mashed is the ingredient Carrots:APPLY_IS', 'hint:The order 4th is the method halved:APPLY_IS']",correct,"['hint:The ingredient Carrots is 1 orders before the ingredient Mushrooms:BEFORE_NOINFO', 'hint:The ingredient Carrots is 1 orders before the ingredient Mushrooms:BEFORE_N_SPOTS_SHIFT', 'hint:The ingredient Onions is the order 4th:APPLY_IS', 'hint:The method chopped is 1 orders before the method mashed:BEFORE_NOINFO', 'hint:The method chopped is 1 orders before the method mashed:BEFORE_N_SPOTS_SHIFT', 'hint:The method mashed is the ingredient Carrots:APPLY_IS', 'hint:The order 4th is the method halved:APPLY_IS']"
64798,hub2.2,"hub2.2:correct:['hint:The ingredient Carrots is 1 orders before the ingredient Mushrooms:BEFORE_NOINFO', 'hint:The ingredient Carrots is 1 orders before the ingredient Mushrooms:BEFORE_N_SPOTS_SHIFT', 'hint:The ingredient Onions is the order 4th:APPLY_IS', 'hint:The method chopped is 1 orders before the method mashed:BEFORE_NOINFO', 'hint:The method chopped is 1 orders before the method mashed:BEFORE_N_SPOTS_SHIFT', 'hint:The method mashed is the ingredient Carrots:APPLY_IS', 'hint:The order 4th is the method halved:APPLY_IS', 'openings::TRANS_ABC_TRUE']",correct,"['hint:The ingredient Carrots is 1 orders before the ingredient Mushrooms:BEFORE_NOINFO', 'hint:The ingredient Carrots is 1 orders before the ingredient Mushrooms:BEFORE_N_SPOTS_SHIFT', 'hint:The ingredient Onions is the order 4th:APPLY_IS', 'hint:The method chopped is 1 orders before the method mashed:BEFORE_NOINFO', 'hint:The method chopped is 1 orders before the method mashed:BEFORE_N_SPOTS_SHIFT', 'hint:The method mashed is the ingredient Carrots:APPLY_IS', 'hint:The order 4th is the method halved:APPLY_IS', 'openings::TRANS_ABC_TRUE']"
32142,hub2.2,"hub2.2:correct:['cross outs::CROSS_OUT', 'hint:The ingredient Carrots is 1 orders before the ingredient Mushrooms:BEFORE_NOINFO', 'hint:The ingredient Carrots is 1 orders before the ingredient Mushrooms:BEFORE_N_SPOTS_SHIFT', 'hint:The ingredient Onions is the order 4th:APPLY_IS', 'hint:The method chopped is 1 orders before the method mashed:BEFORE_NOINFO', 'hint:The method chopped is 1 orders before the method mashed:BEFORE_N_SPOTS_SHIFT', 'hint:The method mashed is the ingredient Carrots:APPLY_IS', 'hint:The order 4th is the method halved:APPLY_IS', 'openings::TRANS_ABC_TRUE']",correct,"['cross outs::CROSS_OUT', 'hint:The ingredient Carrots is 1 orders before the ingredient Mushrooms:BEFORE_NOINFO', 'hint:The ingredient Carrots is 1 orders before the ingredient Mushrooms:BEFORE_N_SPOTS_SHIFT', 'hint:The ingredient Onions is the order 4th:APPLY_IS', 'hint:The method chopped is 1 orders before the method mashed:BEFORE_NOINFO', 'hint:The method chopped is 1 orders before the method mashed:BEFORE_N_SPOTS_SHIFT', 'hint:The method mashed is the ingredient Carrots:APPLY_IS', 'hint:The order 4th is the method halved:APPLY_IS', 'openings::TRANS_ABC_TRUE']"
40526,hub2.2,"hub2.2:correct:['hint:The ingredient Carrots is 1 orders before the ingredient Mushrooms:BEFORE_NOINFO', 'hint:The ingredient Carrots is 1 orders before the ingredient Mushrooms:BEFORE_N_SPOTS_SHIFT', 'hint:The ingredient Onions is the order 4th:APPLY_IS', 'hint:The method chopped is 1 orders before the method mashed:BEFORE_NOINFO', 'hint:The method chopped is 1 orders before the method mashed:BEFORE_N_SPOTS_SHIFT', 'hint:The method mashed is the ingredient Carrots:APPLY_IS', 'hint:The order 4th is the method halved:APPLY_IS', 'openings::TRANS_ABC_TRUE', 'openings::TRANS_SETS']",correct,"['hint:The ingredient Carrots is 1 orders before the ingredient Mushrooms:BEFORE_NOINFO', 'hint:The ingredient Carrots is 1 orders before the ingredient Mushrooms:BEFORE_N_SPOTS_SHIFT', 'hint:The ingredient Onions is the order 4th:APPLY_IS', 'hint:The method chopped is 1 orders before the method mashed:BEFORE_NOINFO', 'hint:The method chopped is 1 orders before the method mashed:BEFORE_N_SPOTS_SHIFT', 'hint:The method mashed is the ingredient Carrots:APPLY_IS', 'hint:The order 4th is the method halved:APPLY_IS', 'openings::TRANS_ABC_TRUE', 'openings::TRANS_SETS']"
74425,hub2.2,"hub2.2:correct:['hint:The ingredient Carrots is 1 orders before the ingredient Mushrooms:BEFORE_NOINFO', 'hint:The ingredient Carrots is 1 orders before the ingredient Mushrooms:BEFORE_N_SPOTS_SHIFT', 'hint:The ingredient Onions is the order 4th:APPLY_IS', 'hint:The method chopped is 1 orders before the method mashed:BEFORE_NOINFO', 'hint:The method chopped is 1 orders before the method mashed:BEFORE_N_SPOTS_SHIFT', 'hint:The method mashed is the ingredient Carrots:APPLY_IS', 'hint:The order 4th is the method halved:APPLY_IS', 'openings::TRANS_ABC_TRUE', 'openings::TRANS_SETS', 'transitives::OPENING']",correct,"['hint:The ingredient Carrots is 1 orders before the ingredient Mushrooms:BEFORE_NOINFO', 'hint:The ingredient Carrots is 1 orders before the ingredient Mushrooms:BEFORE_N_SPOTS_SHIFT', 'hint:The ingredient Onions is the order 4th:APPLY_IS', 'hint:The method chopped is 1 orders before the method mashed:BEFORE_NOINFO', 'hint:The method chopped is 1 orders before the method mashed:BEFORE_N_SPOTS_SHIFT', 'hint:The method mashed is the ingredient Carrots:APPLY_IS', 'hint:The order 4th is the method halved:APPLY_IS', 'openings::TRANS_ABC_TRUE', 'openings::TRANS_SETS', 'transitives::OPENING']"
36598,hub2.2,"hub2.2:correct:['cross outs::CROSS_OUT', 'hint:The ingredient Carrots is 1 orders before the ingredient Mushrooms:BEFORE_NOINFO', 'hint:The ingredient Carrots is 1 orders before the ingredient Mushrooms:BEFORE_N_SPOTS_SHIFT', 'hint:The ingredient Onions is the order 4th:APPLY_IS', 'hint:The method chopped is 1 orders before the method mashed:BEFORE_NOINFO', 'hint:The method chopped is 1 orders before the method mashed:BEFORE_N_SPOTS_SHIFT', 'hint:The method mashed is the ingredient Carrots:APPLY_IS', 'hint:The order 4th is the method halved:APPLY_IS', 'openings::TRANS_ABC_TRUE', 'openings::TRANS_SETS']",correct,"['cross outs::CROSS_OUT', 'hint:The ingredient Carrots is 1 orders before the ingredient Mushrooms:BEFORE_NOINFO', 'hint:The ingredient Carrots is 1 orders before the ingredient Mushrooms:BEFORE_N_SPOTS_SHIFT', 'hint:The ingredient Onions is the order 4th:APPLY_IS', 'hint:The method chopped is 1 orders before the method mashed:BEFORE_NOINFO', 'hint:The method chopped is 1 orders before the method mashed:BEFORE_N_SPOTS_SHIFT', 'hint:The method mashed is the ingredient Carrots:APPLY_IS', 'hint:The order 4th is the method halved:APPLY_IS', 'openings::TRANS_ABC_TRUE', 'openings::TRANS_SETS']"
39063,hub2.3,hub2.3:start:['start'],start,['start']
27213,hub2.3,hub2.3:success:['success'],success,['success']
62880,hub2.3,hub2.3:failure:['failure'],failure,['failure']
54635,hub2.3,hub2.3:partial:['partial'],partial,['partial']
61958,hub2.3,hub2.3:correct:['hint:The method mashed is the order 2nd:APPLY_IS'],correct,['hint:The method mashed is the order 2nd:APPLY_IS']
15176,hub2.3,"hub2.3:correct:['hint:The method chopped is the ingredient Carrots:APPLY_IS', 'hint:The method mashed is the order 2nd:APPLY_IS']",correct,"['hint:The method chopped is the ingredient Carrots:APPLY_IS', 'hint:The method mashed is the order 2nd:APPLY_IS']"
76345,hub2.3,"hub2.3:correct:['hint:The method chopped is the ingredient Carrots:APPLY_IS', 'hint:The method mashed is the order 2nd:APPLY_IS', 'hint:The method whole is the order 1st:APPLY_IS']",correct,"['hint:The method chopped is the ingredient Carrots:APPLY_IS', 'hint:The method mashed is the order 2nd:APPLY_IS', 'hint:The method whole is the order 1st:APPLY_IS']"
67485,hub2.3,"hub2.3:correct:['cross outs::CROSS_OUT', 'hint:The method chopped is the ingredient Carrots:APPLY_IS', 'hint:The method mashed is the order 2nd:APPLY_IS', 'hint:The method whole is the order 1st:APPLY_IS']",correct,"['cross outs::CROSS_OUT', 'hint:The method chopped is the ingredient Carrots:APPLY_IS', 'hint:The method mashed is the order 2nd:APPLY_IS', 'hint:The method whole is the order 1st:APPLY_IS']"
47403,hub2.3,"hub2.3:correct:['hint:The method chopped is the ingredient Carrots:APPLY_IS', 'hint:The method mashed is the order 2nd:APPLY_IS', 'hint:The method whole is 1 orders before the ingredient Mushrooms:BEFORE_DIFF_CAT', 'hint:The method whole is the order 1st:APPLY_IS']",correct,"['hint:The method chopped is the ingredient Carrots:APPLY_IS', 'hint:The method mashed is the order 2nd:APPLY_IS', 'hint:The method whole is 1 orders before the ingredient Mushrooms:BEFORE_DIFF_CAT', 'hint:The method whole is the order 1st:APPLY_IS']"
65085,hub2.3,"hub2.3:correct:['hint:The method chopped is the ingredient Carrots:APPLY_IS', 'hint:The method mashed is the order 2nd:APPLY_IS', 'hint:The method whole is 1 orders before the ingredient Mushrooms:APPLY_BEFORE_ONE_SPOT', 'hint:The method whole is 1 orders before the ingredient Mushrooms:BEFORE_DIFF_CAT', 'hint:The method whole is the order 1st:APPLY_IS']",correct,"['hint:The method chopped is the ingredient Carrots:APPLY_IS', 'hint:The method mashed is the order 2nd:APPLY_IS', 'hint:The method whole is 1 orders before the ingredient Mushrooms:APPLY_BEFORE_ONE_SPOT', 'hint:The method whole is 1 orders before the ingredient Mushrooms:BEFORE_DIFF_CAT', 'hint:The method whole is the order 1st:APPLY_IS']"
35502,hub2.3,"hub2.3:correct:['cross outs::CROSS_OUT', 'hint:The method chopped is the ingredient Carrots:APPLY_IS', 'hint:The method mashed is the order 2nd:APPLY_IS', 'hint:The method whole is 1 orders before the ingredient Mushrooms:APPLY_BEFORE_ONE_SPOT', 'hint:The method whole is 1 orders before the ingredient Mushrooms:BEFORE_DIFF_CAT', 'hint:The method whole is the order 1st:APPLY_IS']",correct,"['cross outs::CROSS_OUT', 'hint:The method chopped is the ingredient Carrots:APPLY_IS', 'hint:The method mashed is the order 2nd:APPLY_IS', 'hint:The method whole is 1 orders before the ingredient Mushrooms:APPLY_BEFORE_ONE_SPOT', 'hint:The method whole is 1 orders before the ingredient Mushrooms:BEFORE_DIFF_CAT', 'hint:The method whole is the order 1st:APPLY_IS']"
53873,hub2.3,"hub2.3:correct:['hint:The method chopped is the ingredient Carrots:APPLY_IS', 'hint:The method mashed is the order 2nd:APPLY_IS', 'hint:The method whole is 1 orders before the ingredient Mushrooms:APPLY_BEFORE_ONE_SPOT', 'hint:The method whole is 1 orders before the ingredient Mushrooms:BEFORE_DIFF_CAT', 'hint:The method whole is the order 1st:APPLY_IS', 'openings::OPENING']",correct,"['hint:The method chopped is the ingredient Carrots:APPLY_IS', 'hint:The method mashed is the order 2nd:APPLY_IS', 'hint:The method whole is 1 orders before the ingredient Mushrooms:APPLY_BEFORE_ONE_SPOT', 'hint:The method whole is 1 orders before the ingredient Mushrooms:BEFORE_DIFF_CAT', 'hint:The method whole is the order 1st:APPLY_IS', 'openings::OPENING']"
14314,hub2.3,"hub2.3:correct:['hint:The ingredient Mushrooms is 1 orders before the ingredient Potatoes:APPLY_BEFORE_ONE_SPOT', 'hint:The method chopped is the ingredient Carrots:APPLY_IS', 'hint:The method mashed is the order 2nd:APPLY_IS', 'hint:The method whole is 1 orders before the ingredient Mushrooms:APPLY_BEFORE_ONE_SPOT', 'hint:The method whole is 1 orders before the ingredient Mushrooms:BEFORE_DIFF_CAT', 'hint:The method whole is the order 1st:APPLY_IS']",correct,"['hint:The ingredient Mushrooms is 1 orders before the ingredient Potatoes:APPLY_BEFORE_ONE_SPOT', 'hint:The method chopped is the ingredient Carrots:APPLY_IS', 'hint:The method mashed is the order 2nd:APPLY_IS', 'hint:The method whole is 1 orders before the ingredient Mushrooms:APPLY_BEFORE_ONE_SPOT', 'hint:The method whole is 1 orders before the ingredient Mushrooms:BEFORE_DIFF_CAT', 'hint:The method whole is the order 1st:APPLY_IS']"
11645,hub2.3,"hub2.3:correct:['cross outs::CROSS_OUT', 'hint:The ingredient Mushrooms is 1 orders before the ingredient Potatoes:APPLY_BEFORE_ONE_SPOT', 'hint:The method chopped is the ingredient Carrots:APPLY_IS', 'hint:The method mashed is the order 2nd:APPLY_IS', 'hint:The method whole is 1 orders before the ingredient Mushrooms:APPLY_BEFORE_ONE_SPOT', 'hint:The method whole is 1 orders before the ingredient Mushrooms:BEFORE_DIFF_CAT', 'hint:The method whole is the order 1st:APPLY_IS']",correct,"['cross outs::CROSS_OUT', 'hint:The ingredient Mushrooms is 1 orders before the ingredient Potatoes:APPLY_BEFORE_ONE_SPOT', 'hint:The method chopped is the ingredient Carrots:APPLY_IS', 'hint:The method mashed is the order 2nd:APPLY_IS', 'hint:The method whole is 1 orders before the ingredient Mushrooms:APPLY_BEFORE_ONE_SPOT', 'hint:The method whole is 1 orders before the ingredient Mushrooms:BEFORE_DIFF_CAT', 'hint:The method whole is the order 1st:APPLY_IS']"
77051,hub2.3,"hub2.3:correct:['hint:The ingredient Mushrooms is 1 orders before the ingredient Potatoes:APPLY_BEFORE_ONE_SPOT', 'hint:The method chopped is the ingredient Carrots:APPLY_IS', 'hint:The method mashed is the order 2nd:APPLY_IS', 'hint:The method whole is 1 orders before the ingredient Mushrooms:APPLY_BEFORE_ONE_SPOT', 'hint:The method whole is 1 orders before the ingredient Mushrooms:BEFORE_DIFF_CAT', 'hint:The method whole is the order 1st:APPLY_IS', 'openings::OPENING']",correct,"['hint:The ingredient Mushrooms is 1 orders before the ingredient Potatoes:APPLY_BEFORE_ONE_SPOT', 'hint:The method chopped is the ingredient Carrots:APPLY_IS', 'hint:The method mashed is the order 2nd:APPLY_IS', 'hint:The method whole is 1 orders before the ingredient Mushrooms:APPLY_BEFORE_ONE_SPOT', 'hint:The method whole is 1 orders before the ingredient Mushrooms:BEFORE_DIFF_CAT', 'hint:The method whole is the order 1st:APPLY_IS', 'openings::OPENING']"
96312,hub2.3,"hub2.3:correct:['hint:The ingredient Mushrooms is 1 orders before the ingredient Potatoes:APPLY_BEFORE_ONE_SPOT', 'hint:The method chopped is the ingredient Carrots:APPLY_IS', 'hint:The method mashed is the order 2nd:APPLY_IS', 'hint:The method whole is 1 orders before the ingredient Mushrooms:APPLY_BEFORE_ONE_SPOT', 'hint:The method whole is 1 orders before the ingredient Mushrooms:BEFORE_DIFF_CAT', 'hint:The method whole is the order 1st:APPLY_IS', 'transitives::OPENING']",correct,"['hint:The ingredient Mushrooms is 1 orders before the ingredient Potatoes:APPLY_BEFORE_ONE_SPOT', 'hint:The method chopped is the ingredient Carrots:APPLY_IS', 'hint:The method mashed is the order 2nd:APPLY_IS', 'hint:The method whole is 1 orders before the ingredient Mushrooms:APPLY_BEFORE_ONE_SPOT', 'hint:The method whole is 1 orders before the ingredient Mushrooms:BEFORE_DIFF_CAT', 'hint:The method whole is the order 1st:APPLY_IS', 'transitives::OPENING']"
56081,hub2.3,"hub2.3:correct:['cross outs::OPENING', 'hint:The ingredient Mushrooms is 1 orders before the ingredient Potatoes:APPLY_BEFORE_ONE_SPOT', 'hint:The method chopped is the ingredient Carrots:APPLY_IS', 'hint:The method mashed is the order 2nd:APPLY_IS', 'hint:The method whole is 1 orders before the ingredient Mushrooms:APPLY_BEFORE_ONE_SPOT', 'hint:The method whole is 1 orders before the ingredient Mushrooms:BEFORE_DIFF_CAT', 'hint:The method whole is the order 1st:APPLY_IS']",correct,"['cross outs::OPENING', 'hint:The ingredient Mushrooms is 1 orders before the ingredient Potatoes:APPLY_BEFORE_ONE_SPOT', 'hint:The method chopped is the ingredient Carrots:APPLY_IS', 'hint:The method mashed is the order 2nd:APPLY_IS', 'hint:The method whole is 1 orders before the ingredient Mushrooms:APPLY_BEFORE_ONE_SPOT', 'hint:The method whole is 1 orders before the ingredient Mushrooms:BEFORE_DIFF_CAT', 'hint:The method whole is the order 1st:APPLY_IS']"
40887,spoke1.1,spoke1.1:start:['start'],start,['start']
70600,spoke1.1,spoke1.1:success:['success'],success,['success']
76659,spoke1.1,spoke1.1:failure:['failure'],failure,['failure']
48241,spoke1.1,spoke1.1:partial:['partial'],partial,['partial']
34059,spoke1.1,spoke1.1:correct:['hint:The shapes Bowtie is the order 1:APPLY_IS'],correct,['hint:The shapes Bowtie is the order 1:APPLY_IS']
55117,spoke1.1,"spoke1.1:correct:['hint:Either the shapes Bowtie or the shapes Linguine is the order 2:APPLY_OR', 'hint:The shapes Bowtie is the order 1:APPLY_IS']",correct,"['hint:Either the shapes Bowtie or the shapes Linguine is the order 2:APPLY_OR', 'hint:The shapes Bowtie is the order 1:APPLY_IS']"
82119,spoke1.1,"spoke1.1:correct:['hint:Either the shapes Bowtie or the shapes Linguine is the order 2:APPLY_OR', 'hint:The shapes Bowtie is 2 orders before the shapes Shell:APPLY_BEFORE_N_SPOTS', 'hint:The shapes Bowtie is the order 1:APPLY_IS']",correct,"['hint:Either the shapes Bowtie or the shapes Linguine is the order 2:APPLY_OR', 'hint:The shapes Bowtie is 2 orders before the shapes Shell:APPLY_BEFORE_N_SPOTS', 'hint:The shapes Bowtie is the order 1:APPLY_IS']"
86341,spoke1.1,"spoke1.1:correct:['hint:Either the shapes Bowtie or the shapes Linguine is the order 2:APPLY_OR', 'hint:The shapes Bowtie is 2 orders before the shapes Shell:APPLY_BEFORE_N_SPOTS', 'hint:The shapes Bowtie is the order 1:APPLY_IS', 'transitives::OPENING']",correct,"['hint:Either the shapes Bowtie or the shapes Linguine is the order 2:APPLY_OR', 'hint:The shapes Bowtie is 2 orders before the shapes Shell:APPLY_BEFORE_N_SPOTS', 'hint:The shapes Bowtie is the order 1:APPLY_IS', 'transitives::OPENING']"
91097,spoke1.2,spoke1.2:start:['start'],start,['start']
24353,spoke1.2,spoke1.2:success:['success'],success,['success']
74826,spoke1.2,spoke1.2:failure:['failure'],failure,['failure']
35321,spoke1.2,spoke1.2:partial:['partial'],partial,['partial']
28730,spoke1.2,spoke1.2:correct:['hint:The shapes Shell is the order 1:APPLY_IS'],correct,['hint:The shapes Shell is the order 1:APPLY_IS']
22003,spoke1.2,"spoke1.2:correct:['hint:The shapes Shell is 2 orders before the shapes Elbow:APPLY_BEFORE_N_SPOTS', 'hint:The shapes Shell is the order 1:APPLY_IS']",correct,"['hint:The shapes Shell is 2 orders before the shapes Elbow:APPLY_BEFORE_N_SPOTS', 'hint:The shapes Shell is the order 1:APPLY_IS']"
78622,spoke1.2,"spoke1.2:correct:['hint:Either the shapes Elbow is the order 3 or the shapes Linguine is the order 2:APPLY_OR', 'hint:The shapes Shell is 2 orders before the shapes Elbow:APPLY_BEFORE_N_SPOTS', 'hint:The shapes Shell is the order 1:APPLY_IS']",correct,"['hint:Either the shapes Elbow is the order 3 or the shapes Linguine is the order 2:APPLY_OR', 'hint:The shapes Shell is 2 orders before the shapes Elbow:APPLY_BEFORE_N_SPOTS', 'hint:The shapes Shell is the order 1:APPLY_IS']"
53347,spoke1.2,"spoke1.2:correct:['hint:Either the shapes Elbow is the order 3 or the shapes Linguine is the order 2:APPLY_OR', 'hint:The shapes Shell is 2 orders before the shapes Elbow:APPLY_BEFORE_N_SPOTS', 'hint:The shapes Shell is the order 1:APPLY_IS', 'transitives::OPENING']",correct,"['hint:Either the shapes Elbow is the order 3 or the shapes Linguine is the order 2:APPLY_OR', 'hint:The shapes Shell is 2 orders before the shapes Elbow:APPLY_BEFORE_N_SPOTS', 'hint:The shapes Shell is the order 1:APPLY_IS', 'transitives::OPENING']"
29988,spoke1.3,spoke1.3:start:['start'],start,['start']
18628,spoke1.3,spoke1.3:success:['success'],success,['success']
85069,spoke1.3,spoke1.3:failure:['failure'],failure,['failure']
64433,spoke1.3,spoke1.3:partial:['partial'],partial,['partial']
32565,spoke1.3,spoke1.3:correct:['hint:The order 2 is the shapes Shell:APPLY_IS'],correct,['hint:The order 2 is the shapes Shell:APPLY_IS']
83268,spoke1.3,"spoke1.3:correct:['hint:Either the shapes Elbow is the order 2 or the order 1 is the shapes Linguine:APPLY_OR', 'hint:The order 2 is the shapes Shell:APPLY_IS']",correct,"['hint:Either the shapes Elbow is the order 2 or the order 1 is the shapes Linguine:APPLY_OR', 'hint:The order 2 is the shapes Shell:APPLY_IS']"
91933,spoke1.3,"spoke1.3:correct:['hint:Either the shapes Elbow is the order 2 or the order 1 is the shapes Linguine:APPLY_OR', 'hint:The order 2 is the shapes Shell:APPLY_IS', 'hint:The shapes Shell is 2 orders before the shapes Bowtie:OPENING']",correct,"['hint:Either the shapes Elbow is the order 2 or the order 1 is the shapes Linguine:APPLY_OR', 'hint:The order 2 is the shapes Shell:APPLY_IS', 'hint:The shapes Shell is 2 orders before the shapes Bowtie:OPENING']"
24677,spoke1.3,"spoke1.3:correct:['hint:Either the shapes Elbow is the order 2 or the order 1 is the shapes Linguine:APPLY_OR', 'hint:The order 2 is the shapes Shell:APPLY_IS', 'transitives::OPENING']",correct,"['hint:Either the shapes Elbow is the order 2 or the order 1 is the shapes Linguine:APPLY_OR', 'hint:The order 2 is the shapes Shell:APPLY_IS', 'transitives::OPENING']"
35530,spoke2.1,spoke2.1:start:['start'],start,['start']
43787,spoke2.1,spoke2.1:success:['success'],success,['success']
64840,spoke2.1,spoke2.1:failure:['failure'],failure,['failure']
77761,spoke2.1,spoke2.1:partial:['partial'],partial,['partial']
45052,spoke2.1,spoke2.1:correct:['hint:The plant Eggplant was not the water 20oz:APPLY_NOT'],correct,['hint:The plant Eggplant was not the water 20oz:APPLY_NOT']
73015,spoke2.1,"spoke2.1:correct:['hint:The plant Eggplant is 2 waters before the plant Green Onions:OPENING', 'hint:The plant Eggplant was not the water 20oz:APPLY_NOT']",correct,"['hint:The plant Eggplant is 2 waters before the plant Green Onions:OPENING', 'hint:The plant Eggplant was not the water 20oz:APPLY_NOT']"
40273,spoke2.1,"spoke2.1:correct:['hint:The plant Eggplant is 2 waters before the plant Green Onions:APPLY_BEFORE_N_SPOTS', 'hint:The plant Eggplant was not the water 20oz:APPLY_NOT']",correct,"['hint:The plant Eggplant is 2 waters before the plant Green Onions:APPLY_BEFORE_N_SPOTS', 'hint:The plant Eggplant was not the water 20oz:APPLY_NOT']"
19242,spoke2.1,"spoke2.1:correct:['hint:Either the water 60oz is the plant Potatoes or the water 80oz is the plant Broccoli:APPLY_OR', 'hint:The plant Eggplant is 2 waters before the plant Green Onions:APPLY_BEFORE_N_SPOTS', 'hint:The plant Eggplant was not the water 20oz:APPLY_NOT']",correct,"['hint:Either the water 60oz is the plant Potatoes or the water 80oz is the plant Broccoli:APPLY_OR', 'hint:The plant Eggplant is 2 waters before the plant Green Onions:APPLY_BEFORE_N_SPOTS', 'hint:The plant Eggplant was not the water 20oz:APPLY_NOT']"
64234,spoke2.1,"spoke2.1:correct:['hint:Either the water 60oz is the plant Potatoes or the water 80oz is the plant Broccoli:APPLY_OR', 'hint:The plant Eggplant is 2 waters before the plant Green Onions:APPLY_BEFORE_N_SPOTS', 'hint:The plant Eggplant was not the water 20oz:APPLY_NOT', 'transitives::OPENING']",correct,"['hint:Either the water 60oz is the plant Potatoes or the water 80oz is the plant Broccoli:APPLY_OR', 'hint:The plant Eggplant is 2 waters before the plant Green Onions:APPLY_BEFORE_N_SPOTS', 'hint:The plant Eggplant was not the water 20oz:APPLY_NOT', 'transitives::OPENING']"
25044,spoke2.2,spoke2.2:start:['start'],start,['start']
55821,spoke2.2,spoke2.2:success:['success'],success,['success']
66378,spoke2.2,spoke2.2:failure:['failure'],failure,['failure']
42112,spoke2.2,spoke2.2:partial:['partial'],partial,['partial']
47219,spoke2.2,spoke2.2:correct:['unknown::None'],correct,['unknown::None']
73879,spoke2.2,spoke2.2:correct:['hint:Either the plant Green Onions is the water 40oz or the plant Potatoes is the water 20oz:APPLY_OR'],correct,['hint:Either the plant Green Onions is the water 40oz or the plant Potatoes is the water 20oz:APPLY_OR']
49622,spoke2.2,"spoke2.2:correct:['hint:Either the plant Green Onions is the water 40oz or the plant Potatoes is the water 20oz:APPLY_OR', 'hint:Either the plant Potatoes is the water 20oz or the plant Broccoli is the water 40oz:APPLY_OR']",correct,"['hint:Either the plant Green Onions is the water 40oz or the plant Potatoes is the water 20oz:APPLY_OR', 'hint:Either the plant Potatoes is the water 20oz or the plant Broccoli is the water 40oz:APPLY_OR']"
28194,spoke2.2,"spoke2.2:correct:['cross outs::OPENING', 'hint:Either the plant Green Onions is the water 40oz or the plant Potatoes is the water 20oz:APPLY_OR', 'hint:Either the plant Potatoes is the water 20oz or the plant Broccoli is the water 40oz:APPLY_OR']",correct,"['cross outs::OPENING', 'hint:Either the plant Green Onions is the water 40oz or the plant Potatoes is the water 20oz:APPLY_OR', 'hint:Either the plant Potatoes is the water 20oz or the plant Broccoli is the water 40oz:APPLY_OR']"
49737,spoke2.2,"spoke2.2:correct:['hint:Either the plant Green Onions is the water 40oz or the plant Potatoes is the water 20oz:APPLY_OR', 'hint:Either the plant Potatoes is the water 20oz or the plant Broccoli is the water 40oz:APPLY_OR', 'hint:The plant Eggplant is 2 waters before the plant Broccoli:OPENING']",correct,"['hint:Either the plant Green Onions is the water 40oz or the plant Potatoes is the water 20oz:APPLY_OR', 'hint:Either the plant Potatoes is the water 20oz or the plant Broccoli is the water 40oz:APPLY_OR', 'hint:The plant Eggplant is 2 waters before the plant Broccoli:OPENING']"
54006,spoke2.2,"spoke2.2:correct:['hint:Either the plant Green Onions is the water 40oz or the plant Potatoes is the water 20oz:APPLY_OR', 'hint:Either the plant Potatoes is the water 20oz or the plant Broccoli is the water 40oz:APPLY_OR', 'transitives::OPENING']",correct,"['hint:Either the plant Green Onions is the water 40oz or the plant Potatoes is the water 20oz:APPLY_OR', 'hint:Either the plant Potatoes is the water 20oz or the plant Broccoli is the water 40oz:APPLY_OR', 'transitives::OPENING']"
83584,spoke2.3,spoke2.3:start:['start'],start,['start']
53006,spoke2.3,spoke2.3:success:['success'],success,['success']
79821,spoke2.3,spoke2.3:failure:['failure'],failure,['failure']
84175,spoke2.3,spoke2.3:partial:['partial'],partial,['partial']
53633,spoke2.3,spoke2.3:correct:['hint:The plant Broccoli is 2 waters before the plant Green Onions:BEFORE_N_SPOTS_NOINFO'],correct,['hint:The plant Broccoli is 2 waters before the plant Green Onions:BEFORE_N_SPOTS_NOINFO']
92449,spoke2.3,"spoke2.3:correct:['hint:Either the plant Broccoli is the water 80oz or the water 80oz is the plant Eggplant:APPLY_OR', 'hint:The plant Broccoli is 2 waters before the plant Green Onions:BEFORE_N_SPOTS_NOINFO']",correct,"['hint:Either the plant Broccoli is the water 80oz or the water 80oz is the plant Eggplant:APPLY_OR', 'hint:The plant Broccoli is 2 waters before the plant Green Onions:BEFORE_N_SPOTS_NOINFO']"
33330,spoke2.3,"spoke2.3:correct:['cross outs::CROSS_OUT', 'hint:Either the plant Broccoli is the water 80oz or the water 80oz is the plant Eggplant:APPLY_OR', 'hint:The plant Broccoli is 2 waters before the plant Green Onions:BEFORE_N_SPOTS_NOINFO']",correct,"['cross outs::CROSS_OUT', 'hint:Either the plant Broccoli is the water 80oz or the water 80oz is the plant Eggplant:APPLY_OR', 'hint:The plant Broccoli is 2 waters before the plant Green Onions:BEFORE_N_SPOTS_NOINFO']"
79423,spoke2.3,"spoke2.3:correct:['hint:Either the plant Broccoli is the water 80oz or the water 80oz is the plant Eggplant:APPLY_OR', 'hint:The plant Broccoli is 2 waters before the plant Green Onions:BEFORE_N_SPOTS_NOINFO', 'transitives::OPENING']",correct,"['hint:Either the plant Broccoli is the water 80oz or the water 80oz is the plant Eggplant:APPLY_OR', 'hint:The plant Broccoli is 2 waters before the plant Green Onions:BEFORE_N_SPOTS_NOINFO', 'transitives::OPENING']"
53935,spoke2.3,"spoke2.3:correct:['hint:Either the plant Broccoli is the water 80oz or the water 80oz is the plant Eggplant:APPLY_OR', 'hint:Either the plant Potatoes or the plant Eggplant is the water 40oz:OPENING', 'hint:The plant Broccoli is 2 waters before the plant Green Onions:BEFORE_N_SPOTS_NOINFO']",correct,"['hint:Either the plant Broccoli is the water 80oz or the water 80oz is the plant Eggplant:APPLY_OR', 'hint:Either the plant Potatoes or the plant Eggplant is the water 40oz:OPENING', 'hint:The plant Broccoli is 2 waters before the plant Green Onions:BEFORE_N_SPOTS_NOINFO']"
45776,spoke2.3,"spoke2.3:correct:['cross outs::OPENING', 'hint:Either the plant Broccoli is the water 80oz or the water 80oz is the plant Eggplant:APPLY_OR', 'hint:The plant Broccoli is 2 waters before the plant Green Onions:BEFORE_N_SPOTS_NOINFO']",correct,"['cross outs::OPENING', 'hint:Either the plant Broccoli is the water 80oz or the water 80oz is the plant Eggplant:APPLY_OR', 'hint:The plant Broccoli is 2 waters before the plant Green Onions:BEFORE_N_SPOTS_NOINFO']"
